rollout/ep_rew_mean,time/time_elapsed,time/episodes,rollout/ep_len_mean,rollout/exploration_rate,time/fps,time/total_timesteps,train/learning_rate,train/loss,train/n_updates
-33.240435500000004,0,4,9.25,0.9993983333333334,211,76,,,
-35.33556887500001,0,8,13.625,0.99886,377,144,,,
-35.44415225000001,0,12,14.416666666666666,0.9985116666666667,471,188,,,
-34.802298750000006,0,16,12.75,0.9982899999999999,519,216,,,
-34.56889210000001,0,20,11.75,0.9976883333333332,653,292,,,
-34.671379916666666,0,24,13.25,0.9972766666666668,732,344,,,
-34.93908492857143,0,28,13.5,0.9969283333333332,793,388,,,
-34.90626075,0,32,13.0625,0.996485,864,444,,,
-34.91811427777778,0,36,13.777777777777779,0.9958516666666667,970,524,,,
-34.79509070731707,0,40,13.804878048780488,0.9953766666666667,1036,584,,,
-34.73620497727273,0,44,13.818181818181818,0.9950916666666667,1063,620,,,
-34.6220778125,0,48,13.541666666666666,0.9946166666666667,1112,680,,,
-34.63532094230769,0,52,13.75,0.9942683333333332,1145,724,,,
-34.80495507142857,0,56,13.732142857142858,0.9936033333333334,1209,808,,,
-34.72046461666666,0,60,13.85,0.9933816666666666,1226,836,,,
-34.785873453125,0,64,13.828125,0.9926533333333335,1288,928,,,
-34.782834264705876,0,68,13.764705882352942,0.99183,1347,1032,,,
-34.855628930555554,0,72,14.652777777777779,0.991545,1355,1068,,,
-34.85270392105263,0,76,14.486842105263158,0.9909433333333333,1386,1144,,,
-34.7768534875,0,80,14.3,0.9906266666666667,1396,1184,,,
-34.68947841666667,0,84,14.035714285714286,0.9901199999999999,1426,1248,,,
-35.04030370454546,0,88,14.284090909090908,0.9897716666666666,1447,1292,,,
-35.09231565217391,0,92,14.347826086956522,0.9893283333333333,1471,1348,,,
-35.040216237113405,0,96,14.329896907216495,0.9886633333333334,1502,1432,,,
-35.10333336000001,0,100,14.5,0.98841,1507,1464,,,
-35.107096240000004,0,104,14.6,0.9879666666666667,1520,1520,,,
-35.009477360000005,1,108,14.39,0.9875233333333333,1536,1576,,,
-34.97413741,1,112,14.19,0.98727,1541,1608,,,
-34.960359909999994,1,116,14.38,0.9866683333333333,1570,1684,,,
-34.95777474,1,120,14.81,0.9858766666666667,1598,1784,,,
-35.00938247,1,124,14.49,0.9854333333333334,1607,1840,,,
-34.8603829,1,128,14.22,0.9850850000000001,1614,1884,,,
-34.875013620000004,1,132,14.3,0.9846099999999999,1623,1944,,,
-35.34870942,1,136,14.65,0.9843249999999999,1628,1980,,,
-35.53760826,1,140,14.91,0.9837233333333333,1647,2056,,,
-35.5535039,1,144,15.03,0.9830266666666667,1663,2144,,,
-35.573910760000004,1,148,15.24,0.9825833333333334,1672,2200,,,
-35.50393416,1,152,15.01,0.9819816666666668,1683,2276,,,
-35.49203068,1,156,15.2,0.9818233333333335,1686,2296,,,
-35.4844047,1,160,14.85,0.9814116666666667,1695,2348,,,
-35.424646540000005,1,164,14.85,0.981,1702,2400,,,
-35.4592345,1,168,14.9,0.9805883333333333,1709,2452,,,
-35.51847099,1,172,14.24,0.9801133333333333,1719,2512,,,
-35.47862333,1,176,14.33,0.9798283333333333,1723,2548,,,
-35.45222856,1,180,14.21,0.9794166666666666,1729,2600,,,
-35.52159743,1,184,14.39,0.9788783333333334,1738,2668,,,
-35.16246456,1,188,14.29,0.9784666666666667,1745,2720,,,
-35.19597895,1,192,14.36,0.9777699999999999,1758,2808,,,
-35.15981862,1,196,14.69,0.9772316666666667,1767,2876,,,
-35.00583938,1,200,14.27,0.9769466666666667,1767,2912,,,
-34.95964611,1,204,14.53,0.9763766666666667,1775,2984,,,
-34.93187827,1,208,14.53,0.9759016666666668,1782,3044,,,
-35.03284975,1,212,14.73,0.9756483333333333,1783,3076,,,
-35.05489155,1,216,14.57,0.9753633333333334,1788,3112,,,
-35.02714313999999,1,220,14.12,0.9750466666666667,1794,3152,,,
-34.92941038,1,224,14.05,0.9746983333333334,1799,3196,,,
-34.9830891,1,228,14.14,0.9740966666666668,1811,3272,,,
-35.00068763,1,232,14.51,0.9735583333333333,1825,3340,,,
-34.571993049999996,1,236,13.95,0.9734,1825,3360,,,
-34.38036146,1,240,13.52,0.9728616666666666,1834,3428,,,
-34.35950407,1,244,13.35,0.9724499999999998,1839,3480,,,
-34.597410190000005,1,248,13.43,0.9720383333333334,1844,3532,,,
-34.63109007,1,252,13.47,0.9716583333333333,1848,3580,,,
-34.49740519,1,256,13.32,0.9712149999999999,1855,3636,,,
-34.48949926,1,260,13.36,0.9705816666666667,1866,3716,,,
-34.48301423,2,264,13.67,0.9702966666666667,1868,3752,,,
-34.614124450000006,2,268,13.8,0.9695999999999999,1879,3840,,,
-34.437193140000005,2,272,14.02,0.9689666666666666,1883,3920,,,
-34.6272615,2,276,14.16,0.9686816666666667,1882,3956,,,
-34.69073209,2,280,14.4,0.9679533333333333,1889,4048,,,
-34.80807497,2,284,14.54,0.9675416666666665,1893,4100,,,
-34.81306743,2,288,14.22,0.9671933333333333,1896,4144,,,
-34.68106215999999,2,292,13.99,0.9663383333333333,1910,4252,,,
-34.689592880000006,2,296,14.31,0.965895,1911,4308,,,
-34.74357768,2,300,14.69,0.9653250000000001,1918,4380,,,
-34.741424329999994,2,304,14.63,0.964945,1923,4428,,,
-34.59556133,2,308,14.38,0.9645016666666667,1927,4484,,,
-34.732259109999994,2,312,14.5,0.9640899999999999,1932,4536,,,
-34.75329659,2,316,14.64,0.9636466666666667,1934,4592,,,
-34.85637377999999,2,320,14.87,0.9633616666666666,1934,4628,,,
-34.95856303000001,2,324,15.09,0.96276,1937,4704,,,
-34.93830499,2,328,15.12,0.962475,1935,4740,,,
-34.85205045,2,332,14.61,0.9621899999999999,1937,4776,,,
-34.743624839999995,2,336,14.7,0.9615883333333333,1946,4852,,,
-34.80569968,2,340,14.93,0.9610816666666667,1952,4916,,,
-34.8305087,2,344,15.18,0.9604166666666666,1959,5000,,,
-34.65905318,2,348,15.09,0.9601633333333334,1958,5032,,,
-34.64447465,2,352,15.0,0.959625,1964,5100,,,
-34.83992038,2,356,15.1,0.9589916666666667,1962,5180,,,
-35.110635370000004,2,360,15.59,0.9586433333333335,1962,5224,,,
-35.11240123,2,364,15.25,0.9581366666666666,1964,5288,,,
-34.9734496,2,368,15.06,0.9577249999999999,1966,5340,,,
-35.210833220000005,2,372,15.05,0.9567116666666668,1976,5468,,,
-35.01128629,2,376,15.15,0.9560783333333333,1981,5548,,,
-35.09960676000001,2,380,15.19,0.9553816666666668,1988,5636,,,
-35.52977287,2,384,15.93,0.9548749999999999,1992,5700,,,
-35.689988340000006,2,388,16.26,0.9544950000000001,1995,5748,,,
-35.63106346000001,2,392,15.89,0.9541783333333332,1997,5788,,,
-35.684271730000006,2,396,15.41,0.9537033333333332,1998,5848,,,
-35.748781339999994,2,400,15.42,0.9532283333333333,2001,5908,,,
-35.79156858,2,404,15.21,0.9528166666666666,2001,5960,,,
-35.91307999,2,408,15.42,0.9524683333333334,2001,6004,,,
-35.84420357,3,412,15.29,0.9518033333333332,2004,6088,,,
-35.79936736,3,416,15.33,0.95117,2007,6168,,,
-35.92996669,3,420,15.79,0.9506316666666668,2010,6236,,,
-35.72354523,3,424,15.76,0.9501566666666665,2012,6296,,,
-35.76087022,3,428,15.79,0.9497450000000001,2014,6348,,,
-35.758836720000005,3,432,16.12,0.9491433333333334,2017,6424,,,
-35.80571103,3,436,16.12,0.9485416666666665,2020,6500,,,
-36.05424823,3,440,16.28,0.9482249999999999,2021,6540,,,
-36.14006877,3,444,16.01,0.9478133333333334,2023,6592,,,
-36.183259830000004,3,448,16.08,0.9469583333333333,2031,6700,,,
-36.11420519,3,452,16.58,0.946515,2032,6756,,,
-36.07105094,3,456,16.37,0.9462933333333332,2033,6784,,,
-35.81071344,3,460,16.0,0.9458816666666667,2034,6836,,,
-35.86252296,3,464,16.25,0.945375,2038,6900,,,
-35.79349809,3,468,16.08,0.9449,2042,6960,,,
-35.573789819999995,3,472,15.98,0.9445516666666668,2045,7004,,,
-35.60591635,3,476,15.89,0.9437283333333333,2051,7108,,,
-35.67704609,3,480,16.06,0.9434116666666666,2051,7148,,,
-35.1644337,3,484,15.18,0.943,2053,7200,,,
-34.99109851,3,488,14.93,0.9425566666666666,2055,7256,,,
-35.048763959999995,3,492,15.13,0.94224,2055,7296,,,
-35.19917346,3,496,15.55,0.9408149999999998,2070,7476,,,
-35.56238011000001,3,500,16.11,0.9401816666666666,2074,7556,,,
-35.76194633,3,504,16.57,0.9396116666666666,2078,7628,,,
-35.64492572,3,508,16.65,0.9392000000000001,2079,7680,,,
-35.68736382,3,512,16.87,0.9383450000000001,2084,7788,,,
-36.086845909999994,3,516,17.3,0.9378383333333332,2086,7852,,,
-35.90922715,3,520,16.85,0.9375216666666666,2087,7892,,,
-36.01446555,3,524,16.62,0.937015,2091,7956,,,
-35.98799167999999,3,528,16.8,0.9366033333333333,2092,8008,,,
-36.024580949999994,3,532,16.71,0.9360016666666666,2096,8084,,,
-35.97583424,3,536,16.6,0.9356533333333334,2096,8128,,,
-35.73155229,3,540,16.47,0.9351783333333334,2101,8188,,,
-35.71430926,3,544,16.66,0.93464,2105,8256,,,
-35.67431176,3,548,16.68,0.9340383333333334,2108,8332,,,
-35.68271998,3,552,16.21,0.9337533333333333,2107,8368,,,
-35.876364020000004,4,556,16.63,0.9329299999999999,2112,8472,,,
-35.82975471,4,560,16.91,0.9325500000000001,2113,8520,,,
-35.750772659999996,4,564,16.58,0.9322016666666666,2115,8564,,,
-35.74478044000001,4,568,16.7,0.9316633333333334,2117,8632,,,
-35.689347940000005,4,572,16.72,0.9313466666666668,2116,8672,,,
-35.673230399999994,4,576,16.4,0.9308716666666668,2115,8732,,,
-35.48103689,4,580,16.18,0.9304600000000001,2117,8784,,,
-35.438774370000004,4,584,16.26,0.9300483333333334,2117,8836,,,
-35.41657926,4,588,16.35,0.9294783333333333,2119,8908,,,
-35.47128806,4,592,16.58,0.9290983333333335,2119,8956,,,
-35.355657900000004,4,596,16.23,0.9286233333333332,2122,9016,,,
-35.01322122,4,600,15.53,0.9280216666666666,2124,9092,,,
-34.86497265,4,604,15.21,0.927705,2126,9132,,,
-34.901618619999994,4,608,14.9,0.9273250000000001,2128,9180,,,
-34.79334883999999,4,612,14.63,0.9270400000000001,2129,9216,,,
-34.507423980000006,4,616,14.12,0.9267550000000001,2130,9252,,,
-34.622152449999994,4,620,14.22,0.9259950000000001,2134,9348,,,
-35.21054947999999,4,624,14.62,0.9255516666666668,2137,9404,,,
-35.20801348,4,628,14.49,0.9251400000000001,2138,9456,,,
-35.178906919999996,4,632,14.33,0.9247599999999999,2140,9504,,,
-35.1762653,4,636,14.43,0.9244116666666666,2141,9548,,,
-35.05106844,4,640,14.03,0.9241266666666667,2141,9584,,,
-34.932082799999996,4,644,13.79,0.92381,2141,9624,,,
-34.86805417,4,648,13.5,0.923335,2142,9684,,,
-34.7754779,4,652,13.5,0.9227650000000001,2145,9756,,,
-34.65614669000001,4,656,13.46,0.9225433333333333,2145,9784,,,
-34.69421316,4,660,13.26,0.9219416666666665,2147,9860,,,
-34.70035786,4,664,13.46,0.9214983333333332,2148,9916,,,
-34.69987423,4,668,13.67,0.9209283333333335,2149,9988,,,
-34.71663966,4,672,13.56,0.92058,2146,10032,0.0003,2.6168901920318604,1
-34.842835570000005,4,676,13.67,0.9198833333333335,2139,10120,0.0003,1.9003269672393799,7
-35.116918850000005,4,680,13.89,0.9196933333333333,2136,10144,0.0003,0.4917409121990204,8
-35.166624569999996,4,684,13.8,0.9190916666666666,2130,10220,0.0003,2.5827481746673584,13
-35.34394506,4,688,13.81,0.9187116666666668,2126,10268,0.0003,2.3348562717437744,16
-35.215273780000004,4,692,13.73,0.9182683333333335,2122,10324,0.0003,3.0246715545654297,20
-35.22161209,4,696,13.6,0.9176666666666667,2118,10400,0.0003,2.335115909576416,24
-35.37101013,4,700,13.67,0.9170650000000001,2114,10476,0.0003,2.1060094833374023,29
-35.67264319,4,704,13.9,0.9165899999999999,2111,10536,0.0003,2.7863497734069824,33
-35.670781520000006,5,708,14.16,0.9161466666666666,2110,10592,0.0003,2.3330392837524414,36
-35.68912312,5,712,14.23,0.91564,2107,10656,0.0003,1.1712310314178467,40
-35.58908701,5,716,14.39,0.9152916666666667,2103,10700,0.0003,1.8751155138015747,43
-35.45957617,5,720,14.36,0.9148166666666666,2101,10760,0.0003,2.3392791748046875,47
-35.06673749,5,724,14.41,0.91374,2099,10896,0.0003,2.0908944606781006,55
-35.1099832,5,728,14.85,0.9133916666666667,2096,10940,0.0003,2.566128730773926,58
-35.11450328,5,732,14.72,0.9130750000000001,2092,10980,0.0003,1.8688658475875854,61
-35.13162154,5,736,14.77,0.9126000000000002,2089,11040,0.0003,1.87235689163208,64
-35.18933986,5,740,15.21,0.911935,2085,11124,0.0003,1.875663161277771,70
-35.751715729999994,5,744,15.38,0.9114283333333335,2083,11188,0.0003,1.411120057106018,74
-35.7990797,5,748,15.64,0.9107949999999999,2079,11268,0.0003,1.8744534254074097,79
-35.86117677,5,752,16.21,0.9100983333333335,2076,11356,0.0003,2.5642943382263184,84
-35.76018893999999,5,756,16.02,0.9098133333333334,2074,11392,0.0003,2.1039505004882812,86
-35.7229019,5,760,15.73,0.9094333333333333,2073,11440,0.0003,1.4043176174163818,89
-35.96314605,5,764,15.79,0.9088633333333332,2070,11512,0.0003,2.3319742679595947,94
-36.08013899,5,768,15.77,0.9083566666666667,2068,11576,0.0003,1.656996726989746,98
-36.32408848000001,5,772,15.81,0.9079133333333333,2067,11632,0.0003,1.6337215900421143,101
-36.29664037,5,776,16.05,0.9073116666666667,2065,11708,0.0003,1.6436972618103027,106
-36.011249389999996,5,780,15.95,0.9068366666666667,2064,11768,0.0003,2.5591437816619873,110
-36.100062290000004,5,784,16.11,0.9062983333333333,2062,11836,0.0003,1.6387865543365479,114
-35.935181299999996,5,788,16.05,0.905665,2060,11916,0.0003,2.558741807937622,119
-36.059063179999995,5,792,16.44,0.9048416666666667,2058,12020,0.0003,2.3501017093658447,126
-36.27987431,5,796,17.16,0.9043033333333335,2058,12088,0.0003,2.083148241043091,130
-36.192971529999994,5,800,17.05,0.9039233333333333,2056,12136,0.0003,1.6214430332183838,133
-35.81033934999999,5,804,16.62,0.9034166666666668,2053,12200,0.0003,1.8628722429275513,137
-35.72354479,5,808,16.67,0.90291,2051,12264,0.0003,1.8481773138046265,141
-35.69294295,5,812,16.56,0.9025933333333334,2051,12304,0.0003,2.071732759475708,143
-35.7822749,6,816,17.11,0.9013583333333334,2047,12460,0.0003,2.5258870124816895,153
-35.93438288,6,820,17.45,0.9005033333333333,2046,12568,0.0003,1.620571494102478,160
-35.799508880000005,6,824,17.76,0.9001233333333335,2045,12616,0.0003,2.061044454574585,163
-35.723940160000005,6,828,17.14,0.8995850000000001,2042,12684,0.0003,1.3814153671264648,167
-35.89654597,6,832,17.56,0.8992049999999999,2040,12732,0.0003,1.8291382789611816,170
-36.035287710000006,6,836,17.49,0.8989199999999999,2039,12768,0.0003,3.2055375576019287,172
-35.990095229999994,6,840,17.54,0.89797,2036,12888,0.0003,2.2909083366394043,180
-35.56930389,6,844,17.53,0.897495,2031,12948,0.0003,2.732365131378174,184
-35.4801103,6,848,17.35,0.8971149999999999,2029,12996,0.0003,2.7394227981567383,187
-35.60488642,6,852,16.99,0.8965449999999999,2028,13068,0.0003,1.1491224765777588,191
-35.8128027,6,856,17.52,0.89588,2025,13152,0.0003,0.9205094575881958,196
-35.832541840000005,6,860,17.66,0.8954683333333333,2022,13204,0.0003,2.511979341506958,200
-35.98719151,6,864,18.11,0.8944866666666668,2020,13328,0.0003,2.0512919425964355,207
-35.95472648,6,868,18.05,0.89398,2018,13392,0.0003,1.611196756362915,211
-35.93141107,6,872,18.61,0.8933466666666667,2014,13472,0.0003,3.1788415908813477,216
-35.94686981,6,876,18.26,0.8926499999999999,2011,13560,0.0003,1.6057682037353516,222
-36.11678211,6,880,18.48,0.8923966666666665,2009,13592,0.0003,1.1520880460739136,224
-35.94320221,6,884,18.35,0.8917316666666667,2007,13676,0.0003,1.8386671543121338,229
-35.87686069,6,888,18.59,0.8912883333333333,2006,13732,0.0003,2.285435199737549,233
-35.83596695,6,892,18.12,0.8909716666666667,2005,13772,0.0003,2.9611966609954834,235
-35.51853241,6,896,17.35,0.8902749999999999,2004,13860,0.0003,1.395320177078247,241
-35.486300459999995,6,900,17.56,0.8899583333333333,2001,13900,0.0003,2.968169689178467,243
-35.47975912,6,904,17.52,0.8896100000000001,1999,13944,0.0003,1.3955490589141846,246
-35.47833695,7,908,17.02,0.8891983333333333,1998,13996,0.0003,1.8348913192749023,249
-35.58260345,7,912,17.49,0.8881216666666668,1997,14132,0.0003,1.373564600944519,258
-35.59604693,7,916,17.52,0.8876466666666668,1996,14192,0.0003,1.372978925704956,261
-35.46504656,7,920,17.27,0.8872666666666666,1994,14240,0.0003,1.1408607959747314,264
-35.41531297,7,924,16.84,0.8868233333333334,1991,14296,0.0003,1.1569492816925049,268
-35.39909037,7,928,17.17,0.885905,1990,14412,0.0003,2.0316977500915527,275
-35.22915769,7,932,17.2,0.8853033333333334,1987,14488,0.0003,2.2506682872772217,280
-35.099138499999995,7,936,17.57,0.8847966666666666,1986,14552,0.0003,1.8027840852737427,284
-35.210271209999995,7,940,17.76,0.8840683333333332,1984,14644,0.0003,0.9129316210746765,290
-35.06278013,7,944,17.59,0.8832450000000001,1983,14748,0.0003,2.0375680923461914,296
-35.01313665,7,948,17.7,0.8824850000000001,1981,14844,0.0003,2.253368854522705,302
-34.84635049,7,952,18.1,0.8817250000000001,1980,14940,0.0003,1.3563854694366455,308
-34.536516060000004,7,956,18.35,0.8812816666666667,1979,14996,0.0003,1.790191411972046,312
-34.50867026,8,960,18.29,0.8806166666666666,1848,15080,0.0003,1.3539010286331177,317
-34.384521920000005,8,964,18.42,0.8799516666666668,1848,15164,0.0003,2.476975917816162,322
-34.14814429,8,968,18.41,0.8792233333333334,1849,15256,0.0003,2.2469143867492676,328
-33.94860097,8,972,18.11,0.878495,1850,15348,0.0003,3.1190743446350098,334
-33.86386219999999,8,976,18.65,0.8781466666666669,1850,15392,0.0003,2.4789626598358154,336
-33.65843789,8,980,18.31,0.8778299999999999,1849,15432,0.0003,2.0249152183532715,339
-33.69673405,8,984,18.35,0.8775133333333333,1849,15472,0.0003,2.256455183029175,341
-33.74291521000001,8,988,17.88,0.8769750000000001,1848,15540,0.0003,1.1345117092132568,346
-33.76173317,8,992,18.28,0.8760566666666666,1849,15656,0.0003,1.5816525220870972,353
-33.89317255,8,996,18.83,0.87555,1848,15720,0.0003,2.0213804244995117,357
-33.71829715,8,1000,18.82,0.8751066666666667,1848,15776,0.0003,1.145177960395813,360
-33.735245729999995,8,1004,19.01,0.8744099999999999,1848,15864,0.0003,3.5878469944000244,366
-33.91049321,8,1008,19.53,0.87384,1848,15936,0.0003,1.3648576736450195,370
-33.91978887,8,1012,19.25,0.8736499999999999,1847,15960,0.0003,2.4751574993133545,372
-33.88943274,8,1016,18.64,0.873175,1847,16020,0.0003,2.506816864013672,376
-33.867619729999994,8,1020,18.65,0.872605,1846,16092,0.0003,1.7972170114517212,380
-33.82240157,8,1024,18.32,0.8723516666666669,1845,16124,0.0003,2.2455668449401855,382
-33.90217585,8,1028,18.18,0.8717816666666668,1845,16196,0.0003,1.354141116142273,387
-33.92773474999999,8,1032,18.09,0.8713700000000001,1845,16248,0.0003,1.351299524307251,390
-34.101461179999994,8,1036,17.8,0.8707683333333334,1845,16324,0.0003,0.9035141468048096,395
-33.99129545999999,8,1040,17.6,0.8701983333333334,1846,16396,0.0003,1.796384572982788,399
-34.0786642,8,1044,17.85,0.86947,1846,16488,0.0003,1.3416463136672974,405
-34.193159890000004,8,1048,17.76,0.8691216666666668,1845,16532,0.0003,2.0130455493927,408
-34.16046589,8,1052,17.15,0.8686149999999999,1845,16596,0.0003,2.014620065689087,412
-34.21904159999999,9,1056,16.35,0.8683299999999999,1844,16632,0.0003,1.560589075088501,414
-34.1750926,9,1060,16.64,0.86757,1844,16728,0.0003,1.7915843725204468,420
-34.2200933,9,1064,16.75,0.8665883333333334,1842,16852,0.0003,1.779848337173462,428
-34.27492268,9,1068,17.37,0.8657016666666668,1840,16964,0.0003,1.55080246925354,435
-34.29276927,9,1072,17.26,0.86491,1840,17064,0.0003,1.147437572479248,441
-34.22933692,9,1076,16.86,0.8646566666666667,1839,17096,0.0003,0.6914969682693481,443
-34.264616679999996,9,1080,17.27,0.8639916666666666,1838,17180,0.0003,1.564018726348877,448
-34.25924333,9,1084,17.7,0.8632949999999999,1838,17268,0.0003,1.9885185956954956,454
-34.11866682,9,1088,18.07,0.8626616666666667,1837,17348,0.0003,1.7707003355026245,459
-34.10444621999999,9,1092,17.7,0.8621866666666667,1837,17408,0.0003,1.1224397420883179,462
-34.032359320000005,9,1096,17.56,0.8616166666666667,1837,17480,0.0003,2.0037155151367188,467
-34.08307081,9,1100,17.32,0.8613,1837,17520,0.0003,3.108210563659668,469
-34.05789809,9,1104,17.63,0.8604766666666666,1837,17624,0.0003,2.6595890522003174,476
-33.887298279999996,9,1108,17.4,0.8597800000000001,1836,17712,0.0003,1.7867615222930908,481
-33.90537567999999,9,1112,18.0,0.8593366666666667,1835,17768,0.0003,1.1180263757705688,485
-33.91069909,9,1116,17.81,0.8584183333333334,1834,17884,0.0003,1.7789334058761597,492
-33.83876981,9,1120,18.19,0.8576583333333334,1835,17980,0.0003,1.7768946886062622,498
-34.133314219999995,9,1124,19.51,0.8565183333333334,1836,18124,0.0003,1.9841419458389282,507
-34.158487959999995,9,1128,19.7,0.856075,1836,18180,0.0003,1.3348952531814575,511
-34.08273216,9,1132,19.63,0.8556633333333333,1836,18232,0.0003,1.5569283962249756,514
-33.83850473,9,1136,19.79,0.8549666666666665,1837,18320,0.0003,2.9802889823913574,519
-33.94709599000001,10,1140,19.71,0.85446,1837,18384,0.0003,1.3370305299758911,523
-33.96769843,10,1144,19.85,0.8538583333333334,1836,18460,0.0003,1.3373212814331055,528
-34.05342955,10,1148,19.77,0.8534783333333332,1835,18508,0.0003,1.957918643951416,531
-34.08916987,10,1152,19.67,0.8531299999999999,1834,18552,0.0003,2.421020984649658,534
-34.08106963,10,1156,19.8,0.8525916666666666,1834,18620,0.0003,1.7791277170181274,538
-34.09762055,10,1160,19.71,0.8522749999999999,1832,18660,0.0003,2.641847848892212,541
-34.03574681,10,1164,19.34,0.851515,1832,18756,0.0003,2.396446943283081,547
-34.02510891,10,1168,18.78,0.8509133333333333,1832,18832,0.0003,1.9739567041397095,551
-33.9837647,10,1172,19.05,0.8498050000000001,1831,18972,0.0003,1.530088186264038,560
-34.06703284,10,1176,19.53,0.8493933333333334,1829,19024,0.0003,1.7468757629394531,563
-34.06688177,10,1180,19.19,0.8490766666666667,1828,19064,0.0003,1.7920700311660767,566
-34.07615373000001,10,1184,18.93,0.8481900000000001,1827,19176,0.0003,1.980712890625,573
-34.11786635,10,1188,18.99,0.84762,1827,19248,0.0003,1.7756545543670654,577
-34.13219529,10,1192,19.19,0.8470183333333334,1826,19324,0.0003,2.4297361373901367,582
-34.14969567,10,1196,19.18,0.8465116666666668,1826,19388,0.0003,2.872384548187256,586
-34.22722972,10,1200,19.7,0.8455616666666667,1825,19508,0.0003,1.5634113550186157,594
-34.26608875,10,1204,19.74,0.8448333333333333,1824,19600,0.0003,1.5481257438659668,599
-34.423962319999994,10,1208,19.99,0.8441683333333334,1823,19684,0.0003,1.7996582984924316,605
-34.33981455999999,10,1212,19.68,0.8435350000000001,1823,19764,0.0003,2.200955867767334,610
-34.426846489999996,10,1216,20.36,0.84249,1822,19896,0.0003,0.880711019039154,618
-34.50321716,10,1220,20.33,0.8421100000000001,1821,19944,0.0003,1.9969818592071533,621
-34.273425350000004,10,1224,19.06,0.8416350000000001,1821,20004,0.0003,2.2291712760925293,625
-34.145551790000006,11,1228,19.06,0.8408750000000002,1821,20100,0.0003,1.2993061542510986,631
-34.348431489999996,11,1232,19.6,0.8402416666666667,1821,20180,0.0003,2.4121198654174805,636
-34.35261933,11,1236,19.43,0.83945,1820,20280,0.0003,1.9901466369628906,642
-34.31124217,11,1240,19.77,0.8389116666666666,1819,20348,0.0003,2.0105488300323486,646
-34.20272994999999,11,1244,19.61,0.8383099999999999,1818,20424,0.0003,1.565273404121399,651
-34.243998569999995,11,1248,19.76,0.8376133333333334,1818,20512,0.0003,1.1312240362167358,656
-34.26315153,11,1252,20.5,0.8369483333333333,1818,20596,0.0003,1.7315222024917603,662
-34.33752319999999,11,1256,20.53,0.83603,1818,20712,0.0003,2.3931808471679688,669
-34.434100869999995,11,1260,21.0,0.8356183333333334,1817,20764,0.0003,1.0804064273834229,672
-34.457334370000005,11,1264,20.76,0.8353016666666667,1816,20804,0.0003,1.316832184791565,675
-34.36432866,11,1268,20.44,0.8344466666666666,1812,20912,0.0003,0.8762803077697754,681
-34.35722499,11,1272,19.99,0.8338766666666666,1811,20984,0.0003,1.5603238344192505,686
-34.27248033,11,1276,20.02,0.83356,1809,21024,0.0003,1.0942281484603882,688
-34.27083042,11,1280,20.13,0.8326100000000001,1806,21144,0.0003,1.5377283096313477,696
-34.21981551,11,1284,20.4,0.8322616666666668,1803,21188,0.0003,1.9602717161178589,699
-34.1956399,11,1288,19.85,0.8318816666666666,1802,21236,0.0003,2.626368761062622,702
-34.18898629,11,1292,19.68,0.8315333333333335,1802,21280,0.0003,2.6701085567474365,704
-34.22620037,11,1296,19.68,0.8309,1799,21360,0.0003,1.7864388227462769,709
-34.2180277,11,1300,19.3,0.8303300000000001,1795,21432,0.0003,1.74249267578125,714
-34.182007490000004,11,1304,18.96,0.8299816666666666,1791,21476,0.0003,1.555156946182251,717
-33.99784179,12,1308,18.61,0.8296333333333334,1788,21520,0.0003,2.3870980739593506,719
-33.99574059,12,1312,18.53,0.8288416666666665,1782,21620,0.0003,0.444064199924469,726
-33.85336798,12,1316,17.86,0.828525,1780,21660,0.0003,2.1675972938537598,728
-33.85701344,12,1320,17.76,0.8278916666666667,1776,21740,0.0003,1.100628137588501,733
-33.767307620000004,12,1324,17.93,0.8274166666666667,1772,21800,0.0003,2.404693603515625,737
-33.86065112,12,1328,17.8,0.8262133333333335,1767,21952,0.0003,1.9514080286026,746
-34.24202974,12,1332,18.45,0.8252950000000001,1759,22068,0.0003,1.995163917541504,754
-34.373686160000005,12,1336,18.98,0.8244400000000001,1760,22176,0.0003,2.6379234790802,760
-34.5036654,12,1340,19.14,0.8237116666666666,1759,22268,0.0003,1.2915438413619995,766
-34.28557807000001,12,1344,18.96,0.8225083333333334,1757,22420,0.0003,1.5331499576568604,776
-34.377259390000006,12,1348,19.89,0.8219066666666668,1757,22496,0.0003,1.5241024494171143,780
-34.3706815,12,1352,19.49,0.8213683333333333,1756,22564,0.0003,0.8773873448371887,785
-34.51564771,12,1356,19.38,0.8210516666666666,1755,22604,0.0003,1.5517877340316772,787
-34.409660839999994,12,1360,18.94,0.8201966666666666,1753,22712,0.0003,1.0857208967208862,794
-34.44317945,13,1364,19.8,0.8187083333333333,1754,22900,0.0003,1.977966070175171,806
-34.62715146000001,13,1368,20.85,0.8182016666666667,1754,22964,0.0003,2.337953567504883,810
-34.56304663,13,1372,21.57,0.8171566666666668,1754,23096,0.0003,3.2354400157928467,818
-34.643633810000004,13,1376,20.89,0.8167133333333334,1753,23152,0.0003,2.388120651245117,821
-34.62380479,13,1380,21.35,0.8161116666666668,1753,23228,0.0003,2.4009532928466797,826
-34.57511068,13,1384,21.06,0.815415,1752,23316,0.0003,1.5251034498214722,832
-34.56056436,13,1388,21.02,0.8150350000000002,1751,23364,0.0003,2.3740456104278564,835
-34.66210016,13,1392,21.4,0.8144016666666666,1751,23444,0.0003,2.2303028106689453,840
-34.63633747000001,13,1396,21.42,0.814085,1751,23484,0.0003,1.5020647048950195,842
-34.51761110000001,13,1400,21.54,0.8131983333333332,1751,23596,0.0003,2.426881790161133,849
-34.49321851,13,1404,21.73,0.8127233333333334,1751,23656,0.0003,1.0678417682647705,853
-34.454903980000005,13,1408,21.73,0.8121216666666667,1750,23732,0.0003,2.87716007232666,858
-34.854757160000005,13,1412,21.99,0.8114883333333334,1750,23812,0.0003,2.1351380348205566,863
-34.84133464000001,13,1416,22.3,0.81114,1750,23856,0.0003,1.5246697664260864,865
-34.78945636,13,1420,21.8,0.8104433333333334,1749,23944,0.0003,1.1036301851272583,871
-34.81568411,13,1424,21.93,0.81,1749,24000,0.0003,3.034392833709717,874
-34.779227379999995,13,1428,22.07,0.8093666666666666,1749,24080,0.0003,1.7437059879302979,879
-34.36763671999999,13,1432,21.11,0.808575,1749,24180,0.0003,0.8545805811882019,886
-34.31104215,13,1436,21.16,0.8076883333333333,1750,24292,0.0003,1.707432746887207,893
-34.131673129999996,13,1440,21.02,0.8068016666666666,1751,24404,0.0003,1.5271141529083252,900
-34.13787702,13,1444,21.28,0.8061049999999998,1751,24492,0.0003,0.9173868894577026,905
-34.02354447,14,1448,20.9,0.80563,1752,24552,0.0003,1.3036143779754639,909
-34.11739596,14,1452,20.9,0.8050283333333333,1752,24628,0.0003,0.4613574147224426,914
-33.99670672,14,1456,21.11,0.8044583333333333,1752,24700,0.0003,2.412950038909912,918
-33.96738903,14,1460,21.08,0.8036350000000001,1750,24804,0.0003,1.7710051536560059,925
-33.95647895,14,1464,20.88,0.8031600000000001,1750,24864,0.0003,1.7524007558822632,928
-33.809947279999996,14,1468,19.78,0.8026849999999999,1750,24924,0.0003,0.6703274846076965,932
-34.00610673999999,14,1472,19.1,0.80221,1749,24984,0.0003,0.6396166682243347,936
-33.92557434,14,1476,19.5,0.8016083333333334,1748,25060,0.0003,1.0806305408477783,941
-33.94110253,14,1480,18.82,0.8008799999999999,1748,25152,0.0003,1.2806857824325562,946
-34.03519862,14,1484,18.82,0.8005316666666666,1748,25196,0.0003,1.3053897619247437,949
-34.00951465000001,14,1488,18.84,0.7999616666666667,1748,25268,0.0003,2.1864476203918457,954
-33.92761626,14,1492,18.99,0.799645,1748,25308,0.0003,2.406949758529663,956
-33.82219289,14,1496,18.89,0.798505,1748,25452,0.0003,2.403176784515381,965
-33.84095416,14,1500,18.92,0.7979983333333334,1747,25516,0.0003,2.825730323791504,969
-33.81938595,14,1504,18.64,0.7975866666666667,1748,25568,0.0003,2.5567569732666016,972
-33.70904635,14,1508,19.19,0.7972066666666665,1748,25616,0.0003,1.523811936378479,975
-33.33852458,14,1512,18.94,0.796415,1747,25716,0.0003,1.7129234075546265,982
-33.36290323,14,1516,18.89,0.7958133333333333,1747,25792,0.0003,1.3500044345855713,986
-33.410431089999996,14,1520,19.48,0.79518,1747,25872,0.0003,2.0042531490325928,991
-33.40357725,14,1524,19.49,0.7944516666666667,1747,25964,0.0003,0.886987566947937,997
-33.34426537,14,1528,19.45,0.7939133333333332,1747,26032,0.0003,1.5394847393035889,1001
-33.259015500000004,14,1532,19.83,0.7924883333333335,1747,26212,0.0003,2.3593928813934326,1013
-33.72105389,15,1536,19.51,0.792235,1747,26244,0.0003,1.2934041023254395,1015
-33.703369249999994,15,1540,19.46,0.791665,1747,26316,0.0003,2.1860804557800293,1019
-33.758775140000004,15,1544,19.28,0.7908416666666668,1748,26420,0.0003,2.159067153930664,1026
-33.732329019999995,15,1548,19.49,0.7899233333333335,1747,26536,0.0003,1.7229479551315308,1033
-33.44833883,15,1552,20.07,0.7886250000000001,1748,26700,0.0003,2.8211212158203125,1043
-33.64387509,15,1556,20.63,0.7878966666666667,1747,26792,0.0003,1.5115387439727783,1049
-33.71892295,15,1560,20.72,0.7875166666666666,1747,26840,0.0003,0.8885860443115234,1052
-33.681904489999994,15,1564,20.17,0.7872,1746,26880,0.0003,1.1029844284057617,1054
-33.657207879999994,15,1568,19.92,0.7869783333333334,1746,26908,0.0003,1.5272382497787476,1056
-33.52195441999999,15,1572,19.69,0.7864083333333334,1746,26980,0.0003,0.6773617267608643,1061
-33.53262845,15,1576,19.3,0.78587,1745,27048,0.0003,2.409811496734619,1065
-33.53382205,15,1580,20.02,0.7853633333333334,1745,27112,0.0003,2.581726312637329,1069
-33.52596013,15,1584,20.02,0.7849200000000001,1745,27168,0.0003,1.2853435277938843,1072
-33.482275539999996,15,1588,20.03,0.78397,1745,27288,0.0003,0.8984767198562622,1080
-33.49700453,15,1592,20.07,0.7833683333333332,1744,27364,0.0003,1.9352507591247559,1085
-33.465876370000004,15,1596,20.12,0.78302,1744,27408,0.0003,2.3839938640594482,1087
-33.46523603,15,1600,19.76,0.78245,1744,27480,0.0003,1.5255212783813477,1092
-33.44669337,15,1604,20.09,0.7820066666666666,1744,27536,0.0003,1.3237593173980713,1095
-33.601340130000004,15,1608,19.74,0.7812783333333333,1744,27628,0.0003,1.9601290225982666,1101
-33.63901956,15,1612,19.61,0.7808666666666666,1745,27680,0.0003,1.0831533670425415,1104
-33.68339426000001,15,1616,20.19,0.7802649999999999,1745,27756,0.0003,2.6209518909454346,1109
-33.662016449999996,15,1620,20.15,0.7792516666666668,1744,27884,0.0003,1.1217572689056396,1117
-33.72017358,16,1624,20.14,0.7785866666666666,1745,27968,0.0003,2.296027660369873,1122
-33.78235528999999,16,1628,20.12,0.7778899999999999,1744,28056,0.0003,1.7619398832321167,1128
-33.739054689999996,16,1632,19.95,0.7770350000000001,1744,28164,0.0003,1.985058307647705,1135
-33.20011373,16,1636,20.19,0.7765283333333333,1744,28228,0.0003,2.113036632537842,1139
-33.23667741,16,1640,19.75,0.7759583333333333,1744,28300,0.0003,1.3257336616516113,1143
-33.27665804,16,1644,19.72,0.775515,1743,28356,0.0003,1.6877400875091553,1147
-33.33863349999999,16,1648,19.34,0.77485,1743,28440,0.0003,0.6698683500289917,1152
-33.45892887,16,1652,18.62,0.7741533333333332,1743,28528,0.0003,2.3833558559417725,1157
-33.21583653,16,1656,18.16,0.7736783333333334,1742,28588,0.0003,1.2432429790496826,1161
-33.19345195,16,1660,18.17,0.7731083333333333,1742,28660,0.0003,1.5422487258911133,1166
-33.159120290000004,16,1664,18.84,0.771905,1742,28812,0.0003,2.333272695541382,1175
-33.113311380000006,16,1668,19.86,0.771145,1742,28908,0.0003,1.6984517574310303,1181
-33.16996831,16,1672,20.22,0.7705433333333334,1742,28984,0.0003,0.8529999852180481,1186
-33.15424811,16,1676,20.39,0.7701,1742,29040,0.0003,1.314800500869751,1189
-33.11202098,16,1680,20.03,0.7694033333333332,1741,29128,0.0003,2.5433733463287354,1195
-33.11532283,16,1684,20.42,0.7683899999999999,1741,29256,0.0003,2.2602245807647705,1203
-33.07015209,16,1688,20.46,0.7677566666666666,1741,29336,0.0003,1.229351282119751,1208
-33.064377240000006,16,1692,20.73,0.7672500000000001,1741,29400,0.0003,0.8576157093048096,1212
-32.97346068,16,1696,20.81,0.7662050000000001,1741,29532,0.0003,1.9582022428512573,1220
-32.90457974,17,1700,21.24,0.7654766666666667,1741,29624,0.0003,2.382880210876465,1226
-32.83348565,17,1704,21.63,0.7646216666666666,1741,29732,0.0003,1.3101917505264282,1233
-32.824493849999996,17,1708,22.01,0.7638933333333333,1741,29824,0.0003,1.7612031698226929,1238
-32.69861137,17,1712,22.17,0.7633233333333332,1741,29896,0.0003,2.8203461170196533,1243
-32.764435129999995,17,1716,21.86,0.7628166666666667,1740,29960,0.0003,1.3229501247406006,1247
-32.75599978,18,1720,21.61,0.7617716666666667,1637,30092,0.0003,2.6309659481048584,1255
-32.6377954,18,1724,22.49,0.7608533333333334,1638,30208,0.0003,2.407545566558838,1262
-32.60847681,18,1728,22.47,0.760125,1639,30300,0.0003,1.313720703125,1268
-32.60398506999999,18,1732,21.91,0.7598083333333334,1638,30340,0.0003,1.548785924911499,1271
-32.58412779,18,1736,21.77,0.7590483333333332,1638,30436,0.0003,0.6672601699829102,1277
-32.451337360000004,18,1740,22.4,0.7578133333333332,1638,30592,0.0003,1.5420074462890625,1286
-32.353373749999996,18,1744,22.87,0.7571166666666665,1638,30680,0.0003,1.9604802131652832,1292
-32.25047964,18,1748,23.0,0.7567683333333333,1637,30724,0.0003,0.44403719902038574,1295
-32.25654718,18,1752,22.64,0.7564200000000001,1637,30768,0.0003,1.5184091329574585,1297
-32.25788709,18,1756,22.25,0.7559450000000001,1637,30828,0.0003,1.3328430652618408,1301
-32.23102047,18,1760,22.38,0.7551533333333332,1636,30928,0.0003,1.3094879388809204,1307
-32.353765589999995,18,1764,22.89,0.7540133333333334,1636,31072,0.0003,1.7726207971572876,1316
-32.39446287,19,1768,22.09,0.75376,1636,31104,0.0003,2.140106678009033,1318
-32.40783714,19,1772,21.96,0.7531583333333334,1635,31180,0.0003,1.4771238565444946,1323
-32.38036126,19,1776,21.77,0.752715,1635,31236,0.0003,1.3003307580947876,1327
-32.8201285,19,1780,21.98,0.7518916666666666,1634,31340,0.0003,1.0875391960144043,1333
-32.81511349,19,1784,21.87,0.7512583333333334,1634,31420,0.0003,1.5007731914520264,1338
-32.855152270000005,19,1788,22.14,0.7502133333333334,1633,31552,0.0003,2.807985305786133,1346
-32.88784363,19,1792,22.14,0.7498650000000001,1632,31596,0.0003,0.8532071113586426,1349
-33.03568755,19,1796,21.81,0.749295,1632,31668,0.0003,2.5622308254241943,1354
-33.030574949999995,19,1800,21.89,0.7484083333333333,1632,31780,0.0003,1.7423124313354492,1361
-33.119502499999996,19,1804,21.37,0.7480283333333333,1631,31828,0.0003,1.3063321113586426,1364
-33.091691020000006,19,1808,20.84,0.7472683333333333,1631,31924,0.0003,2.608875036239624,1370
-33.15608691,19,1812,20.69,0.7468566666666668,1631,31976,0.0003,2.5276520252227783,1373
-32.94377427,19,1816,20.64,0.7465716666666666,1630,32012,0.0003,1.0935375690460205,1375
-32.96338063,19,1820,21.32,0.7448616666666668,1630,32228,0.0003,1.7340553998947144,1389
-32.83602179,19,1824,20.79,0.7445133333333335,1630,32272,0.0003,1.5170401334762573,1391
-32.75272672999999,19,1828,20.73,0.7435949999999999,1629,32388,0.0003,2.119117259979248,1399
-32.728294690000006,19,1832,21.33,0.7432150000000001,1628,32436,0.0003,1.2831451892852783,1402
-32.72787705,19,1836,20.84,0.7425499999999999,1628,32520,0.0003,0.8937034606933594,1407
-32.86378266,20,1840,20.19,0.7419483333333332,1628,32596,0.0003,2.340690851211548,1412
-32.85688629999999,20,1844,19.88,0.7416950000000001,1627,32628,0.0003,0.6669821739196777,1414
-32.96080668,20,1848,19.36,0.7412200000000002,1627,32688,0.0003,1.3215678930282593,1417
-32.96405597,20,1852,19.77,0.740745,1626,32748,0.0003,1.7263755798339844,1421
-32.94071873,20,1856,19.73,0.7400166666666665,1625,32840,0.0003,1.7430599927902222,1427
-32.9029043,20,1860,20.21,0.7390350000000001,1625,32964,0.0003,1.0884041786193848,1435
-32.78287209,20,1864,19.75,0.73837,1624,33048,0.0003,1.3443089723587036,1440
-32.76377308,20,1868,19.95,0.7377366666666667,1624,33128,0.0003,1.5336631536483765,1445
-32.766173880000004,20,1872,20.1,0.737325,1623,33180,0.0003,0.8172829151153564,1448
-33.06553451,20,1876,20.83,0.7364700000000002,1623,33288,0.0003,1.7210179567337036,1455
-32.633833349999996,20,1880,20.28,0.7356466666666668,1623,33392,0.0003,1.2972230911254883,1461
-32.57912416,20,1884,20.26,0.7350133333333335,1622,33472,0.0003,1.9197335243225098,1466
-32.580357039999996,20,1888,19.59,0.7342216666666666,1621,33572,0.0003,1.883142352104187,1473
-32.401080969999995,20,1892,20.77,0.7331449999999999,1621,33708,0.0003,1.3277405500411987,1481
-32.392721970000004,20,1896,21.01,0.7327966666666668,1621,33752,0.0003,1.113816499710083,1484
-32.51068129,20,1900,20.59,0.7322899999999999,1620,33816,0.0003,0.6610752940177917,1488
-32.839610650000004,20,1904,20.86,0.7314350000000001,1620,33924,0.0003,0.873749852180481,1495
-32.84617559,20,1908,21.03,0.7308333333333334,1619,34000,0.0003,1.9542138576507568,1499
-32.81784536,21,1912,20.88,0.7304216666666667,1619,34052,0.0003,1.5230648517608643,1503
-32.85598589,21,1916,21.5,0.7293449999999999,1618,34188,0.0003,1.0861700773239136,1511
-32.830636680000005,21,1920,21.2,0.7286483333333333,1618,34276,0.0003,1.7575099468231201,1517
-33.00707418,21,1924,20.68,0.7279200000000001,1617,34368,0.0003,1.4755691289901733,1522
-33.028267029999995,21,1928,21.07,0.7268116666666669,1617,34508,0.0003,1.1122896671295166,1531
-33.00770404,21,1932,21.12,0.7265900000000001,1617,34536,0.0003,1.9388846158981323,1533
-32.97736317,21,1936,21.0,0.7260516666666665,1617,34604,0.0003,1.5401707887649536,1537
-32.90540863,21,1940,21.52,0.7249433333333334,1616,34744,0.0003,1.746039867401123,1546
-32.853645109999995,21,1944,21.71,0.7242466666666667,1616,34832,0.0003,2.631152629852295,1551
-33.22929506,21,1948,22.77,0.7231066666666668,1616,34976,0.0003,1.1091995239257812,1560
-33.251132670000004,21,1952,22.74,0.7227583333333333,1616,35020,0.0003,1.7110154628753662,1563
-33.24902683,21,1956,22.68,0.7221250000000001,1616,35100,0.0003,0.8615023493766785,1568
-33.338195209999995,21,1960,22.49,0.72146,1616,35184,0.0003,1.528055191040039,1573
-33.41135279,21,1964,21.94,0.7207950000000001,1615,35268,0.0003,3.174783706665039,1579
-33.39573639,21,1968,21.59,0.7201616666666668,1615,35348,0.0003,1.2614054679870605,1584
-33.35598174,21,1972,22.24,0.71937,1615,35448,0.0003,1.5086114406585693,1590
-32.89672725,22,1976,22.43,0.7182616666666668,1615,35588,0.0003,1.0981950759887695,1599
-32.886522289999995,22,1980,23.12,0.7174383333333332,1615,35692,0.0003,1.6564427614212036,1605
-32.90934514,22,1984,23.22,0.7168366666666666,1615,35768,0.0003,1.0813026428222656,1610
-32.93975596,22,1988,23.49,0.7157283333333334,1614,35908,0.0003,1.9110995531082153,1619
-32.932381809999995,22,1992,23.46,0.7145883333333334,1615,36052,0.0003,1.5080405473709106,1628
-33.095134,22,1996,23.71,0.7138283333333333,1615,36148,0.0003,1.8675802946090698,1634
-33.084857770000006,22,2000,24.37,0.7131,1615,36240,0.0003,1.9058619737625122,1639
-32.76251988,22,2004,24.05,0.7124033333333335,1614,36328,0.0003,1.1082139015197754,1645
-32.848252220000006,22,2008,24.04,0.7118016666666667,1614,36404,0.0003,1.0960084199905396,1650
-32.80498636000001,22,2012,24.22,0.7109466666666668,1614,36512,0.0003,1.534223198890686,1656
-32.607354349999994,22,2016,24.09,0.7103766666666668,1613,36584,0.0003,1.340585470199585,1661
-32.713777660000005,22,2020,23.77,0.7095533333333333,1614,36688,0.0003,2.7305564880371094,1667
-32.711209880000006,22,2024,23.94,0.7090783333333333,1613,36748,0.0003,1.6382298469543457,1671
-32.77960096,22,2028,23.58,0.7083816666666666,1613,36836,0.0003,1.1165989637374878,1677
-32.82163778,22,2032,23.14,0.707875,1613,36900,0.0003,2.5513932704925537,1681
-32.78679497,22,2036,23.48,0.7075266666666669,1612,36944,0.0003,1.9247982501983643,1683
-32.84283425,22,2040,22.88,0.7067666666666668,1612,37040,0.0003,1.3225146532058716,1689
-33.25920338,23,2044,22.87,0.7057850000000001,1612,37164,0.0003,2.1758675575256348,1697
-32.84515598,23,2048,22.59,0.7055,1612,37200,0.0003,1.251943826675415,1699
-32.83569255,23,2052,22.4,0.7051833333333334,1611,37240,0.0003,1.290605068206787,1702
-32.82894366,23,2056,22.63,0.7043916666666665,1611,37340,0.0003,2.4195868968963623,1708
-32.897667930000004,23,2060,22.46,0.7036950000000001,1610,37428,0.0003,1.0839959383010864,1714
-32.88000107,23,2064,23.42,0.7024283333333332,1610,37588,0.0003,1.760831594467163,1724
-32.90319639,23,2068,23.64,0.7014149999999999,1610,37716,0.0003,0.47767552733421326,1732
-32.771174460000005,23,2072,23.68,0.7009083333333334,1610,37780,0.0003,0.8665437698364258,1736
-32.91918105,23,2076,23.12,0.6998633333333333,1610,37912,0.0003,1.333195447921753,1744
-32.85112618000001,23,2080,23.04,0.6994199999999999,1610,37968,0.0003,1.494403600692749,1747
-32.77011516,23,2084,22.72,0.6986916666666667,1609,38060,0.0003,1.9458918571472168,1753
-32.728190749999996,23,2088,22.84,0.6983433333333334,1609,38104,0.0003,1.1277846097946167,1756
-33.002293959999996,23,2092,21.38,0.6978366666666669,1609,38168,0.0003,1.6827579736709595,1760
-32.85415715,23,2096,21.01,0.6969500000000002,1609,38280,0.0003,1.4409337043762207,1767
-32.71792042999999,23,2100,20.87,0.6966016666666667,1609,38324,0.0003,1.3134677410125732,1770
-32.72322351999999,23,2104,20.82,0.6959683333333334,1609,38404,0.0003,1.4859559535980225,1775
-32.48680502,23,2108,21.21,0.6951133333333334,1609,38512,0.0003,1.6680623292922974,1781
-32.53828456,24,2112,21.01,0.6941950000000001,1608,38628,0.0003,1.1164644956588745,1789
-32.651635410000004,24,2116,20.87,0.6935933333333334,1608,38704,0.0003,1.5183219909667969,1793
-32.54456452,24,2120,21.04,0.6927699999999999,1608,38808,0.0003,2.002675771713257,1800
-32.475738390000004,24,2124,21.4,0.6917883333333334,1608,38932,0.0003,1.2844738960266113,1808
-32.39876812999999,24,2128,21.81,0.691535,1608,38964,0.0003,2.114621162414551,1810
-32.4131003,24,2132,21.72,0.6908066666666667,1608,39056,0.0003,0.8751088976860046,1815
-32.51056103,24,2136,21.87,0.6897616666666666,1607,39188,0.0003,1.110019326210022,1824
-32.41294966,24,2140,22.64,0.6891916666666666,1607,39260,0.0003,1.0946228504180908,1828
-32.403575700000005,24,2144,22.41,0.6882099999999999,1607,39384,0.0003,1.520302414894104,1836
-32.32164725999999,24,2148,22.3,0.6877983333333334,1607,39436,0.0003,1.7203073501586914,1839
-32.16217356,24,2152,23.35,0.6861199999999998,1607,39648,0.0003,1.5541586875915527,1852
-32.177837710000006,24,2156,23.29,0.6852333333333331,1607,39760,0.0003,1.9177894592285156,1859
-31.828599700000005,24,2160,24.12,0.6842200000000002,1606,39888,0.0003,4.222390174865723,1867
-31.838920769999994,24,2164,23.35,0.6837766666666668,1606,39944,0.0003,1.256685495376587,1871
-31.880992850000002,24,2168,24.05,0.6825733333333333,1606,40096,0.0003,0.458960622549057,1880
-31.997304509999996,24,2172,23.6,0.6820350000000001,1606,40164,0.0003,0.6715413331985474,1885
-31.94876251,25,2176,23.66,0.6815600000000002,1606,40224,0.0003,0.8562474250793457,1888
-32.07405921,25,2180,23.06,0.6804516666666667,1606,40364,0.0003,1.0623962879180908,1897
-31.89687653,25,2184,24.08,0.6797233333333335,1606,40456,0.0003,1.5171650648117065,1903
-31.935420499999996,25,2188,23.91,0.678805,1606,40572,0.0003,1.2764463424682617,1910
-31.785656049999996,25,2192,24.21,0.6784566666666667,1605,40616,0.0003,1.0925239324569702,1913
-31.578487449999994,25,2196,24.96,0.6773166666666667,1605,40760,0.0003,0.8269550800323486,1922
-31.637594559999997,25,2200,24.8,0.6770316666666667,1605,40796,0.0003,1.0580642223358154,1924
-31.6448562,25,2204,24.7,0.6763666666666668,1604,40880,0.0003,2.629518508911133,1929
-31.670558149999998,25,2208,24.83,0.6752900000000002,1605,41016,0.0003,1.4856356382369995,1938
-31.859036590000002,25,2212,25.27,0.6747833333333333,1605,41080,0.0003,2.1881017684936523,1942
-31.84326663,25,2216,25.07,0.67377,1605,41208,0.0003,1.7481579780578613,1950
-31.94738465,25,2220,24.8,0.6731366666666667,1605,41288,0.0003,0.4557526111602783,1955
-32.05016103,25,2224,25.39,0.6719966666666669,1605,41432,0.0003,2.323117256164551,1964
-32.021046909999995,25,2228,25.05,0.6713000000000001,1605,41520,0.0003,2.988421678543091,1969
-31.968408330000003,25,2232,25.48,0.6705716666666668,1605,41612,0.0003,0.48905637860298157,1975
-31.936780050000007,25,2236,25.3,0.6699700000000002,1605,41688,0.0003,1.7507532835006714,1980
-31.990904509999996,26,2240,25.16,0.6690833333333335,1604,41800,0.0003,2.0702805519104004,1987
-31.621376059999992,26,2244,25.2,0.6686083333333335,1604,41860,0.0003,0.8637540340423584,1991
-31.625726649999997,26,2248,25.3,0.6676583333333334,1604,41980,0.0003,1.3509173393249512,1998
-31.553828290000006,26,2252,25.05,0.6670566666666666,1604,42056,0.0003,0.6603261232376099,2003
-31.757928819999997,26,2256,24.66,0.6661699999999999,1604,42168,0.0003,1.516997218132019,2010
-32.41592075,26,2260,24.04,0.6654416666666667,1604,42260,0.0003,1.9263155460357666,2016
-32.37675353,26,2264,24.28,0.6644283333333335,1604,42388,0.0003,1.1067336797714233,2024
-32.40444389,26,2268,24.37,0.6638266666666666,1604,42464,0.0003,1.160382866859436,2028
-32.41087412,26,2272,24.04,0.6631300000000002,1604,42552,0.0003,0.6544676423072815,2034
-32.46128239,26,2276,23.8,0.66275,1604,42600,0.0003,0.8559035062789917,2037
-32.5194343,26,2280,23.98,0.6616733333333333,1605,42736,0.0003,1.5561027526855469,2045
-32.575463729999996,26,2284,23.65,0.6611666666666667,1604,42800,0.0003,1.3120379447937012,2049
-32.42456486,26,2288,23.83,0.6599950000000001,1604,42948,0.0003,2.306427240371704,2059
-32.07174817999999,26,2292,24.76,0.6583483333333333,1603,43156,0.0003,0.5922083258628845,2072
-31.862156159999998,26,2296,24.84,0.6573666666666668,1603,43280,0.0003,0.642159104347229,2079
-31.68226975,27,2300,25.74,0.6561633333333334,1603,43432,0.0003,0.856408953666687,2089
-31.585530789999996,27,2304,25.98,0.6558150000000003,1603,43476,0.0003,1.7904802560806274,2092
-31.721120959999993,27,2308,25.09,0.6553716666666666,1603,43532,0.0003,1.6787376403808594,2095
-31.555426319999995,27,2312,25.17,0.6548966666666667,1603,43592,0.0003,0.6627927422523499,2099
-31.51235027,27,2316,25.98,0.6533133333333334,1603,43792,0.0003,1.056518793106079,2111
-31.37673074,27,2320,26.38,0.6527116666666666,1603,43868,0.0003,1.5158182382583618,2116
-31.281993260000004,27,2324,25.06,0.6523633333333333,1603,43912,0.0003,2.7744452953338623,2119
-31.28424591,27,2328,25.13,0.65097,1603,44088,0.0003,1.4903227090835571,2130
-31.14805035,27,2332,25.12,0.6507166666666667,1603,44120,0.0003,1.3009686470031738,2132
-31.02923299,27,2336,25.3,0.6500833333333333,1602,44200,0.0003,1.3042933940887451,2137
-31.06267982,27,2340,24.93,0.6495133333333334,1602,44272,0.0003,1.9552268981933594,2141
-31.112279670000007,27,2344,24.55,0.6487216666666669,1602,44372,0.0003,0.6668248772621155,2148
-31.60765389,27,2348,24.68,0.6479299999999999,1602,44472,0.0003,1.2861614227294922,2154
-31.692143940000005,27,2352,24.96,0.6464099999999999,1602,44664,0.0003,1.090255856513977,2166
-31.75463514,27,2356,26.29,0.6456816666666667,1602,44756,0.0003,0.6753638982772827,2172
-31.26576642,27,2360,25.9,0.6447316666666667,1602,44876,0.0003,1.1096928119659424,2179
-31.19959931,28,2364,26.3,0.6441933333333334,1602,44944,0.0003,1.1074365377426147,2183
-31.103034079999993,28,2368,25.97,0.6432116666666665,1571,45068,0.0003,1.0775960683822632,2191
-31.151590659999993,28,2372,25.87,0.6428316666666667,1571,45116,0.0003,1.0884830951690674,2194
-31.48120415,28,2376,26.59,0.6414066666666669,1572,45296,0.0003,1.2661821842193604,2205
-31.442256619999995,28,2380,26.66,0.6408366666666668,1572,45368,0.0003,1.6858869791030884,2210
-31.543004729999996,28,2384,26.56,0.6402666666666668,1572,45440,0.0003,0.8990281224250793,2214
-31.650476049999998,28,2388,26.48,0.6394750000000002,1572,45540,0.0003,1.2790472507476807,2221
-32.09557481,29,2392,25.45,0.6388100000000001,1572,45624,0.0003,2.539738178253174,2226
-32.49094467,29,2396,24.5,0.6383350000000001,1571,45684,0.0003,0.8849265575408936,2230
-32.60165523,29,2400,23.87,0.6375116666666667,1571,45788,0.0003,2.5558266639709473,2236
-32.793772649999994,29,2404,23.72,0.6371316666666668,1571,45836,0.0003,0.8682365417480469,2239
-32.81877318,29,2408,23.84,0.636625,1571,45900,0.0003,1.6603361368179321,2243
-32.795581,29,2412,23.88,0.6353900000000001,1571,46056,0.0003,1.5435054302215576,2253
-33.01820231,29,2416,23.64,0.6344083333333332,1570,46180,0.0003,0.8200125098228455,2261
-32.777433859999995,29,2420,24.09,0.6331416666666667,1570,46340,0.0003,1.996052622795105,2271
-32.47947538,29,2424,24.88,0.6325716666666668,1570,46412,0.0003,1.4799658060073853,2275
-32.53229902,29,2428,24.68,0.631685,1570,46524,0.0003,1.0421010255813599,2282
-32.52677455,29,2432,25.04,0.6309566666666667,1570,46616,0.0003,1.5199265480041504,2288
-32.61455338,29,2436,24.92,0.6305133333333334,1570,46672,0.0003,1.6701656579971313,2291
-32.605862810000005,29,2440,24.66,0.6297216666666667,1570,46772,0.0003,1.3352733850479126,2298
-32.60546944,29,2444,25.44,0.6288350000000001,1570,46884,0.0003,0.661957323551178,2305
-32.19690045,29,2448,24.93,0.6280750000000002,1570,46980,0.0003,0.6402392387390137,2311
-32.11889863,29,2452,25.05,0.6272516666666668,1570,47084,0.0003,1.0670603513717651,2317
-31.991689709999996,29,2456,23.77,0.6270933333333333,1570,47104,0.0003,1.482649803161621,2318
-31.958773970000003,30,2460,23.88,0.6262383333333332,1570,47212,0.0003,2.3557775020599365,2325
-32.03729335,30,2464,23.05,0.6255733333333334,1570,47296,0.0003,1.9313987493515015,2330
-31.934561230000003,30,2468,22.85,0.6250666666666669,1570,47360,0.0003,1.3463984727859497,2334
-31.859795390000002,30,2472,23.24,0.6234516666666668,1570,47564,0.0003,0.6621829271316528,2347
-31.15779257,30,2476,23.34,0.6228183333333333,1570,47644,0.0003,1.949044942855835,2352
-30.85869674,30,2480,23.81,0.62209,1570,47736,0.0003,1.4795506000518799,2358
-30.85062427999999,30,2484,23.86,0.6212033333333336,1569,47848,0.0003,1.4759572744369507,2365
-30.87719892,30,2488,23.81,0.6200633333333334,1569,47992,0.0003,1.898162603378296,2374
-30.63951458,30,2492,24.61,0.6188916666666667,1569,48140,0.0003,1.3365904092788696,2383
-30.35277802000001,30,2496,25.51,0.6183533333333333,1569,48208,0.0003,0.6542174220085144,2387
-30.46109371,30,2500,25.02,0.6178150000000001,1569,48276,0.0003,1.483730435371399,2392
-30.375901929999994,30,2504,24.7,0.6174033333333335,1569,48328,0.0003,0.9001531600952148,2395
-30.31448303,30,2508,24.88,0.6170549999999999,1569,48372,0.0003,1.4802956581115723,2398
-30.340351490000003,30,2512,24.32,0.6162949999999999,1568,48468,0.0003,1.083311915397644,2404
-30.326502599999998,31,2516,24.82,0.6147750000000001,1568,48660,0.0003,1.278652310371399,2416
-30.523556600000003,31,2520,24.61,0.6136983333333335,1568,48796,0.0003,1.7354947328567505,2424
-30.49203287,31,2524,25.0,0.6122733333333333,1568,48976,0.0003,1.2722928524017334,2435
-30.92797245,31,2528,25.57,0.6119566666666667,1568,49016,0.0003,1.0045721530914307,2438
-31.102087259999998,31,2532,25.66,0.6101516666666666,1568,49244,0.0003,1.2637935876846313,2452
-30.97001286,31,2536,26.11,0.6098666666666668,1568,49280,0.0003,1.2907819747924805,2454
-30.748104209999997,31,2540,27.08,0.60822,1569,49488,0.0003,1.254964828491211,2467
-30.740399590000003,31,2544,27.01,0.6075866666666667,1568,49568,0.0003,1.5499579906463623,2472
-30.705566689999998,31,2548,27.14,0.606795,1568,49668,0.0003,2.079169988632202,2479
-30.721797529999993,31,2552,27.03,0.605845,1568,49788,0.0003,1.3126277923583984,2486
-30.728655630000002,31,2556,27.04,0.6054649999999999,1568,49836,0.0003,1.9052631855010986,2489
-30.733087820000005,31,2560,27.12,0.6041033333333333,1568,50008,0.0003,1.365846872329712,2500
-30.49737921,31,2564,28.13,0.6034066666666669,1568,50096,0.0003,0.8958567380905151,2505
-30.625406429999998,31,2568,27.8,0.6029950000000002,1567,50148,0.0003,1.6450748443603516,2509
-30.638143879999998,32,2572,28.04,0.6019183333333332,1567,50284,0.0003,2.1424474716186523,2517
-30.891665720000002,32,2576,27.37,0.6016333333333335,1567,50320,0.0003,0.865454912185669,2519
-31.18144892,32,2580,26.57,0.6011899999999999,1567,50376,0.0003,1.3427363634109497,2523
-31.244923439999997,32,2584,25.92,0.6007149999999999,1567,50436,0.0003,0.8624327182769775,2527
-31.26603954,32,2588,25.72,0.6000816666666666,1566,50516,0.0003,1.1216940879821777,2532
-31.39103537,32,2592,25.11,0.5994166666666668,1566,50600,0.0003,1.6443783044815063,2537
-31.68757348,32,2596,24.4,0.5988466666666667,1566,50672,0.0003,1.7568920850753784,2541
-31.638882080000002,32,2600,25.0,0.5978016666666668,1566,50804,0.0003,1.0208314657211304,2550
-31.627527150000002,32,2604,25.57,0.5972633333333333,1566,50872,0.0003,0.6526288390159607,2554
-31.633818439999995,32,2608,25.5,0.5967883333333334,1566,50932,0.0003,1.4813053607940674,2558
-31.616068779999996,32,2612,25.61,0.5960916666666667,1566,51020,0.0003,0.6363379955291748,2563
-31.539336270000003,32,2616,24.31,0.5953316666666667,1566,51116,0.0003,1.5687453746795654,2569
-31.53731727,32,2620,24.06,0.5948250000000002,1565,51180,0.0003,2.3211727142333984,2573
-31.912315699999994,32,2624,23.27,0.5942866666666666,1565,51248,0.0003,1.708896517753601,2577
-31.49809403,32,2628,22.93,0.5934633333333332,1565,51352,0.0003,1.2436782121658325,2584
-31.491981430000006,32,2632,22.29,0.59321,1565,51384,0.0003,1.0845081806182861,2586
-31.63506608,32,2636,21.52,0.592355,1565,51492,0.0003,1.474029541015625,2593
-32.15811056999999,33,2640,20.83,0.59131,1563,51624,0.0003,1.5253713130950928,2601
-32.77987595,33,2644,20.81,0.5903600000000001,1562,51744,0.0003,1.0973119735717773,2608
-33.319575920000005,33,2648,21.67,0.5898216666666667,1562,51812,0.0003,1.103579044342041,2613
-33.29465577999999,33,2652,21.72,0.5888400000000001,1562,51936,0.0003,2.3199572563171387,2620
-33.24597696,33,2656,21.51,0.5885549999999999,1561,51972,0.0003,2.0323004722595215,2623
-33.20590253,33,2660,21.33,0.5873833333333335,1561,52120,0.0003,2.143646717071533,2632
-33.709332429999996,33,2664,20.82,0.5866866666666667,1561,52208,0.0003,0.8492797017097473,2637
-33.46911652,33,2668,21.49,0.58599,1561,52296,0.0003,0.8880162835121155,2643
-33.47703768,33,2672,20.97,0.5855466666666667,1561,52352,0.0003,3.3090500831604004,2646
-33.34863477,33,2676,21.67,0.5844066666666667,1561,52496,0.0003,1.0600205659866333,2655
-33.33144639,33,2680,21.64,0.58371,1561,52584,0.0003,1.5718401670455933,2661
-33.29177306,33,2684,21.8,0.5832350000000002,1561,52644,0.0003,1.2569947242736816,2665
-33.315113749999995,33,2688,22.02,0.58238,1561,52752,0.0003,1.9348348379135132,2671
-33.464861760000005,33,2692,23.03,0.5816833333333333,1561,52840,0.0003,1.49290931224823,2677
-33.48023707,33,2696,22.55,0.5807966666666666,1561,52952,0.0003,1.9715908765792847,2684
-33.57333148,34,2700,23.03,0.5792133333333335,1561,53152,0.0003,1.654952049255371,2696
-33.36157345,34,2704,23.27,0.57858,1561,53232,0.0003,1.259574055671692,2701
-33.340660740000004,34,2708,23.65,0.5777566666666667,1561,53336,0.0003,1.4890031814575195,2708
-33.295799970000004,34,2712,24.45,0.5765850000000001,1560,53484,0.0003,1.6435306072235107,2717
-33.1499741,34,2716,24.9,0.5759516666666669,1560,53564,0.0003,2.067368745803833,2722
-33.27067258,34,2720,24.65,0.5753500000000001,1560,53640,0.0003,1.2700506448745728,2727
-33.15617448,34,2724,24.81,0.5745266666666666,1560,53744,0.0003,1.5252296924591064,2733
-32.98972965,34,2728,25.09,0.57364,1560,53856,0.0003,0.6889657974243164,2740
-33.266018009999996,34,2732,25.41,0.5729750000000001,1560,53940,0.0003,1.05745530128479,2746
-33.29556711,34,2736,25.6,0.572405,1560,54012,0.0003,2.162574052810669,2750
-32.858717320000004,34,2740,25.71,0.5714866666666666,1560,54128,0.0003,0.6953550577163696,2757
-32.09764664,34,2744,25.55,0.5707900000000001,1560,54216,0.0003,1.9120150804519653,2763
-31.629240330000005,34,2748,24.6,0.5695866666666667,1560,54368,0.0003,1.737097144126892,2772
-31.286439950000002,34,2752,25.62,0.5677500000000002,1560,54600,0.0003,1.5263384580612183,2787
-30.98232577,35,2756,26.84,0.5671483333333334,1560,54676,0.0003,1.687516450881958,2792
-31.01589120000001,35,2760,26.82,0.5667050000000002,1560,54732,0.0003,0.6405363082885742,2795
-30.911195530000004,35,2764,26.47,0.5655333333333332,1559,54880,0.0003,2.5338857173919678,2804
-30.7520245,35,2768,26.65,0.5647416666666667,1559,54980,0.0003,1.033984661102295,2811
-30.81984666,35,2772,26.72,0.564425,1559,55020,0.0003,0.8331863880157471,2813
-31.08066132,35,2776,25.78,0.5636333333333334,1559,55120,0.0003,1.0540897846221924,2819
-31.13130116,35,2780,25.96,0.56281,1559,55224,0.0003,1.900815725326538,2826
-30.977065479999997,35,2784,26.58,0.5624933333333333,1559,55264,0.0003,1.1023077964782715,2828
-30.931178670000005,35,2788,26.69,0.5614483333333333,1558,55396,0.0003,1.5279886722564697,2837
-30.646184660000007,35,2792,26.44,0.5602766666666666,1557,55544,0.0003,0.883339524269104,2846
-30.519014780000003,35,2796,27.25,0.559485,1556,55644,0.0003,1.476867437362671,2852
-30.38947918,35,2800,26.97,0.5579333333333333,1554,55840,0.0003,1.095319151878357,2864
-30.541800479999996,36,2804,26.62,0.5571733333333333,1552,55936,0.0003,1.5197834968566895,2870
-30.404564440000005,36,2808,26.97,0.5559383333333334,1550,56092,0.0003,1.0492472648620605,2880
-30.548646079999997,36,2812,27.33,0.5551150000000002,1550,56196,0.0003,1.731325626373291,2887
-31.3622973,36,2816,27.13,0.5545766666666667,1549,56264,0.0003,1.492311954498291,2891
-31.35124393,36,2820,27.01,0.5538166666666668,1547,56360,0.0003,1.2371478080749512,2897
-31.383758849999996,36,2824,27.38,0.5526133333333335,1546,56512,0.0003,1.0573537349700928,2906
-31.41966445,36,2828,27.21,0.5520116666666666,1544,56588,0.0003,1.7330111265182495,2911
-31.32438648,36,2832,26.96,0.5514100000000002,1543,56664,0.0003,1.4104905128479004,2916
-31.21186541,36,2836,27.82,0.5503333333333333,1541,56800,0.0003,1.6930192708969116,2924
-31.24561224,36,2840,27.87,0.5494466666666666,1541,56912,0.0003,1.9130651950836182,2931
-31.63674395,37,2844,28.1,0.5484649999999999,1540,57036,0.0003,1.10331130027771,2939
-31.52562865,37,2848,28.09,0.5480216666666669,1540,57092,0.0003,1.1038970947265625,2943
-31.873860689999997,37,2852,26.74,0.5472933333333334,1540,57184,0.0003,0.6857204437255859,2948
-32.21892116,37,2856,25.82,0.5467233333333334,1540,57256,0.0003,2.60476016998291,2953
-32.12550710000001,37,2860,25.96,0.5459633333333335,1540,57352,0.0003,1.674439787864685,2959
-32.06366929,37,2864,25.77,0.5455200000000001,1540,57408,0.0003,2.530656337738037,2962
-32.30327536,37,2868,25.36,0.5447600000000001,1540,57504,0.0003,1.68516206741333,2968
-32.20707532,37,2872,25.63,0.5436516666666666,1540,57644,0.0003,1.232304334640503,2977
-31.8788326,37,2876,26.3,0.54324,1540,57696,0.0003,1.2494533061981201,2980
-31.879143809999995,37,2880,26.34,0.5423850000000001,1540,57804,0.0003,1.0678662061691284,2987
-32.09503394,37,2884,25.72,0.5416883333333333,1540,57892,0.0003,1.1961686611175537,2993
-31.97236401,37,2888,25.92,0.5407383333333333,1540,58012,0.0003,1.1115814447402954,3000
-32.538970400000004,37,2892,26.16,0.5395983333333334,1540,58156,0.0003,0.46267184615135193,3009
-32.50706026000001,37,2896,25.66,0.5388383333333334,1540,58252,0.0003,1.4648380279541016,3015
-32.35754167,37,2900,25.77,0.53773,1539,58392,0.0003,1.063428521156311,3024
-32.36476038,37,2904,25.97,0.5371283333333333,1539,58468,0.0003,0.8685333728790283,3029
-32.544342799999995,38,2908,25.55,0.5361783333333334,1539,58588,0.0003,1.1091939210891724,3036
-32.21928208,38,2912,25.07,0.5351650000000001,1539,58716,0.0003,2.4732186794281006,3044
-31.509540869999995,38,2916,25.04,0.534785,1539,58764,0.0003,1.4651654958724976,3047
-31.907814579999993,38,2920,25.05,0.5339300000000001,1539,58872,0.0003,1.522310733795166,3054
-32.14609583,38,2924,24.71,0.5327266666666668,1539,59024,0.0003,0.865993320941925,3063
-32.136479769999994,38,2928,24.8,0.5316816666666668,1539,59156,0.0003,1.5108987092971802,3072
-32.51432476,38,2932,26.2,0.5307633333333333,1539,59272,0.0003,0.6457718014717102,3079
-32.734602869999996,38,2936,25.23,0.5301933333333333,1539,59344,0.0003,1.6273938417434692,3083
-32.60639615,38,2940,25.35,0.5293383333333335,1539,59452,0.0003,1.689221978187561,3090
-32.12222506,38,2944,25.46,0.52823,1539,59592,0.0003,1.0035250186920166,3099
-32.014799860000004,38,2948,25.63,0.5273116666666666,1539,59708,0.0003,1.0733911991119385,3106
-31.75968351,38,2952,26.04,0.5265833333333333,1539,59800,0.0003,1.6299173831939697,3112
-31.885320619999998,39,2956,26.87,0.5247783333333333,1520,60028,0.0003,0.8835524320602417,3126
-31.929338149999992,39,2960,27.04,0.5237016666666667,1520,60164,0.0003,1.8871151208877563,3135
-31.557375479999997,39,2964,27.65,0.5234483333333333,1520,60196,0.0003,1.5358697175979614,3137
-31.440959239999994,39,2968,27.76,0.5226249999999999,1521,60300,0.0003,0.7174679636955261,3143
-31.524545129999996,39,2972,28.03,0.5217066666666669,1521,60416,0.0003,1.7133127450942993,3150
-31.68799688,39,2976,27.6,0.5212633333333332,1521,60472,0.0003,1.8737232685089111,3154
-31.631370039999997,39,2980,27.65,0.5202183333333332,1521,60604,0.0003,1.9145276546478271,3162
-31.582195680000005,39,2984,28.37,0.5195216666666668,1521,60692,0.0003,1.7501057386398315,3168
-31.666332999999998,39,2988,27.97,0.5192366666666668,1521,60728,0.0003,1.636669635772705,3170
-31.52236725,40,2992,27.38,0.517685,1521,60924,0.0003,1.0827988386154175,3182
-31.59129774,40,2996,27.58,0.5172733333333335,1521,60976,0.0003,2.220723867416382,3185
-32.1299431,40,3000,27.23,0.5165133333333332,1522,61072,0.0003,1.240705966949463,3191
-32.1466692,40,3004,27.21,0.5150250000000002,1522,61260,0.0003,0.4611004590988159,3203
-32.239904440000004,40,3008,27.79,0.5137583333333333,1522,61420,0.0003,1.0365599393844604,3213
-32.097545139999994,40,3012,28.09,0.5125866666666667,1522,61568,0.0003,1.500552773475647,3222
-31.88441505,40,3016,28.67,0.5117633333333333,1522,61672,0.0003,1.4450265169143677,3229
-31.588384750000003,40,3020,28.93,0.5113516666666669,1522,61724,0.0003,1.8818995952606201,3232
-31.32674042,40,3024,28.83,0.5106550000000001,1522,61812,0.0003,1.4516769647598267,3238
-31.43714547,40,3028,28.46,0.5098950000000001,1521,61908,0.0003,1.2044082880020142,3244
-31.044335800000002,40,3032,27.44,0.5091666666666668,1521,62000,0.0003,1.2730717658996582,3249
-31.246206270000002,40,3036,27.59,0.5078683333333334,1521,62164,0.0003,1.7127829790115356,3260
-31.563621369999996,40,3040,27.91,0.5072666666666666,1521,62240,0.0003,1.383076548576355,3264
-31.62115405,41,3044,27.97,0.5060316666666668,1520,62396,0.0003,1.1058697700500488,3274
-31.73709711999999,41,3048,27.72,0.5055250000000002,1520,62460,0.0003,2.4197466373443604,3278
-32.010194739999996,41,3052,28.01,0.5043533333333332,1520,62608,0.0003,1.7335500717163086,3287
-31.80509803,41,3056,27.45,0.5035933333333336,1520,62704,0.0003,1.5264742374420166,3293
-31.66769335,41,3060,27.34,0.502675,1520,62820,0.0003,0.45925962924957275,3301
-32.06821042999999,41,3064,27.17,0.501725,1520,62940,0.0003,1.5157395601272583,3308
-31.91538215,41,3068,27.34,0.5007750000000002,1520,63060,0.0003,1.935819149017334,3316
-31.88125831,41,3072,27.25,0.5001416666666667,1520,63140,0.0003,1.5682519674301147,3321
-31.63748702,41,3076,27.79,0.49878,1520,63312,0.0003,2.499225616455078,3331
-31.70249515,41,3080,28.59,0.4975766666666668,1520,63464,0.0003,1.0857199430465698,3341
-31.67882679,41,3084,28.05,0.496595,1520,63588,0.0003,1.29170823097229,3349
-31.663625579999998,41,3088,29.26,0.49548666666666674,1520,63728,0.0003,0.6535555720329285,3357
-31.529442170000003,41,3092,29.2,0.4949483333333333,1520,63796,0.0003,2.133411407470703,3362
-31.541563659999994,42,3096,29.23,0.49393500000000023,1520,63924,0.0003,1.1140732765197754,3370
-31.13186365999999,42,3100,29.19,0.49336500000000016,1520,63996,0.0003,1.0665253400802612,3374
-31.14420581,42,3104,28.85,0.4925733333333333,1520,64096,0.0003,1.4926784038543701,3380
-31.198613490000003,42,3108,28.6,0.49181333333333344,1520,64192,0.0003,2.0616726875305176,3386
-31.6307486,42,3112,27.57,0.49111666666666687,1519,64280,0.0003,1.4182462692260742,3392
-31.77651112,42,3116,27.47,0.49016666666666675,1520,64400,0.0003,2.42802095413208,3399
-31.616261529999996,42,3120,27.2,0.48880500000000016,1520,64572,0.0003,1.8793084621429443,3410
-31.204195219999995,42,3124,28.38,0.48810833333333337,1520,64660,0.0003,0.9346178770065308,3416
-31.478000580000003,42,3128,28.87,0.4866833333333336,1520,64840,0.0003,1.69354248046875,3427
-31.063832840000003,42,3132,29.52,0.48519499999999993,1520,65028,0.0003,2.370082139968872,3439
-30.58737975,42,3136,30.07,0.48472000000000004,1520,65088,0.0003,1.044521450996399,3442
-30.48478608,42,3140,29.61,0.4839283333333334,1520,65188,0.0003,1.4927891492843628,3449
-30.536823939999998,42,3144,29.47,0.48269333333333353,1520,65344,0.0003,1.3377349376678467,3458
-30.394351869999994,43,3148,29.93,0.4820283333333333,1520,65428,0.0003,1.0318822860717773,3464
-30.437566389999997,43,3152,29.23,0.4814900000000002,1520,65496,0.0003,1.6758146286010742,3468
-30.86622981,43,3156,28.86,0.48076166666666686,1520,65588,0.0003,0.879368007183075,3474
-30.852158000000003,43,3160,29.02,0.4788933333333334,1520,65824,0.0003,1.0356464385986328,3488
-30.50478813,43,3164,30.37,0.4779433333333335,1521,65944,0.0003,0.8522729873657227,3496
-31.162860950000002,43,3168,30.27,0.47696166666666673,1521,66068,0.0003,2.4791812896728516,3504
-31.466308770000005,43,3172,30.41,0.4762966666666668,1521,66152,0.0003,1.311687707901001,3509
-31.618832879999996,43,3176,30.59,0.47484000000000015,1521,66336,0.0003,1.1260042190551758,3520
-31.29154702,43,3180,30.67,0.47382666666666673,1521,66464,0.0003,0.8838057518005371,3528
-31.1845564,43,3184,30.63,0.47300333333333355,1521,66568,0.0003,0.6482462882995605,3535
-31.290704639999994,43,3188,29.55,0.47199000000000013,1521,66696,0.0003,1.1445567607879639,3543
-31.398441759999997,43,3192,30.04,0.47094499999999984,1521,66828,0.0003,1.2966973781585693,3551
-31.27277505,43,3196,30.12,0.4703116666666667,1521,66908,0.0003,1.5114277601242065,3556
-32.08971648000001,44,3200,30.18,0.4689500000000001,1521,67080,0.0003,1.9398844242095947,3567
-32.31612052,44,3204,30.74,0.46793666666666667,1521,67208,0.0003,2.070708990097046,3575
-32.1460861,44,3208,30.75,0.4665750000000001,1522,67380,0.0003,0.9096038341522217,3586
-32.357466970000004,44,3212,31.95,0.4659416666666668,1521,67460,0.0003,1.4680912494659424,3591
-32.43645217,44,3216,31.47,0.46553,1521,67512,0.0003,1.6785848140716553,3594
-32.367369780000004,44,3220,31.88,0.46391499999999997,1521,67716,0.0003,1.0656781196594238,3607
-33.01626699,44,3224,31.22,0.46290166666666654,1521,67844,0.0003,0.8697500824928284,3615
-32.659952610000005,44,3228,32.25,0.46147666666666676,1521,68024,0.0003,0.5185959339141846,3626
-32.82269114,44,3232,31.42,0.4609066666666667,1521,68096,0.0003,0.8842766880989075,3630
-32.881696950000006,44,3236,31.05,0.4594816666666669,1522,68276,0.0003,1.4984220266342163,3642
-32.582673799999995,44,3240,31.8,0.45875333333333346,1522,68368,0.0003,1.2780247926712036,3647
-32.61359387,44,3244,31.44,0.4579616666666667,1522,68468,0.0003,1.5127074718475342,3654
-32.797084700000006,45,3248,31.47,0.4567583333333334,1522,68620,0.0003,1.0641409158706665,3663
-32.45970108,45,3252,32.38,0.45485833333333336,1522,68860,0.0003,0.27302879095077515,3678
-33.422214319999995,45,3256,33.83,0.45330666666666675,1522,69056,0.0003,1.2237552404403687,3690
-33.94503707,45,3260,35.56,0.4513750000000001,1523,69300,0.0003,1.4625494480133057,3706
-34.2394039,45,3264,35.04,0.44928500000000016,1523,69564,0.0003,1.8272955417633057,3722
-33.292012209999996,45,3268,36.07,0.44865166666666667,1523,69644,0.0003,1.739830732345581,3727
-33.25655964,45,3272,35.8,0.44798666666666676,1523,69728,0.0003,1.4487894773483276,3732
-33.431171309999996,45,3276,35.21,0.4471950000000001,1523,69828,0.0003,1.088496446609497,3739
-34.054557009999996,45,3280,34.26,0.44653,1523,69912,0.0003,1.9497332572937012,3744
-34.08997604,45,3284,34.36,0.44554833333333344,1523,70036,0.0003,1.1089752912521362,3752
-34.42021536000001,46,3288,34.56,0.44478833333333323,1522,70132,0.0003,1.2883920669555664,3758
-34.04390964000001,46,3292,34.18,0.44415499999999997,1522,70212,0.0003,1.2828878164291382,3763
-34.26144024,46,3296,33.82,0.44374333333333327,1522,70264,0.0003,1.725993037223816,3766
-33.431672430000006,46,3300,33.62,0.44247666666666674,1522,70424,0.0003,2.3679566383361816,3776
-32.92516384,46,3304,33.58,0.4420966666666667,1522,70472,0.0003,1.4930899143218994,3779
-32.93402768,46,3308,32.89,0.44149499999999997,1522,70548,0.0003,1.0972613096237183,3784
-32.68985878,46,3312,31.19,0.4412733333333334,1522,70576,0.0003,1.5392024517059326,3785
-32.89616021,46,3316,31.44,0.4403866666666667,1521,70688,0.0003,1.0855555534362793,3792
-32.86798179,46,3320,31.33,0.4396583333333334,1521,70780,0.0003,0.6918348670005798,3798
-32.51208709,46,3324,31.21,0.4381383333333335,1521,70972,0.0003,2.0932798385620117,3810
-32.471467780000005,46,3328,30.04,0.4362383333333334,1521,71212,0.0003,1.4736920595169067,3825
-32.23042806,46,3332,31.27,0.4350666666666667,1522,71360,0.0003,0.46135610342025757,3834
-32.66523722,46,3336,32.45,0.43414833333333347,1521,71476,0.0003,0.6719070076942444,3842
-32.646382700000004,47,3340,31.97,0.4329133333333335,1522,71632,0.0003,1.378292441368103,3851
-33.09112091,47,3344,32.94,0.4320900000000001,1522,71736,0.0003,1.1325072050094604,3858
-32.72609109,47,3348,33.5,0.4302533333333335,1522,71968,0.0003,1.084787130355835,3872
-33.01555748,47,3352,32.5,0.42905000000000015,1522,72120,0.0003,1.914177417755127,3882
-31.16352567,47,3356,32.55,0.4283216666666668,1522,72212,0.0003,2.354726791381836,3888
-31.481756999999998,47,3360,30.55,0.4275933333333335,1522,72304,0.0003,0.8666994571685791,3893
-31.53208496,47,3364,29.48,0.42645333333333335,1522,72448,0.0003,0.8312022686004639,3902
-32.184231790000005,47,3368,29.04,0.42562999999999995,1522,72552,0.0003,1.5143935680389404,3909
-31.934732590000003,47,3372,29.08,0.4248383333333333,1522,72652,0.0003,1.4025578498840332,3915
-31.401089980000002,47,3376,29.89,0.42312833333333344,1522,72868,0.0003,1.083197832107544,3929
-30.91933347999999,47,3380,30.24,0.4213866666666668,1522,73088,0.0003,2.864943265914917,3942
-30.58905714,48,3384,31.13,0.42027833333333353,1522,73228,0.0003,0.9128025770187378,3951
-29.94308177,48,3388,31.94,0.41894833333333326,1522,73396,0.0003,1.2954914569854736,3962
-29.652459529999998,48,3392,32.62,0.41841000000000006,1522,73464,0.0003,1.2682502269744873,3966
-29.628152890000003,48,3396,32.54,0.41780833333333345,1522,73540,0.0003,1.0808889865875244,3971
-29.58973586,48,3400,32.79,0.4167633333333335,1522,73672,0.0003,1.3303667306900024,3979
-29.580767419999997,48,3404,32.75,0.41568666666666687,1522,73808,0.0003,1.2949719429016113,3987
-29.352925009999993,48,3408,33.72,0.41467333333333345,1523,73936,0.0003,0.8873021602630615,3995
-29.37919566,48,3412,34.17,0.4139450000000001,1522,74028,0.0003,1.2277414798736572,4001
-29.400604599999994,48,3416,34.55,0.41324833333333333,1522,74116,0.0003,0.8783260583877563,4007
-29.57957404999999,48,3420,34.74,0.4119816666666669,1522,74276,0.0003,1.9098987579345703,4017
-29.844482589999995,48,3424,35.26,0.410145,1522,74508,0.0003,1.397477149963379,4031
-29.598352249999998,48,3428,35.82,0.40970166666666663,1522,74564,0.0003,1.2310689687728882,4035
-29.904530109999996,49,3432,33.95,0.4093216666666668,1522,74612,0.0003,1.0746709108352661,4038
-29.272973130000004,49,3436,33.34,0.4080233333333334,1522,74776,0.0003,1.294785737991333,4048
-29.520173420000003,49,3440,32.93,0.40710500000000016,1522,74892,0.0003,0.8458425402641296,4055
-29.248575099999996,50,3444,32.79,0.405585,1499,75084,0.0003,1.3010591268539429,4067
-29.457838439999996,50,3448,33.01,0.4044766666666667,1500,75224,0.0003,0.3531239926815033,4076
-29.3900086,50,3452,33.35,0.40359,1500,75336,0.0003,1.5050363540649414,4083
-29.68750647,50,3456,32.05,0.4018483333333336,1500,75556,0.0003,1.5303665399551392,4097
-28.925982759999997,50,3460,33.3,0.40130999999999983,1500,75624,0.0003,1.0410528182983398,4101
-28.969895859999998,50,3464,33.52,0.4001383333333335,1500,75772,0.0003,1.7146801948547363,4110
-28.719137070000002,50,3468,33.05,0.39893500000000015,1501,75924,0.0003,1.085099458694458,4120
-28.68436072,50,3472,33.25,0.39817499999999995,1501,76020,0.0003,1.1285195350646973,4126
-28.99184638,50,3476,32.97,0.39722499999999994,1501,76140,0.0003,1.6585012674331665,4133
-28.848237219999998,50,3480,33.18,0.3964966666666666,1501,76232,0.0003,0.6915200352668762,4139
-29.252627670000003,50,3484,32.49,0.39545166666666665,1501,76364,0.0003,0.45700109004974365,4147
-29.38804778,50,3488,31.86,0.3944699999999999,1501,76488,0.0003,1.3509807586669922,4155
-30.019431729999997,51,3492,31.38,0.3936466666666667,1501,76592,0.0003,1.6060950756072998,4161
-29.97452965,51,3496,31.61,0.39272833333333335,1501,76708,0.0003,1.8031069040298462,4169
-30.06719606,51,3500,31.45,0.3911766666666666,1501,76904,0.0003,1.6401482820510864,4181
-30.03128588,51,3504,32.92,0.39000500000000016,1501,77052,0.0003,1.6669012308120728,4190
-30.247735599999995,51,3508,32.12,0.3891500000000001,1501,77160,0.0003,1.6301347017288208,4197
-30.06495641,51,3512,32.35,0.38832666666666693,1501,77264,0.0003,2.0763309001922607,4203
-29.762534070000005,51,3516,32.04,0.3875350000000001,1501,77364,0.0003,0.691072940826416,4210
-29.843217690000003,51,3520,32.26,0.38655333333333364,1501,77488,0.0003,0.6713516116142273,4217
-29.95629291,51,3524,31.52,0.3852550000000001,1501,77652,0.0003,1.8468583822250366,4228
-30.298468760000002,51,3528,31.08,0.3844000000000001,1501,77760,0.0003,1.494935154914856,4234
-29.87083866,51,3532,32.27,0.38373500000000027,1501,77844,0.0003,1.342029094696045,4240
-29.945551429999995,51,3536,32.0,0.38284833333333357,1501,77956,0.0003,0.7001733779907227,4247
-30.414083650000002,52,3540,32.11,0.38196166666666687,1500,78068,0.0003,2.8260087966918945,4254
-30.62208301,52,3544,31.31,0.38129666666666673,1500,78152,0.0003,0.7227886319160461,4259
-31.204926099999998,52,3548,30.51,0.38012500000000005,1500,78300,0.0003,1.7287203073501587,4268
-31.01569090000001,52,3552,30.71,0.3793333333333334,1501,78400,0.0003,1.3388487100601196,4274
-31.24255593000001,52,3556,31.38,0.3774966666666667,1501,78632,0.0003,2.148630380630493,4289
-31.22229771,52,3560,30.71,0.37645166666666663,1501,78764,0.0003,1.3765580654144287,4297
-31.538400850000006,52,3564,31.29,0.37543833333333354,1501,78892,0.0003,1.9519473314285278,4305
-31.53014615,52,3568,31.04,0.37410833333333327,1501,79060,0.0003,0.9423189163208008,4316
-31.345794200000004,52,3572,31.7,0.37331666666666663,1501,79160,0.0003,1.4444434642791748,4322
-31.937026640000003,52,3576,31.82,0.37208166666666675,1501,79316,0.0003,1.0810664892196655,4332
-32.40732116,52,3580,32.59,0.37008666666666656,1502,79568,0.0003,1.3046468496322632,4347
-32.337900069999996,53,3584,33.17,0.3688516666666668,1502,79724,0.0003,1.2689985036849976,4357
-32.89900211,53,3588,33.63,0.3677750000000001,1502,79860,0.0003,2.296743154525757,4366
-32.26342643,53,3592,34.2,0.3663500000000003,1502,80040,0.0003,1.339913249015808,4377
-32.149704549999996,53,3596,34.32,0.36508333333333354,1502,80200,0.0003,0.8700532913208008,4387
-32.18113449,53,3600,33.93,0.3644183333333335,1502,80284,0.0003,0.6121202111244202,4392
-31.806986649999995,53,3604,33.07,0.363405,1502,80412,0.0003,1.7830250263214111,4400
-31.839474949999996,53,3608,34.03,0.36217,1502,80568,0.0003,0.9336827397346497,4410
-32.36023187,53,3612,34.4,0.36065000000000014,1502,80760,0.0003,1.237177848815918,4422
-32.4089376,53,3616,35.85,0.3593833333333334,1502,80920,0.0003,2.0419743061065674,4432
-32.446889649999996,53,3620,35.28,0.3582116666666668,1502,81068,0.0003,1.510696530342102,4441
-32.49371205,54,3624,36.19,0.35681833333333346,1502,81244,0.0003,1.5898829698562622,4452
-32.32381706,54,3628,36.32,0.3559000000000001,1502,81360,0.0003,3.185070037841797,4459
-33.39488029,54,3632,36.61,0.3543483333333336,1502,81556,0.0003,1.4255084991455078,4472
-33.130812680000005,54,3636,37.14,0.3534616666666669,1502,81668,0.0003,0.6391769647598267,4479
-32.640113160000006,54,3640,37.2,0.3527650000000001,1502,81756,0.0003,1.4801855087280273,4484
-31.842754200000005,54,3644,38.27,0.35070666666666683,1502,82016,0.0003,1.218824028968811,4500
-31.302147140000002,54,3648,38.51,0.34972500000000006,1503,82140,0.0003,1.30670166015625,4508
-31.422820410000003,54,3652,38.34,0.34893333333333343,1503,82240,0.0003,1.741537094116211,4514
-30.965709300000004,54,3656,37.66,0.3485533333333335,1503,82288,0.0003,1.024753212928772,4517
-31.334131229999997,54,3660,37.71,0.3456083333333332,1503,82660,0.0003,1.9257683753967285,4541
-29.901151609999996,55,3664,38.78,0.34484833333333353,1503,82756,0.0003,0.858917772769928,4547
-30.13957664,55,3668,39.02,0.3440566666666667,1503,82856,0.0003,0.8397499918937683,4553
-30.38645182,55,3672,37.54,0.34348666666666694,1503,82928,0.0003,1.187905192375183,4557
-29.99894381,55,3676,37.02,0.3432016666666666,1503,82964,0.0003,0.45045870542526245,4560
-29.85583571,55,3680,35.54,0.34250500000000017,1503,83052,0.0003,1.1347681283950806,4565
-29.8440997,55,3684,34.73,0.3415866666666666,1503,83168,0.0003,2.1281003952026367,4572
-29.153842339999997,55,3688,34.37,0.34060500000000005,1503,83292,0.0003,0.8926284909248352,4580
-29.437555050000004,55,3692,34.05,0.3394016666666667,1503,83444,0.0003,0.8811386823654175,4590
-29.535910590000004,55,3696,34.52,0.33705833333333335,1503,83740,0.0003,1.5285354852676392,4608
-29.82834633,55,3700,36.87,0.3357916666666666,1503,83900,0.0003,0.6725779175758362,4618
-30.486225429999994,55,3704,36.11,0.3351900000000002,1503,83976,0.0003,1.1602423191070557,4623
-30.451794239999998,55,3708,35.14,0.33458833333333327,1503,84052,0.0003,1.010936975479126,4628
-30.01137846,56,3712,34.67,0.33278333333333354,1504,84280,0.0003,1.7464029788970947,4642
-29.46175123,56,3716,34.43,0.3320550000000002,1504,84372,0.0003,0.4877890944480896,4648
-29.098903659999998,56,3720,35.01,0.33091500000000007,1504,84516,0.0003,1.5325618982315063,4657
-28.805613320000003,56,3724,34.22,0.3299333333333333,1504,84640,0.0003,1.5444629192352295,4664
-28.75686835,56,3728,33.9,0.3287616666666666,1504,84788,0.0003,1.4395244121551514,4674
-27.416251279999997,56,3732,33.91,0.3268616666666667,1504,85028,0.0003,0.8822236657142639,4689
-27.41014526,56,3736,34.22,0.32569000000000015,1504,85176,0.0003,1.3466591835021973,4698
-26.883765579999995,56,3740,35.62,0.3238216666666667,1504,85412,0.0003,1.4914296865463257,4713
-26.80412944999999,56,3744,35.41,0.32265,1504,85560,0.0003,1.8798904418945312,4722
-27.05658661,56,3748,35.85,0.3213516666666668,1505,85724,0.0003,0.9170217514038086,4732
-27.771820070000004,57,3752,35.91,0.3203383333333333,1505,85852,0.0003,0.8780083060264587,4740
-27.468039299999997,57,3756,36.35,0.3196733333333335,1504,85936,0.0003,0.6723830103874207,4745
-27.692890310000003,57,3760,35.41,0.3190400000000001,1504,86016,0.0003,0.3573165833950043,4750
-28.717527970000003,57,3764,33.63,0.3179949999999999,1504,86148,0.0003,1.1306885480880737,4759
-29.31595581000001,57,3768,33.6,0.31729833333333346,1504,86236,0.0003,1.0801143646240234,4764
-29.219769940000003,57,3772,34.07,0.31600000000000006,1504,86400,0.0003,0.780386745929718,4774
-29.256119279999997,57,3776,34.93,0.31444833333333355,1505,86596,0.0003,1.4459794759750366,4787
-28.614754570000006,57,3780,36.15,0.31343500000000013,1505,86724,0.0003,1.5617237091064453,4795
-28.307047859999997,57,3784,37.33,0.31204166666666655,1505,86900,0.0003,1.1334309577941895,4806
-28.872696190000003,57,3788,36.79,0.31125,1505,87000,0.0003,1.3177947998046875,4812
-29.150470249999998,57,3792,36.35,0.31064833333333364,1505,87076,0.0003,0.6872072219848633,4817
-29.194554630000003,57,3796,35.42,0.31020500000000006,1505,87132,0.0003,1.686268925666809,4820
-28.589166920000004,58,3800,33.75,0.3087483333333332,1505,87316,0.0003,0.6709277629852295,4832
-28.566862589999996,58,3804,33.66,0.3077350000000002,1505,87444,0.0003,1.041725754737854,4840
-28.805972520000005,58,3808,34.7,0.30659500000000006,1505,87588,0.0003,1.1107560396194458,4849
-28.52582264,58,3812,35.56,0.30463166666666674,1505,87836,0.0003,0.8929823040962219,4864
-28.466102859999996,58,3816,36.28,0.3030166666666668,1505,88040,0.0003,0.6584816575050354,4877
-28.711956599999997,58,3820,36.29,0.3016549999999998,1505,88212,0.0003,2.204486846923828,4888
-28.97584889,58,3824,36.54,0.3009583333333333,1505,88300,0.0003,1.2021456956863403,4893
-28.949154329999995,58,3828,37.11,0.299945,1505,88428,0.0003,1.290340542793274,4901
-29.62514653,58,3832,36.0,0.29918500000000003,1505,88524,0.0003,1.2683261632919312,4907
-29.97286423,58,3836,34.93,0.2985833333333334,1505,88600,0.0003,1.0735446214675903,4912
-30.658292420000002,58,3840,33.2,0.29728500000000035,1505,88764,0.0003,0.9223023056983948,4922
-31.032870029999994,58,3844,32.47,0.2966200000000001,1505,88848,0.0003,0.7059698700904846,4927
-31.014000829999997,59,3848,32.0,0.29491,1506,89064,0.0003,1.0598626136779785,4941
-31.364785979999997,59,3852,33.06,0.2945933333333334,1506,89104,0.0003,1.2846962213516235,4943
-31.59020743,59,3856,33.06,0.29256666666666664,1506,89360,0.0003,2.1131036281585693,4959
-31.651161890000004,59,3860,34.02,0.29063499999999987,1506,89604,0.0003,1.0856629610061646,4975
-32.25151777999999,59,3864,35.81,0.29016,1506,89664,0.0003,1.2746936082839966,4978
-31.57162272,59,3868,36.04,0.28762666666666703,1505,89984,0.0003,1.3024946451187134,4998
-31.77568086,60,3872,37.55,0.28677166666666654,1486,90092,0.0003,0.7132139205932617,5005
-32.26924957999999,60,3876,36.81,0.2860433333333333,1485,90184,0.0003,1.0851750373840332,5011
-32.77690152,60,3880,36.35,0.2841433333333334,1483,90424,0.0003,0.6564467549324036,5026
-32.695100489999994,61,3884,37.49,0.2830666666666666,1483,90560,0.0003,0.26681432127952576,5034
-32.656731549999996,61,3888,36.86,0.2821166666666668,1483,90680,0.0003,1.1897269487380981,5042
-32.26654153,61,3892,37.67,0.28037500000000015,1483,90900,0.0003,1.7143971920013428,5056
-32.16718182,61,3896,39.11,0.2788866666666666,1483,91088,0.0003,0.4940945506095886,5067
-32.411834930000005,61,3900,39.79,0.2772083333333333,1484,91300,0.0003,1.6864145994186401,5081
-32.23333836,61,3904,39.99,0.2763216666666667,1484,91412,0.0003,0.6557923555374146,5088
-31.429886449999998,61,3908,40.25,0.27464333333333335,1484,91624,0.0003,1.5604207515716553,5101
-31.31299152,61,3912,39.98,0.2741366666666667,1484,91688,0.0003,0.4974718689918518,5105
-31.868521989999994,61,3916,37.93,0.2735033333333333,1484,91768,0.0003,0.8866682648658752,5110
-32.555439199999995,61,3920,37.15,0.272775,1484,91860,0.0003,0.4787692427635193,5116
-32.34245158,62,3924,37.25,0.2709383333333334,1484,92092,0.0003,0.9331183433532715,5130
-31.969441629999995,62,3928,38.28,0.26894333333333353,1484,92344,0.0003,0.6665279865264893,5146
-31.63520735,62,3932,39.18,0.2681516666666667,1484,92444,0.0003,1.3074674606323242,5152
-31.561966559999995,62,3936,40.52,0.26583999999999997,1484,92736,0.0003,1.506750226020813,5170
-32.03456753999999,62,3940,41.53,0.26504833333333333,1484,92836,0.0003,1.5703195333480835,5177
-32.07543348,62,3944,41.7,0.26432,1484,92928,0.0003,1.3717870712280273,5182
-32.19250474,62,3948,41.31,0.26327500000000004,1484,93060,0.0003,0.4406532645225525,5191
-30.95803807,62,3952,40.87,0.26185000000000014,1484,93240,0.0003,0.8233568072319031,5202
-31.35618176,62,3956,40.71,0.2607100000000001,1484,93384,0.0003,0.6179074645042419,5211
-30.99631208,62,3960,40.52,0.25966500000000003,1484,93516,0.0003,1.7016680240631104,5219
-30.85514648,63,3964,39.5,0.25836666666666674,1484,93680,0.0003,0.8860529065132141,5229
-30.28177807,63,3968,39.99,0.25687833333333343,1484,93868,0.0003,2.2532715797424316,5241
-30.003667810000003,63,3972,38.61,0.2560866666666668,1484,93968,0.0003,1.4083540439605713,5247
-29.59240018,63,3976,38.79,0.25539,1484,94056,0.0003,2.796375274658203,5253
-29.582677310000005,63,3980,38.33,0.2538383333333333,1484,94252,0.0003,1.6011701822280884,5265
-29.89882323,63,3984,38.34,0.2527616666666668,1484,94388,0.0003,0.45258668065071106,5274
-29.97720964,63,3988,38.68,0.25121000000000004,1484,94584,0.0003,2.3689942359924316,5286
-29.315499870000004,63,3992,39.19,0.24949999999999994,1485,94800,0.0003,1.1094679832458496,5299
-29.280702450000003,63,3996,38.77,0.24820166666666688,1485,94964,0.0003,1.0494908094406128,5310
-29.51030054,64,4000,38.07,0.24652333333333332,1485,95176,0.0003,1.5512200593948364,5323
-30.219528520000004,64,4004,39.17,0.24579499999999987,1485,95268,0.0003,0.8898353576660156,5329
-30.794684099999994,64,4008,37.97,0.24490833333333317,1485,95380,0.0003,2.0140380859375,5336
-31.452988800000004,64,4012,37.76,0.24364166666666676,1485,95540,0.0003,1.5505726337432861,5346
-31.26482945,64,4016,38.68,0.24266,1485,95664,0.0003,1.1726799011230469,5353
-30.11847931000001,64,4020,39.79,0.24098166666666665,1485,95876,0.0003,1.4498014450073242,5367
-30.103485300000003,64,4024,39.54,0.23996833333333356,1485,96004,0.0003,1.4274137020111084,5375
-30.485520179999998,64,4028,38.95,0.23844833333333337,1485,96196,0.0003,0.8755940794944763,5387
-30.71340385,64,4032,38.61,0.23708666666666678,1486,96368,0.0003,1.8013008832931519,5397
-30.73363839,65,4036,38.97,0.23518666666666677,1486,96608,0.0003,0.8589848875999451,5412
-30.096254760000008,65,4040,38.91,0.23335000000000006,1486,96840,0.0003,1.6226837635040283,5427
-29.84816406,65,4044,39.43,0.23227333333333322,1486,96976,0.0003,0.9786295890808105,5435
-29.746839770000005,65,4048,40.09,0.23160833333333342,1486,97060,0.0003,1.281970739364624,5441
-30.602078720000005,65,4052,39.55,0.22980333333333336,1486,97288,0.0003,1.7431600093841553,5455
-29.306332380000004,65,4056,40.9,0.2282833333333335,1486,97480,0.0003,0.48693224787712097,5467
-29.545513960000005,65,4060,40.88,0.22695333333333312,1486,97648,0.0003,0.8787931799888611,5477
-29.397791,65,4064,41.14,0.22606666666666653,1487,97760,0.0003,0.9151439070701599,5484
-30.210567330000003,65,4068,40.3,0.22429333333333346,1487,97984,0.0003,2.01220703125,5498
-29.905958940000005,66,4072,42.35,0.2219500000000001,1487,98280,0.0003,2.422667980194092,5517
-29.445857840000002,66,4076,43.19,0.2210633333333334,1487,98392,0.0003,0.7041559815406799,5524
-29.75493625,66,4080,44.11,0.2189416666666668,1488,98660,0.0003,1.5916969776153564,5541
-29.474727330000004,66,4084,43.87,0.21833999999999987,1488,98736,0.0003,0.25911223888397217,5545
-29.40125487,66,4088,43.35,0.21701000000000015,1488,98904,0.0003,0.9001283049583435,5556
-30.259942410000004,66,4092,43.43,0.2150466666666666,1488,99152,0.0003,1.123866319656372,5571
-30.839872540000005,66,4096,43.69,0.21384333333333327,1488,99304,0.0003,0.7007706761360168,5581
-30.175142559999994,66,4100,44.06,0.21270333333333347,1488,99448,0.0003,2.292600154876709,5590
-29.631059059999995,66,4104,42.67,0.21143666666666672,1488,99608,0.0003,1.052687168121338,5600
-29.692535029999995,67,4108,43.72,0.21004333333333347,1488,99784,0.0003,0.6153506636619568,5611
-29.210797659999997,67,4112,43.81,0.2096633333333333,1488,99832,0.0003,2.1663713455200195,5614
-29.25144458,67,4116,43.46,0.20827000000000007,1488,100008,0.0003,1.4954372644424438,5625
-29.469818930000006,67,4120,43.15,0.20649666666666677,1489,100232,0.0003,1.5615450143814087,5639
-29.468108210000004,67,4124,44.07,0.20500833333333346,1489,100420,0.0003,0.8341866731643677,5651
-28.919795299999997,67,4128,44.27,0.20288666666666666,1489,100688,0.0003,1.2193914651870728,5667
-28.739684139999998,67,4132,44.87,0.20228500000000027,1489,100764,0.0003,1.1359752416610718,5672
-29.230103949999997,67,4136,44.01,0.20013166666666682,1489,101036,0.0003,1.0811312198638916,5689
-29.115430880000005,67,4140,44.38,0.1989916666666669,1489,101180,0.0003,1.748547077178955,5698
-29.31413031,68,4144,44.72,0.1968700000000001,1489,101448,0.0003,0.49326637387275696,5715
-28.903403930000003,68,4148,44.53,0.19576166666666683,1489,101588,0.0003,1.2811453342437744,5724
-28.059614260000004,68,4152,45.13,0.19449500000000008,1489,101748,0.0003,0.31276994943618774,5734
-28.59033236,68,4156,45.72,0.19218333333333326,1489,102040,0.0003,1.3161005973815918,5752
-28.511912969999994,68,4160,46.27,0.1909483333333336,1490,102196,0.0003,1.6351372003555298,5762
-28.279779629999997,68,4164,45.71,0.1895866666666668,1490,102368,0.0003,0.8509933948516846,5772
-27.957986490000003,68,4168,45.38,0.18854166666666672,1490,102500,0.0003,1.2657793760299683,5781
-27.78924252,68,4172,44.34,0.18702166666666686,1490,102692,0.0003,0.7509240508079529,5793
-27.727186059999998,68,4176,44.07,0.18645166666666668,1490,102764,0.0003,1.4861199855804443,5797
-27.6261691,69,4180,43.39,0.18464666666666685,1490,102992,0.0003,2.678758382797241,5811
-27.755517799999993,69,4184,43.62,0.18357,1490,103128,0.0003,0.8838710188865662,5820
-27.854957469999995,69,4188,43.82,0.18204999999999993,1490,103320,0.0003,1.3355393409729004,5832
-27.995389269999997,69,4192,43.66,0.18030833333333351,1490,103540,0.0003,1.1960169076919556,5846
-28.061990780000002,69,4196,43.86,0.1788833333333334,1490,103720,0.0003,2.508575201034546,5857
-28.368192470000004,69,4200,44.64,0.17676166666666682,1490,103988,0.0003,1.4481853246688843,5874
-28.44827006,69,4204,44.75,0.17581166666666692,1490,104108,0.0003,1.2498122453689575,5881
-28.648421740000003,69,4208,45.44,0.1743866666666668,1491,104288,0.0003,0.6978098750114441,5892
-27.893866499999998,70,4212,46.59,0.17179000000000022,1490,104616,0.0003,2.113395929336548,5913
-28.495938089999996,70,4216,48.46,0.1695416666666667,1490,104900,0.0003,1.6226099729537964,5931
-28.74148364,71,4220,48.86,0.16770500000000022,1477,105132,0.0003,1.7912203073501587,5945
-29.115335400000003,71,4224,49.79,0.16517166666666683,1478,105452,0.0003,1.1007323265075684,5965
-30.54467999999999,71,4228,49.95,0.1634933333333335,1478,105664,0.0003,0.7396308779716492,5978
-31.107699889999996,71,4232,50.57,0.1617200000000002,1478,105888,0.0003,1.7262766361236572,5992
-30.760509249999995,71,4236,50.2,0.1604216666666668,1478,106052,0.0003,1.6868159770965576,6003
-30.827613989999996,71,4240,50.76,0.1587116666666667,1478,106268,0.0003,0.760355532169342,6016
-31.385064040000003,72,4244,50.59,0.15700166666666648,1478,106484,0.0003,1.7391518354415894,6030
-30.965110899999996,72,4248,51.26,0.15532333333333326,1479,106696,0.0003,2.0057461261749268,6043
-30.75609024,72,4252,52.84,0.152505,1479,107052,0.0003,0.6879985332489014,6065
-30.552339159999995,72,4256,53.83,0.1500666666666668,1479,107360,0.0003,0.08011575043201447,6084
-29.97909482,72,4260,53.98,0.14734333333333316,1479,107704,0.0003,1.2213374376296997,6106
-29.94390053,72,4264,54.19,0.14626666666666688,1479,107840,0.0003,1.9673646688461304,6114
-29.81408487,72,4268,55.1,0.1452850000000001,1480,107964,0.0003,1.8735921382904053,6122
-30.361164549999998,73,4272,54.16,0.14430333333333334,1480,108088,0.0003,1.5649795532226562,6130
-30.774070120000005,73,4276,54.73,0.14218166666666687,1480,108356,0.0003,0.5094714164733887,6147
-29.880079610000003,73,4280,56.06,0.14047166666666688,1480,108572,0.0003,0.7048219442367554,6160
-30.224415629999996,73,4284,55.37,0.13980666666666686,1480,108656,0.0003,0.7465049028396606,6165
-30.223002890000004,73,4288,56.46,0.13752666666666657,1480,108944,0.0003,1.0901790857315063,6183
-30.160448610000003,73,4292,56.28,0.13610166666666668,1480,109124,0.0003,1.9736645221710205,6195
-29.246391299999996,73,4296,56.03,0.13474000000000008,1481,109296,0.0003,1.9556472301483154,6205
-29.303390039999996,73,4300,55.16,0.13353666666666675,1481,109448,0.0003,0.7335818409919739,6215
-29.981363969999997,74,4304,56.42,0.1316683333333334,1481,109684,0.0003,1.160258412361145,6230
-30.08730227,74,4308,55.34,0.13040166666666686,1481,109844,0.0003,1.7898459434509277,6240
-30.933411630000002,74,4312,53.91,0.12926166666666683,1481,109988,0.0003,1.3419721126556396,6249
-30.44545958,74,4316,52.24,0.1279950000000002,1481,110148,0.0003,1.4052932262420654,6259
-30.14822346,74,4320,52.41,0.1262850000000001,1481,110364,0.0003,1.0381726026535034,6272
-29.973460569999993,74,4324,52.25,0.12277000000000005,1481,110808,0.0003,0.34888067841529846,6300
-29.95706448,74,4328,53.46,0.12188333333333345,1481,110920,0.0003,0.9112033247947693,6307
-29.55992106,75,4332,52.9,0.11931833333333353,1482,111244,0.0003,1.1287999153137207,6327
-29.507066270000006,75,4336,53.58,0.11827333333333345,1482,111376,0.0003,1.2750942707061768,6335
-30.065480030000003,75,4340,53.4,0.11631000000000014,1482,111624,0.0003,1.8754231929779053,6351
-29.75498884,75,4344,53.12,0.11548666666666663,1482,111728,0.0003,1.3284801244735718,6357
-30.109677230000003,75,4348,52.51,0.11399833333333342,1482,111916,0.0003,1.5203145742416382,6369
-30.956553859999996,75,4352,50.75,0.11187666666666674,1482,112184,0.0003,1.0918737649917603,6386
-31.492765079999995,75,4356,49.52,0.11076833333333358,1482,112324,0.0003,1.0549037456512451,6395
-31.95353921000001,75,4360,50.41,0.10839333333333334,1482,112624,0.0003,1.2866874933242798,6413
-32.549342,76,4364,49.93,0.10709499999999994,1482,112788,0.0003,1.5801074504852295,6424
-32.708242500000004,76,4368,49.77,0.10456166666666677,1483,113108,0.0003,1.9893574714660645,6444
-32.635988760000004,76,4372,50.68,0.10373833333333349,1483,113212,0.0003,1.9487193822860718,6450
-32.30799658,76,4376,50.92,0.10209166666666669,1483,113420,0.0003,1.9695278406143188,6463
-33.87454541,76,4380,50.72,0.10063500000000003,1483,113604,0.0003,0.27361783385276794,6475
-33.906961939999995,76,4384,51.03,0.09892500000000026,1483,113820,0.0003,1.6134732961654663,6488
-33.634947839999995,76,4388,51.28,0.09658166666666679,1483,114116,0.0003,1.40167236328125,6507
-33.46480667,77,4392,50.66,0.09477666666666662,1484,114344,0.0003,1.4039744138717651,6521
-33.94965248,77,4396,51.13,0.09354166666666686,1484,114500,0.0003,0.9539642333984375,6531
-34.250237379999994,77,4400,51.97,0.09230666666666676,1484,114656,0.0003,1.1239545345306396,6540
-33.77149423,77,4404,52.05,0.08993166666666674,1484,114956,0.0003,1.5041587352752686,6559
-34.960437320000004,77,4408,53.76,0.08796833333333354,1484,115204,0.0003,1.4696402549743652,6575
-34.77672578,77,4412,54.39,0.08616333333333326,1484,115432,0.0003,1.3101751804351807,6589
-35.384959699999996,77,4416,53.95,0.08518166666666671,1484,115556,0.0003,0.632683277130127,6597
-35.79174047000001,78,4420,55.94,0.08201500000000017,1484,115956,0.0003,1.6766525506973267,6622
-35.410899750000006,78,4424,56.01,0.07960833333333361,1485,116260,0.0003,0.9517776966094971,6641
-34.46903683,78,4428,55.38,0.07802500000000012,1485,116460,0.0003,1.7473276853561401,6653
-34.668600690000005,78,4432,55.93,0.0753016666666666,1485,116804,0.0003,1.536355972290039,6675
-34.28776978,78,4436,56.75,0.07327500000000009,1485,117060,0.0003,2.1728527545928955,6691
-33.72978979,78,4440,57.67,0.07093166666666673,1486,117356,0.0003,1.5907572507858276,6709
-33.50579801000001,79,4444,57.47,0.06972833333333339,1486,117508,0.0003,0.835686981678009,6719
-33.98563784,79,4448,59.02,0.06751166666666664,1486,117788,0.0003,1.1318529844284058,6736
-33.95882407,79,4452,60.13,0.06463000000000019,1486,118152,0.0003,1.4782214164733887,6759
-33.96226996,79,4456,59.87,0.06276166666666683,1486,118388,0.0003,1.215687870979309,6774
-34.23434944,79,4460,59.6,0.06048166666666688,1486,118676,0.0003,1.9042251110076904,6792
-34.12712908,79,4464,61.35,0.058328333333333426,1486,118948,0.0003,0.31065207719802856,6809
-34.70416171,80,4468,62.79,0.05627000000000015,1486,119208,0.0003,1.5211505889892578,6825
-35.010847569999996,80,4472,62.88,0.053705,1487,119532,0.0003,0.5726503133773804,6845
-35.24186929,80,4476,63.29,0.0522166666666668,1487,119720,0.0003,1.11904776096344,6857
-32.1247222,81,4480,64.1,0.05,1476,120044,0.0003,1.8329122066497803,6877
-32.566938570000005,81,4484,64.57,0.05,1476,120272,0.0003,1.3612134456634521,6891
-32.90822143,81,4488,65.12,0.05,1477,120604,0.0003,1.8193737268447876,6912
-32.97215421,81,4492,66.26,0.05,1477,120844,0.0003,0.5190874934196472,6927
-33.04857077,81,4496,66.23,0.05,1477,121056,0.0003,0.5429087281227112,6940
-31.585419270000006,82,4500,67.13,0.05,1477,121348,0.0003,0.5786697268486023,6959
-32.005400120000004,82,4504,68.21,0.05,1477,121720,0.0003,1.4086366891860962,6982
-30.19719248000001,82,4508,68.96,0.05,1478,122048,0.0003,0.6764144897460938,7002
-31.166856149999997,82,4512,69.7,0.05,1478,122396,0.0003,1.27439284324646,7024
-31.950270049999993,83,4516,71.0,0.05,1479,122800,0.0003,0.7629102468490601,7049
-31.18641975,83,4520,70.51,0.05,1479,122972,0.0003,1.424945592880249,7060
-31.829074940000005,83,4524,70.82,0.05,1478,123312,0.0003,0.9500003457069397,7081
-31.60526521,83,4528,71.61,0.05,1476,123756,0.0003,1.7872705459594727,7109
-32.281068059999996,84,4532,72.36,0.05,1475,124024,0.0003,1.208626389503479,7126
-32.863893929999996,84,4536,72.85,0.05,1474,124300,0.0003,1.5343198776245117,7143
-32.78979388,84,4540,72.78,0.05,1473,124652,0.0003,0.966240406036377,7165
-32.09500591,84,4544,73.62,0.05,1473,124936,0.0003,0.7124781608581543,7183
-32.09041817,84,4548,73.19,0.05,1473,125156,0.0003,0.7672961354255676,7197
-31.651114290000006,85,4552,73.19,0.05,1473,125512,0.0003,1.402286171913147,7219
-31.878952229999996,85,4556,74.0,0.05,1473,125824,0.0003,0.6932798624038696,7238
-32.40095544,85,4560,74.37,0.05,1474,126172,0.0003,0.5841237306594849,7260
-32.069946419999994,85,4564,73.72,0.05,1474,126304,0.0003,1.9528599977493286,7268
-31.192171449999996,85,4568,73.11,0.05,1474,126700,0.0003,1.3728814125061035,7293
-30.646279709999998,86,4572,74.2,0.05,1474,127076,0.0003,1.7338467836380005,7317
-30.428561289999998,86,4576,76.25,0.05,1475,127540,0.0003,0.9508668184280396,7346
-31.809380420000004,86,4580,77.77,0.05,1475,127888,0.0003,1.9201594591140747,7367
-31.534094789999997,86,4584,78.37,0.05,1476,128232,0.0003,1.2095844745635986,7389
-31.85419081,87,4588,78.76,0.05,1476,128488,0.0003,1.7965309619903564,7405
-31.965518699999993,87,4592,79.24,0.05,1476,128688,0.0003,1.3171430826187134,7417
-31.99720677,87,4596,81.23,0.05,1477,129296,0.0003,0.4518601894378662,7455
-32.672003169999996,87,4600,81.28,0.05,1477,129532,0.0003,1.7361221313476562,7470
-32.62984143,87,4604,79.77,0.05,1477,129748,0.0003,1.3886533975601196,7484
-32.459220910000006,87,4608,79.42,0.05,1477,130044,0.0003,0.5697459578514099,7502
-32.507583200000006,88,4612,79.86,0.05,1477,130392,0.0003,0.7423484921455383,7524
-31.76551852,88,4616,79.98,0.05,1478,130780,0.0003,1.2993470430374146,7548
-32.631756769999996,88,4620,80.79,0.05,1478,131052,0.0003,2.1837096214294434,7565
-32.54544432,88,4624,81.19,0.05,1479,131356,0.0003,0.9535477757453918,7584
-33.232289959999996,89,4628,80.3,0.05,1479,131728,0.0003,1.6391377449035645,7607
-32.46271601,89,4632,80.38,0.05,1479,132072,0.0003,1.8037567138671875,7629
-32.25624101,89,4636,79.91,0.05,1479,132344,0.0003,1.132301926612854,7646
-32.89276149999999,89,4640,80.87,0.05,1480,133116,0.0003,0.9486477375030518,7694
-33.58987852,90,4644,84.3,0.05,1480,133332,0.0003,0.5591800212860107,7708
-33.914720210000006,90,4648,84.7,0.05,1480,133832,0.0003,1.6658085584640503,7739
-34.651314590000005,90,4652,86.8,0.05,1480,134088,0.0003,1.4377827644348145,7755
-34.59221905,90,4656,86.95,0.05,1481,134532,0.0003,1.9435230493545532,7783
-34.84235869,90,4660,86.61,0.05,1481,134780,0.0003,0.7422387599945068,7798
-34.40567912,91,4664,86.78,0.05,1472,135112,0.0003,1.2200891971588135,7819
-34.92706081,91,4668,88.19,0.05,1473,135456,0.0003,1.0023726224899292,7840
-35.105546180000005,92,4672,87.11,0.05,1473,135572,0.0003,0.356099009513855,7848
-34.9848617,92,4676,84.87,0.05,1473,135900,0.0003,0.5720427632331848,7868
-35.23711232,92,4680,84.29,0.05,1474,136300,0.0003,1.3753904104232788,7893
-35.303527499999994,92,4684,85.1,0.05,1474,136652,0.0003,1.6704882383346558,7915
-34.39679092,92,4688,85.42,0.05,1474,136968,0.0003,0.9263204336166382,7935
-34.2947901,93,4692,85.67,0.05,1475,137348,0.0003,0.739398181438446,7959
-33.796814729999994,93,4696,84.29,0.05,1475,137628,0.0003,1.0858709812164307,7976
-34.358780939999995,93,4700,84.06,0.05,1475,137996,0.0003,1.7934556007385254,7999
-33.87227747,93,4704,85.08,0.05,1475,138312,0.0003,0.8396653532981873,8019
-34.25398264,94,4708,85.74,0.05,1476,138772,0.0003,0.9379787445068359,8048
-32.722956509999996,94,4712,85.91,0.05,1476,138976,0.0003,0.4944716989994049,8060
-32.24849649,94,4716,87.2,0.05,1476,139404,0.0003,0.7783583402633667,8087
-31.533247449999998,94,4720,87.07,0.05,1476,139792,0.0003,1.3255568742752075,8111
-30.7340523,94,4724,86.61,0.05,1477,140312,0.0003,1.6190422773361206,8144
-30.19579261000001,95,4728,86.23,0.05,1477,140520,0.0003,1.557440996170044,8157
-30.66734507,95,4732,87.3,0.05,1477,140864,0.0003,1.1545627117156982,8178
-30.475849040000003,95,4736,87.64,0.05,1477,141236,0.0003,1.1762511730194092,8202
-30.14617116000001,95,4740,87.92,0.05,1477,141624,0.0003,0.6038790941238403,8226
-30.414838980000003,95,4744,84.89,0.05,1478,141836,0.0003,2.8484947681427,8239
-30.216561860000002,96,4748,84.54,0.05,1478,142188,0.0003,0.6003780961036682,8261
-30.288033840000004,96,4752,83.52,0.05,1478,142464,0.0003,1.3142446279525757,8278
-29.805743160000006,96,4756,83.49,0.05,1478,142852,0.0003,0.2813047170639038,8303
-28.885535249999997,96,4760,84.04,0.05,1478,143220,0.0003,1.3630623817443848,8326
-29.06789186,97,4764,86.05,0.05,1478,143700,0.0003,2.8247244358062744,8356
-28.855540849999997,97,4768,85.33,0.05,1479,144036,0.0003,0.8611776232719421,8377
-29.222534460000002,97,4772,86.3,0.05,1479,144272,0.0003,1.158764123916626,8391
-31.556163980000004,97,4776,87.45,0.05,1479,144612,0.0003,1.4749735593795776,8413
-31.70431811,97,4780,86.72,0.05,1479,144964,0.0003,1.5521786212921143,8435
-31.7263364,98,4784,86.37,0.05,1479,145204,0.0003,2.138129472732544,8450
-32.235389510000005,98,4788,85.69,0.05,1480,145620,0.0003,1.279028058052063,8476
-32.26613219,98,4792,85.66,0.05,1480,145908,0.0003,0.8133590817451477,8494
-32.00955546,98,4796,85.97,0.05,1481,146256,0.0003,1.2083356380462646,8515
-33.155669089999996,98,4800,85.97,0.05,1481,146596,0.0003,0.6541039347648621,8537
-34.07975097,99,4804,86.04,0.05,1482,146924,0.0003,1.5762300491333008,8557
-33.27486783,99,4808,85.73,0.05,1483,147332,0.0003,0.8470529317855835,8583
-34.427194529999994,99,4812,86.19,0.05,1483,147684,0.0003,0.8470464944839478,8605
-35.08939145,99,4816,86.27,0.05,1484,148132,0.0003,0.6720860600471497,8633
-34.473994590000004,100,4820,86.43,0.05,1484,148504,0.0003,0.25269630551338196,8656
-35.00892324,100,4824,84.49,0.05,1485,148624,0.0003,0.9914578795433044,8663
-35.01940887999999,100,4828,84.09,0.05,1485,148692,0.0003,2.0849547386169434,8668
-35.196020129999994,100,4832,81.66,0.05,1485,149108,0.0003,1.5924983024597168,8694
-36.05376873,100,4836,81.7,0.05,1485,149316,0.0003,1.35189950466156,8707
-36.846704290000005,100,4840,81.38,0.05,1486,149648,0.0003,0.4463319778442383,8727
-36.108278850000005,101,4844,82.9,0.05,1478,150112,0.0003,1.7043852806091309,8756
-34.84895405,101,4848,82.73,0.05,1478,150372,0.0003,2.1332151889801025,8773
-34.22439938,101,4852,82.43,0.05,1479,150644,0.0003,1.0357295274734497,8790
-34.468604430000006,102,4856,82.54,0.05,1479,151028,0.0003,0.5755367279052734,8814
-38.236961369999996,102,4860,82.93,0.05,1480,151376,0.0003,1.622525691986084,8835
-37.85638739,102,4864,80.79,0.05,1481,151760,0.0003,0.48890548944473267,8859
-38.182027180000006,102,4868,81.4,0.05,1482,152124,0.0003,0.49460580945014954,8882
-37.47381748000001,102,4872,81.88,0.05,1482,152448,0.0003,1.789243221282959,8902
-35.60136179,103,4876,82.63,0.05,1483,153088,0.0003,1.6794705390930176,8942
-36.532458459999994,103,4880,84.17,0.05,1484,153372,0.0003,1.3542513847351074,8960
-36.23302479,103,4884,85.12,0.05,1484,153772,0.0003,0.5446385145187378,8985
-36.69881047999999,103,4888,85.02,0.05,1485,154004,0.0003,1.221511960029602,9000
-36.211739179999995,104,4892,85.84,0.05,1486,154648,0.0003,1.1088035106658936,9040
-36.74282639,104,4896,86.94,0.05,1487,154984,0.0003,0.8599621057510376,9061
-36.39455943,104,4900,89.11,0.05,1487,155476,0.0003,1.474927306175232,9092
-34.95576771,104,4904,89.04,0.05,1488,155852,0.0003,2.047044277191162,9115
-35.34980959,104,4908,89.04,0.05,1488,156060,0.0003,1.3351975679397583,9128
-35.998810920000004,105,4912,89.97,0.05,1489,156520,0.0003,0.9868258237838745,9157
-35.30357649,105,4916,87.35,0.05,1489,156696,0.0003,1.3743948936462402,9168
-36.23113492,105,4920,87.56,0.05,1490,157212,0.0003,0.9270305633544922,9200
-36.34491706,105,4924,88.53,0.05,1491,157508,0.0003,0.7433735728263855,9219
-36.37465348,105,4928,91.52,0.05,1491,157900,0.0003,0.35163310170173645,9243
-35.7165566,106,4932,92.9,0.05,1492,158312,0.0003,0.5035969614982605,9269
-34.99242557,106,4936,92.87,0.05,1492,158712,0.0003,0.5761656761169434,9294
-34.643749039999996,106,4940,92.58,0.05,1493,159144,0.0003,2.036641836166382,9321
-35.24802275,106,4944,92.85,0.05,1494,159592,0.0003,1.0152760744094849,9349
-36.97030715,107,4948,95.37,0.05,1494,159968,0.0003,1.0892717838287354,9372
-36.42211536,107,4952,95.84,0.05,1495,160348,0.0003,2.4530277252197266,9396
-36.58230554000001,107,4956,97.98,0.05,1494,160964,0.0003,0.4612639248371124,9435
-33.568450430000006,107,4960,97.68,0.05,1493,161240,0.0003,2.007039785385132,9452
-33.09102121,108,4964,99.94,0.05,1492,161648,0.0003,0.5914791226387024,9477
-33.05677407,108,4968,98.52,0.05,1492,161880,0.0003,2.167724370956421,9492
-33.869257700000006,108,4972,98.71,0.05,1492,162360,0.0003,1.9875019788742065,9522
-34.059963520000004,109,4976,99.9,0.05,1493,162984,0.0003,0.6756644248962402,9561
-33.49986464,109,4980,98.48,0.05,1494,163392,0.0003,2.29390025138855,9586
-33.78756122,109,4984,99.86,0.05,1495,163864,0.0003,0.9933240413665771,9616
-32.49897867,109,4988,100.62,0.05,1496,164172,0.0003,0.9833795428276062,9635
-33.04858957,109,4992,99.25,0.05,1496,164488,0.0003,2.278907299041748,9655
-33.74988257000001,110,4996,98.52,0.05,1496,164768,0.0003,1.4724147319793701,9672
-31.701407019999998,111,5000,96.76,0.05,1487,165128,0.0003,1.3017699718475342,9695
-30.943672859999996,111,5004,97.28,0.05,1488,165688,0.0003,1.9777103662490845,9730
-30.54988847,111,5008,97.99,0.05,1489,166056,0.0003,1.8730103969573975,9753
-29.494002250000005,111,5012,97.23,0.05,1489,166300,0.0003,1.88094961643219,9768
-29.75391435,111,5016,98.24,0.05,1490,166756,0.0003,1.8133249282836914,9797
-29.599037140000004,112,5020,98.33,0.05,1490,166948,0.0003,2.3282461166381836,9809
-28.80674183,112,5024,98.94,0.05,1491,167364,0.0003,0.8021887540817261,9835
-28.78438016,112,5028,98.31,0.05,1491,167728,0.0003,1.7172588109970093,9857
-29.00880704,112,5032,97.51,0.05,1492,168080,0.0003,1.2078536748886108,9879
-28.791907899999998,112,5036,97.54,0.05,1492,168408,0.0003,2.070136785507202,9900
-27.728907709999998,112,5040,96.42,0.05,1493,168704,0.0003,1.2583636045455933,9918
-27.41973382,113,5044,95.8,0.05,1493,169032,0.0003,0.8488348722457886,9939
-26.93694859,113,5048,95.38,0.05,1494,169492,0.0003,0.7547426223754883,9968
-26.949677769999997,113,5052,95.51,0.05,1495,169940,0.0003,1.4233253002166748,9996
-26.671034389999996,113,5056,93.7,0.05,1495,170320,0.0003,1.1145894527435303,10019
-26.4443222,113,5060,92.36,0.05,1495,170516,0.0003,1.8854010105133057,10032
-26.320957640000003,114,5064,93.22,0.05,1496,171068,0.0003,0.7401283979415894,10066
-25.503716150000006,114,5068,94.78,0.05,1497,171376,0.0003,0.7029704451560974,10085
-24.548055010000002,114,5072,95.11,0.05,1497,171912,0.0003,1.2183831930160522,10119
-23.581819099999997,114,5076,94.4,0.05,1498,172316,0.0003,0.8182820081710815,10144
-22.652980660000004,115,5080,95.17,0.05,1499,172744,0.0003,0.3785841763019562,10171
-22.391364660000004,115,5084,92.69,0.05,1499,173104,0.0003,1.8832955360412598,10193
-23.0647114,115,5088,93.31,0.05,1499,173564,0.0003,0.6455692052841187,10222
-22.70524946,115,5092,93.87,0.05,1499,173776,0.0003,1.104243278503418,10235
-22.10663919,116,5096,93.66,0.05,1499,174148,0.0003,0.8415994644165039,10259
-22.897146439999993,116,5100,93.4,0.05,1500,174564,0.0003,1.6674485206604004,10285
-22.86462685,116,5104,93.38,0.05,1500,174928,0.0003,1.767369031906128,10307
-22.992671189999996,116,5108,93.11,0.05,1500,175224,0.0003,0.9646687507629395,10326
-23.40159705,116,5112,91.76,0.05,1500,175580,0.0003,0.4756336808204651,10348
-23.59626213,117,5116,94.24,0.05,1500,176056,0.0003,1.4619231224060059,10378
-22.49804735,117,5120,93.57,0.05,1501,176424,0.0003,0.7951356172561646,10401
-23.04937587,117,5124,95.8,0.05,1501,176896,0.0003,1.7968353033065796,10430
-22.466275170000003,118,5128,94.71,0.05,1501,177396,0.0003,1.7780649662017822,10462
-23.013620690000007,118,5132,96.46,0.05,1501,177828,0.0003,0.8464775681495667,10489
-23.35341419,118,5136,97.19,0.05,1501,178064,0.0003,0.8548383116722107,10503
-22.608605449999995,118,5140,98.42,0.05,1502,178436,0.0003,1.0006197690963745,10527
-23.11331072,119,5144,98.64,0.05,1502,178976,0.0003,1.8526160717010498,10560
-22.423224939999997,119,5148,98.04,0.05,1502,179352,0.0003,1.1124930381774902,10584
-22.994844819999997,119,5152,97.36,0.05,1502,179592,0.0003,2.0414886474609375,10599
-23.18866387,119,5156,96.19,0.05,1502,179960,0.0003,0.30083897709846497,10622
-23.1135099,120,5160,96.19,0.05,1492,180080,0.0003,0.6609885692596436,10629
-23.136144029999997,121,5164,96.49,0.05,1493,180692,0.0003,1.3363643884658813,10668
-24.06175279,121,5168,96.52,0.05,1493,181088,0.0003,0.7776995301246643,10692
-24.55647801,121,5172,94.56,0.05,1493,181408,0.0003,0.9020392298698425,10712
-23.735108649999997,121,5176,93.5,0.05,1493,181728,0.0003,1.1010947227478027,10732
-23.900517619999995,121,5180,93.31,0.05,1493,182156,0.0003,0.5836743712425232,10759
-23.38056466,122,5184,93.84,0.05,1494,182644,0.0003,0.5495491623878479,10790
-22.821205729999996,122,5188,93.12,0.05,1494,182896,0.0003,1.9129753112792969,10805
-23.213798779999998,122,5192,93.62,0.05,1494,183256,0.0003,2.160399913787842,10828
-26.536153289999998,123,5196,96.41,0.05,1494,183948,0.0003,1.6580288410186768,10871
-25.915388479999997,123,5200,97.28,0.05,1494,184164,0.0003,1.2634823322296143,10885
-26.266858989999996,123,5204,97.66,0.05,1495,184780,0.0003,1.6558129787445068,10923
-26.998983339999995,123,5208,100.83,0.05,1495,185240,0.0003,1.8383029699325562,10952
-26.16808113,124,5212,100.35,0.05,1496,185820,0.0003,0.472026526927948,10988
-25.63140999,124,5216,99.92,0.05,1496,186020,0.0003,0.8440773487091064,11001
-27.068299120000002,124,5220,104.3,0.05,1496,186876,0.0003,0.9892562627792358,11054
-26.384244489999997,125,5224,103.45,0.05,1496,187344,0.0003,0.8628913164138794,11083
-26.955891759999997,125,5228,106.15,0.05,1497,187784,0.0003,1.1632835865020752,11111
-26.9817745,125,5232,105.99,0.05,1497,188412,0.0003,1.9188439846038818,11150
-26.69905701,125,5236,106.01,0.05,1497,188592,0.0003,2.1749625205993652,11161
-26.19949522,126,5240,106.27,0.05,1497,189084,0.0003,1.0410486459732056,11192
-26.202142270000003,126,5244,106.56,0.05,1498,189680,0.0003,1.6973949670791626,11229
-26.216832510000003,126,5248,106.16,0.05,1498,189964,0.0003,0.8638620376586914,11247
-27.35287634,127,5252,107.9,0.05,1498,190552,0.0003,1.2840170860290527,11284
-27.317255739999993,127,5256,109.44,0.05,1498,190964,0.0003,0.7834360599517822,11310
-26.137863779999996,127,5260,111.9,0.05,1499,191348,0.0003,0.6227583289146423,11334
-26.467524909999998,128,5264,112.22,0.05,1499,191984,0.0003,0.7995811104774475,11373
-25.92712859,128,5268,110.31,0.05,1499,192168,0.0003,0.9079670310020447,11385
-25.77679278999999,128,5272,112.19,0.05,1499,192596,0.0003,1.0293954610824585,11412
-27.433586800000004,128,5276,112.89,0.05,1499,192992,0.0003,1.2151763439178467,11436
-27.89957075,128,5280,111.07,0.05,1499,193192,0.0003,0.5126616954803467,11449
-28.877468559999993,128,5284,110.28,0.05,1499,193416,0.0003,1.1201322078704834,11463
-28.693632890000003,129,5288,109.86,0.05,1499,193864,0.0003,0.7160835266113281,11491
-28.503037489999997,129,5292,108.42,0.05,1500,194032,0.0003,0.8269349932670593,11501
-24.27249272,129,5296,105.19,0.05,1500,194220,0.0003,4.002141952514648,11513
-24.96058853,129,5300,104.46,0.05,1501,194828,0.0003,2.1538686752319336,11551
-25.29285478,131,5304,104.9,0.05,1489,195240,0.0003,0.8743959665298462,11577
-23.93623235,131,5308,103.17,0.05,1490,195728,0.0003,2.27264666557312,11607
-24.530685190000003,131,5312,105.99,0.05,1490,196176,0.0003,1.466318130493164,11635
-25.10857295,131,5316,103.8,0.05,1489,196312,0.0003,1.5398471355438232,11644
-24.645588969999995,132,5320,98.23,0.05,1489,196656,0.0003,2.7699384689331055,11665
-22.025400410000003,132,5324,98.44,0.05,1488,197156,0.0003,0.9750841856002808,11697
-21.679328400000003,132,5328,96.81,0.05,1488,197588,0.0003,1.7140105962753296,11724
-21.45173592,132,5332,95.74,0.05,1489,197816,0.0003,2.7225658893585205,11738
-21.580664539999997,133,5336,96.59,0.05,1489,198368,0.0003,0.800197422504425,11772
-23.000167930000007,133,5340,96.69,0.05,1490,198780,0.0003,1.828947901725769,11798
-21.644331280000003,133,5344,95.75,0.05,1490,199224,0.0003,1.5456162691116333,11826
-21.80682406,133,5348,97.78,0.05,1491,199892,0.0003,2.046827793121338,11868
-20.209290839999998,134,5352,97.09,0.05,1492,200048,0.0003,0.865166962146759,11877
-17.47098333,134,5356,97.86,0.05,1492,200520,0.0003,1.0647366046905518,11907
-18.605394680000003,134,5360,96.17,0.05,1493,200992,0.0003,1.1813355684280396,11936
-20.697546699999997,134,5364,94.69,0.05,1493,201472,0.0003,0.8439005613327026,11966
-21.131312240000003,135,5368,97.44,0.05,1494,202020,0.0003,1.0281122922897339,12001
-21.5527225,135,5372,96.89,0.05,1494,202216,0.0003,0.4871854782104492,12013
-20.81440042,135,5376,97.58,0.05,1495,202772,0.0003,0.7538875341415405,12048
-20.906312740000004,135,5380,101.8,0.05,1496,203300,0.0003,1.5287694931030273,12081
-20.29623216,136,5384,102.43,0.05,1496,203708,0.0003,1.9003838300704956,12106
-20.19756406,136,5388,103.14,0.05,1497,204260,0.0003,2.299992561340332,12141
-19.95123824,136,5392,105.85,0.05,1497,204596,0.0003,1.1324925422668457,12162
-20.7579538,136,5396,107.25,0.05,1498,205068,0.0003,1.5190403461456299,12191
-20.990593060000002,137,5400,107.1,0.05,1499,205572,0.0003,1.0346599817276,12223
-21.658841929999994,137,5404,109.09,0.05,1499,206112,0.0003,1.2062294483184814,12256
-22.698502770000005,137,5408,108.54,0.05,1500,206492,0.0003,1.571192741394043,12280
-22.369634669999996,137,5412,106.74,0.05,1500,206872,0.0003,0.9631252288818359,12304
-21.71708857,138,5416,109.55,0.05,1501,207340,0.0003,1.0771361589431763,12333
-21.554897200000006,138,5420,110.07,0.05,1501,207664,0.0003,0.7365673184394836,12353
-25.099413719999998,138,5424,110.64,0.05,1502,208204,0.0003,1.594275951385498,12387
-24.633025510000003,138,5428,111.37,0.05,1503,208684,0.0003,1.2694594860076904,12417
-25.22033814,138,5432,110.33,0.05,1503,208796,0.0003,0.8903059363365173,12424
-25.050424099999997,139,5436,107.7,0.05,1503,209180,0.0003,0.4801994264125824,12448
-24.66791518,139,5440,107.58,0.05,1504,209688,0.0003,1.509390115737915,12480
-25.775453980000005,140,5444,109.35,0.05,1496,210216,0.0003,1.8795833587646484,12513
-25.780430619999997,140,5448,107.83,0.05,1496,210372,0.0003,2.3898046016693115,12523
-25.73644309000001,140,5452,107.88,0.05,1497,210852,0.0003,0.8652228713035583,12553
-27.86877023,141,5456,107.48,0.05,1497,211344,0.0003,0.7734230160713196,12583
-28.279720240000003,141,5460,108.12,0.05,1498,211796,0.0003,0.5816593766212463,12612
-26.164354429999992,141,5464,107.84,0.05,1499,212188,0.0003,1.022637128829956,12636
-26.345419409999995,141,5468,106.27,0.05,1499,212636,0.0003,1.3654859066009521,12664
-26.567676709999997,141,5472,105.88,0.05,1500,212912,0.0003,1.0654882192611694,12681
-26.344231020000002,142,5476,105.68,0.05,1500,213368,0.0003,1.1368763446807861,12710
-25.85083724,142,5480,102.96,0.05,1500,213608,0.0003,1.200295090675354,12725
-25.38062822,142,5484,102.62,0.05,1501,214076,0.0003,0.8270300030708313,12754
-26.56743672,142,5488,102.5,0.05,1501,214368,0.0003,1.8261677026748657,12772
-26.532871869999997,143,5492,101.08,0.05,1502,214836,0.0003,0.3785330057144165,12802
-26.596953889999998,143,5496,101.16,0.05,1502,215304,0.0003,0.583434522151947,12831
-26.83592833,143,5500,102.68,0.05,1503,215808,0.0003,1.5581291913986206,12862
-27.23274758,143,5504,100.02,0.05,1503,216020,0.0003,0.8506075143814087,12876
-26.933183619999994,143,5508,98.52,0.05,1504,216352,0.0003,1.2522691488265991,12896
-26.63558464,143,5512,97.38,0.05,1504,216640,0.0003,0.5546965003013611,12914
-27.172009980000002,144,5516,96.57,0.05,1504,217068,0.0003,3.035872220993042,12941
-27.214764100000004,144,5520,97.84,0.05,1505,217496,0.0003,1.1447664499282837,12968
-26.353838610000004,144,5524,97.65,0.05,1506,218000,0.0003,2.4943888187408447,12999
-26.06472731,144,5528,98.18,0.05,1506,218420,0.0003,2.3207032680511475,13026
-25.355823580000006,145,5532,99.4,0.05,1507,218900,0.0003,1.3499724864959717,13056
-25.172801830000004,145,5536,102.26,0.05,1507,219356,0.0003,0.6220135688781738,13084
-25.36535569,145,5540,100.11,0.05,1507,219488,0.0003,0.9333693385124207,13092
-24.997449020000005,145,5544,99.7,0.05,1508,220128,0.0003,2.3086471557617188,13132
-24.443823370000004,146,5548,100.35,0.05,1508,220500,0.0003,0.3419818878173828,13156
-24.313283549999998,146,5552,99.5,0.05,1509,220912,0.0003,2.130704402923584,13181
-24.622493669999997,146,5556,98.79,0.05,1509,221232,0.0003,0.8351380228996277,13201
-23.83576861,146,5560,97.54,0.05,1509,221444,0.0003,2.0375988483428955,13215
-23.46666635,146,5564,96.32,0.05,1510,221824,0.0003,1.337095856666565,13238
-22.817727839999996,147,5568,96.95,0.05,1510,222176,0.0003,1.2492095232009888,13260
-22.565990499999998,147,5572,96.18,0.05,1510,222424,0.0003,0.5651847720146179,13276
-22.64845674,147,5576,95.85,0.05,1510,222916,0.0003,0.6640098094940186,13307
-20.79164119,147,5580,96.67,0.05,1510,223340,0.0003,1.6638215780258179,13333
-20.941866880000003,148,5584,97.63,0.05,1511,223776,0.0003,0.7872794270515442,13360
-19.77800522,148,5588,97.5,0.05,1511,224144,0.0003,1.0023295879364014,13383
-19.77495313,148,5592,97.92,0.05,1511,224536,0.0003,1.3311010599136353,13408
-17.62985587,148,5596,97.26,0.05,1511,224980,0.0003,0.780615508556366,13436
-16.7658438,150,5600,97.33,0.05,1502,225592,0.0003,0.679970383644104,13474
-16.010360839999997,150,5604,97.77,0.05,1502,225756,0.0003,1.0604524612426758,13484
-15.578540169999998,150,5608,96.87,0.05,1502,226096,0.0003,1.2341289520263672,13505
-16.08413186,150,5612,97.9,0.05,1502,226452,0.0003,2.097482919692993,13528
-15.788859160000001,150,5616,97.48,0.05,1502,226836,0.0003,0.8908220529556274,13552
-15.757996479999997,151,5620,96.41,0.05,1503,227220,0.0003,0.9261476397514343,13576
-15.876278429999997,151,5624,95.31,0.05,1503,227536,0.0003,0.43485310673713684,13595
-16.47142496,151,5628,92.11,0.05,1503,227632,0.0003,0.21738171577453613,13601
-16.01992513,151,5632,93.19,0.05,1503,228204,0.0003,0.9257084131240845,13637
-16.35780847,152,5636,92.36,0.05,1503,228620,0.0003,2.251864194869995,13663
-15.928471219999999,152,5640,94.14,0.05,1503,229144,0.0003,1.0294374227523804,13696
-15.776945220000002,152,5644,93.99,0.05,1503,229380,0.0003,0.5800296068191528,13711
-16.48128658,152,5648,92.66,0.05,1504,229724,0.0003,0.3974428176879883,13732
-16.28563378,153,5652,92.41,0.05,1504,230236,0.0003,1.8189828395843506,13764
-16.65961649,153,5656,92.83,0.05,1504,230628,0.0003,2.636303424835205,13789
-16.12759309,153,5660,95.7,0.05,1504,231064,0.0003,0.9817564487457275,13816
-16.174641870000002,153,5664,97.79,0.05,1505,231556,0.0003,2.244659900665283,13847
-17.32071399,154,5668,99.81,0.05,1505,232384,0.0003,1.2730257511138916,13898
-17.22643021,154,5672,102.19,0.05,1505,232548,0.0003,0.5393343567848206,13909
-17.488422349999997,154,5676,99.42,0.05,1505,232780,0.0003,2.5033764839172363,13923
-19.039463210000005,155,5680,100.56,0.05,1505,233424,0.0003,0.7755366563796997,13963
-19.54604181,155,5684,101.09,0.05,1505,234008,0.0003,0.943462610244751,14000
-20.380995950000003,155,5688,101.81,0.05,1505,234320,0.0003,0.8777094483375549,14019
-19.737878079999998,156,5692,102.77,0.05,1503,234988,0.0003,1.013424038887024,14061
-21.884365639999995,156,5696,105.71,0.05,1502,235548,0.0003,0.9213736057281494,14096
-22.371233779999997,157,5700,105.46,0.05,1502,236016,0.0003,1.6231725215911865,14125
-22.284602579999998,157,5704,105.21,0.05,1503,236420,0.0003,0.5970136523246765,14151
-22.539610760000006,157,5708,106.29,0.05,1503,236764,0.0003,2.016300916671753,14172
-22.48359718,157,5712,106.91,0.05,1503,237332,0.0003,0.7629726529121399,14208
-22.188757870000003,158,5716,108.58,0.05,1503,237748,0.0003,1.497308373451233,14234
-22.22088393,158,5720,108.99,0.05,1503,238068,0.0003,0.5574847459793091,14254
-23.276796820000005,158,5724,110.12,0.05,1503,238452,0.0003,1.5730379819869995,14278
-22.769053740000004,158,5728,112.44,0.05,1504,238904,0.0003,0.6807401180267334,14306
-22.939911179999996,159,5732,111.96,0.05,1504,239352,0.0003,1.609583854675293,14334
-23.593834920000003,159,5736,111.78,0.05,1504,239884,0.0003,0.9195036888122559,14367
-24.283483659999998,160,5740,111.5,0.05,1496,240188,0.0003,1.0812263488769531,14386
-25.0106833,160,5744,112.13,0.05,1496,240644,0.0003,0.7312800884246826,14415
-24.65377246,161,5748,114.29,0.05,1496,241276,0.0003,1.8037927150726318,14454
-24.024603040000002,161,5752,116.58,0.05,1497,241880,0.0003,0.6381075382232666,14492
-23.884443309999998,161,5756,117.49,0.05,1497,242168,0.0003,1.3241877555847168,14510
-24.846393390000003,161,5760,112.65,0.05,1497,242360,0.0003,1.4225811958312988,14522
-24.980847890000003,162,5764,110.12,0.05,1497,242612,0.0003,1.0989477634429932,14538
-24.874020719999997,162,5768,107.05,0.05,1497,242892,0.0003,1.3343507051467896,14555
-23.31094492,162,5772,108.09,0.05,1497,243416,0.0003,0.6850552558898926,14588
-22.419499339999998,162,5776,111.48,0.05,1497,243944,0.0003,2.0225143432617188,14621
-22.608467129999998,163,5780,110.17,0.05,1497,244508,0.0003,0.5733051896095276,14656
-22.607612489999998,163,5784,108.57,0.05,1497,244660,0.0003,1.4942784309387207,14666
-22.38187729,163,5788,110.53,0.05,1498,245448,0.0003,1.4409666061401367,14715
-22.900653909999996,164,5792,110.91,0.05,1498,246128,0.0003,1.0839431285858154,14757
-22.41556301,164,5796,108.92,0.05,1498,246440,0.0003,0.7988877892494202,14777
-22.006063989999998,164,5800,107.53,0.05,1498,246572,0.0003,1.7862244844436646,14785
-21.378471330000007,165,5804,108.71,0.05,1498,247404,0.0003,0.5086272358894348,14837
-20.158490240000003,165,5808,110.79,0.05,1499,247660,0.0003,1.1443201303482056,14853
-19.82971763,165,5812,113.81,0.05,1499,248484,0.0003,0.37159594893455505,14905
-19.786585969999997,165,5816,113.15,0.05,1499,248920,0.0003,1.0390547513961792,14932
-19.19807973,166,5820,115.45,0.05,1499,249648,0.0003,0.26597726345062256,14977
-18.84198024,166,5824,116.62,0.05,1499,250160,0.0003,1.4699745178222656,15009
-18.99685218,167,5828,117.09,0.05,1499,250660,0.0003,1.2930529117584229,15041
-18.874761720000002,167,5832,118.22,0.05,1500,251216,0.0003,0.9243387579917908,15075
-17.1966866,167,5836,119.9,0.05,1500,251700,0.0003,0.7067812085151672,15106
-15.586738579999999,168,5840,120.17,0.05,1500,252132,0.0003,1.4699103832244873,15133
-14.395956099999996,168,5844,122.23,0.05,1500,253012,0.0003,0.9125654101371765,15188
-14.40100876,168,5848,121.53,0.05,1500,253236,0.0003,1.7564575672149658,15202
-12.391361530000001,169,5852,120.95,0.05,1501,253924,0.0003,0.3306448757648468,15245
-11.56324472,169,5856,119.8,0.05,1501,254152,0.0003,0.7276844382286072,15259
-11.395524659999996,169,5860,122.07,0.05,1501,254604,0.0003,1.064229965209961,15287
-11.312048949999998,170,5864,125.0,0.05,1492,255012,0.0003,0.2685708999633789,15313
-9.770559700000002,171,5868,124.92,0.05,1493,255560,0.0003,0.9532879590988159,15347
-10.28915908,171,5872,125.06,0.05,1493,256056,0.0003,0.8611821532249451,15378
-11.631847219999997,171,5876,128.04,0.05,1493,256716,0.0003,0.9704658389091492,15419
-12.265231020000003,172,5880,128.73,0.05,1494,257348,0.0003,1.0279872417449951,15459
-11.77248968,172,5884,129.53,0.05,1494,257672,0.0003,1.173652172088623,15479
-10.927699599999999,172,5888,131.28,0.05,1494,258500,0.0003,0.36283135414123535,15531
-10.08234522,173,5892,133.62,0.05,1494,259392,0.0003,0.7744449377059937,15586
-9.85825448,173,5896,135.15,0.05,1495,260168,0.0003,0.5712907910346985,15635
-9.58543676,174,5900,138.57,0.05,1495,260708,0.0003,1.4929747581481934,15669
-9.844720209999998,174,5904,137.83,0.05,1495,261132,0.0003,0.31521594524383545,15695
-10.676032259999998,174,5908,136.84,0.05,1495,261368,0.0003,1.39548659324646,15710
-10.70709091,175,5912,133.44,0.05,1495,261976,0.0003,1.2459616661071777,15748
-10.997739590000002,175,5916,133.58,0.05,1495,262268,0.0003,1.5808221101760864,15766
-10.7233456,175,5920,133.1,0.05,1496,262904,0.0003,1.3645961284637451,15806
-10.464946390000001,176,5924,131.81,0.05,1496,263436,0.0003,0.5524860620498657,15839
-10.33403272,176,5928,131.95,0.05,1496,263844,0.0003,1.7351205348968506,15865
-7.8491637600000015,176,5932,129.05,0.05,1496,264036,0.0003,1.5548232793807983,15877
-9.11146972,176,5936,126.82,0.05,1496,264452,0.0003,0.6044369339942932,15903
-9.388214679999997,176,5940,127.55,0.05,1497,264912,0.0003,0.6489652991294861,15931
-8.97397539,177,5944,123.73,0.05,1497,265356,0.0003,0.8977231383323669,15959
-9.44156646,177,5948,123.35,0.05,1497,265624,0.0003,0.5755411982536316,15976
-11.69472212,177,5952,123.87,0.05,1497,266360,0.0003,2.814074993133545,16022
-11.762663849999997,178,5956,125.3,0.05,1497,266856,0.0003,0.7215822339057922,16053
-11.211838660000002,178,5960,126.43,0.05,1497,267196,0.0003,0.6776525974273682,16074
-10.46560115,178,5964,124.61,0.05,1498,267604,0.0003,1.2661378383636475,16100
-10.39153055,178,5968,125.85,0.05,1498,267932,0.0003,0.27001169323921204,16120
-10.33559394,179,5972,123.8,0.05,1497,268528,0.0003,1.0591800212860107,16157
-7.980223689999998,179,5976,118.5,0.05,1496,268896,0.0003,0.45377230644226074,16180
-6.797583279999999,180,5980,120.54,0.05,1495,269496,0.0003,0.6089813709259033,16218
-5.82706543,180,5984,121.83,0.05,1495,269776,0.0003,1.8308080434799194,16235
-5.91103236,181,5988,117.44,0.05,1486,270412,0.0003,0.3626558184623718,16275
-6.14552867,182,5992,114.68,0.05,1486,270692,0.0003,1.1600642204284668,16293
-4.0546562700000015,182,5996,115.36,0.05,1487,271640,0.0003,1.3322386741638184,16352
-4.0468574,182,6000,114.98,0.05,1487,272076,0.0003,1.1335147619247437,16379
-3.946707660000001,183,6004,117.63,0.05,1488,273040,0.0003,1.1939905881881714,16439
-3.526746179999999,183,6008,118.64,0.05,1488,273320,0.0003,0.27812743186950684,16457
-2.9251379499999994,184,6012,119.76,0.05,1488,274028,0.0003,0.9061774015426636,16501
-1.5463190200000005,184,6016,121.91,0.05,1489,274556,0.0003,0.9988439083099365,16534
-1.33163505,184,6020,120.25,0.05,1489,275100,0.0003,0.7935210466384888,16568
-0.23891728000000026,185,6024,121.1,0.05,1489,275624,0.0003,1.4636329412460327,16601
-0.49681100999999955,185,6028,121.18,0.05,1489,275860,0.0003,1.6058200597763062,16616
-0.6376073899999994,185,6032,123.81,0.05,1490,276532,0.0003,0.9248250722885132,16658
1.1139634600000001,185,6036,125.98,0.05,1490,277144,0.0003,0.8621547818183899,16696
0.9775209800000003,186,6040,129.24,0.05,1490,277868,0.0003,1.0476371049880981,16741
0.75265815,186,6044,130.9,0.05,1491,278300,0.0003,1.081687092781067,16768
1.23953048,186,6048,129.17,0.05,1491,278684,0.0003,0.8810979127883911,16792
0.9177183900000006,187,6052,128.63,0.05,1491,279084,0.0003,0.5952361226081848,16817
1.1861498200000007,187,6056,132.61,0.05,1491,279928,0.0003,0.38048064708709717,16870
2.8720806600000004,187,6060,132.51,0.05,1492,280448,0.0003,1.553556203842163,16902
3.50994113,188,6064,131.88,0.05,1492,280724,0.0003,0.7127688527107239,16920
3.70331542,188,6068,133.61,0.05,1492,281388,0.0003,0.5432258248329163,16961
5.063496,188,6072,134.59,0.05,1492,281860,0.0003,0.8049509525299072,16991
3.3026756799999997,189,6076,135.15,0.05,1492,282344,0.0003,0.37719595432281494,17021
3.56783244,189,6080,134.77,0.05,1493,282836,0.0003,1.6328051090240479,17052
2.6715186400000004,189,6084,132.4,0.05,1493,283064,0.0003,1.2734893560409546,17066
1.30310333,189,6088,131.26,0.05,1493,283500,0.0003,1.0767571926116943,17093
4.77949126,190,6092,130.58,0.05,1493,283800,0.0003,2.0351433753967285,17112
2.375799280000001,190,6096,126.49,0.05,1493,284352,0.0003,0.564466655254364,17146
4.7994423,190,6100,126.49,0.05,1493,284908,0.0003,0.30197617411613464,17181
5.015335880000002,192,6104,126.46,0.05,1485,285536,0.0003,0.5247069597244263,17220
4.567819620000002,192,6108,126.71,0.05,1485,285980,0.0003,0.8782565593719482,17248
4.81996169,192,6112,127.26,0.05,1485,286600,0.0003,1.0805010795593262,17287
3.9595664800000008,193,6116,126.0,0.05,1485,287180,0.0003,0.26544976234436035,17323
3.368937740000001,193,6120,125.94,0.05,1485,287444,0.0003,0.751949667930603,17340
4.191275830000002,193,6124,124.36,0.05,1486,288072,0.0003,0.2622641921043396,17379
4.783928900000001,194,6128,126.76,0.05,1487,288676,0.0003,0.3185201585292816,17417
2.6252026400000013,194,6132,127.13,0.05,1487,289184,0.0003,0.2526564598083496,17448
0.9102938300000004,194,6136,125.02,0.05,1488,289832,0.0003,1.0347145795822144,17489
0.7058177800000002,195,6140,125.02,0.05,1488,290368,0.0003,1.5753222703933716,17522
-0.5041548299999998,195,6144,122.63,0.05,1489,290884,0.0003,0.8160818219184875,17555
-0.2004365800000009,195,6148,126.04,0.05,1489,291244,0.0003,0.7178322076797485,17577
-0.3279247800000003,195,6152,126.49,0.05,1490,291860,0.0003,0.3804640471935272,17616
-0.38054675000000016,196,6156,122.08,0.05,1490,292324,0.0003,0.5541884899139404,17645
-2.038887130000001,196,6160,123.53,0.05,1491,292792,0.0003,0.937029242515564,17674
-3.717369560000001,196,6164,125.05,0.05,1491,293324,0.0003,0.5715146660804749,17707
-3.7286816100000006,196,6168,125.17,0.05,1491,293892,0.0003,0.6151007413864136,17743
-4.6381739600000005,197,6172,125.19,0.05,1492,294372,0.0003,1.2480608224868774,17773
-5.09359449,197,6176,124.72,0.05,1492,294564,0.0003,0.936660647392273,17785
-5.62286428,197,6180,122.25,0.05,1492,295140,0.0003,1.7770121097564697,17821
-5.593380209999999,197,6184,122.16,0.05,1493,295300,0.0003,0.2482355833053589,17831
-4.870827,198,6188,122.93,0.05,1493,295864,0.0003,2.6415443420410156,17866
-8.30678987,198,6192,124.42,0.05,1493,296424,0.0003,2.494183301925659,17901
-7.62124326,198,6196,127.14,0.05,1494,296748,0.0003,1.0094553232192993,17921
-10.7491908,198,6200,122.42,0.05,1494,296936,0.0003,0.37639182806015015,17933
-11.14301036,199,6204,120.43,0.05,1494,297552,0.0003,0.36264464259147644,17971
-12.07800547,199,6208,118.8,0.05,1495,297872,0.0003,0.22812145948410034,17991
-12.563976010000003,199,6212,120.74,0.05,1495,298640,0.0003,0.7695686221122742,18039
-11.961669140000001,199,6216,119.99,0.05,1496,299180,0.0003,0.5961835980415344,18073
-11.55588626,200,6220,120.45,0.05,1497,299852,0.0003,2.269907236099243,18115
