rollout/ep_rew_mean,time/time_elapsed,time/episodes,rollout/ep_len_mean,rollout/exploration_rate,time/fps,time/total_timesteps,train/learning_rate,train/loss,train/n_updates
-33.240435500000004,0,4,9.25,0.9993983333333334,169,76,,,
-35.33556887500001,0,8,13.625,0.99886,299,144,,,
-35.44415225000001,0,12,14.416666666666666,0.9985116666666667,375,188,,,
-34.802298750000006,0,16,12.75,0.9982899999999999,417,216,,,
-34.56889210000001,0,20,11.75,0.9976883333333332,529,292,,,
-34.671379916666666,0,24,13.25,0.9972766666666668,594,344,,,
-34.93908492857143,0,28,13.5,0.9969283333333332,646,388,,,
-34.90626075,0,32,13.0625,0.996485,704,444,,,
-34.91811427777778,0,36,13.777777777777779,0.9958516666666667,785,524,,,
-34.79509070731707,0,40,13.804878048780488,0.9953766666666667,838,584,,,
-34.73620497727273,0,44,13.818181818181818,0.9950916666666667,869,620,,,
-34.6220778125,0,48,13.541666666666666,0.9946166666666667,917,680,,,
-34.63532094230769,0,52,13.75,0.9942683333333332,945,724,,,
-34.80495507142857,0,56,13.732142857142858,0.9936033333333334,1002,808,,,
-34.72046461666666,0,60,13.85,0.9933816666666666,1015,836,,,
-34.785873453125,0,64,13.828125,0.9926533333333335,1066,928,,,
-34.782834264705876,0,68,13.764705882352942,0.99183,1121,1032,,,
-34.855628930555554,0,72,14.652777777777779,0.991545,1133,1068,,,
-34.85270392105263,0,76,14.486842105263158,0.9909433333333333,1167,1144,,,
-34.7768534875,1,80,14.3,0.9906266666666667,1178,1184,,,
-34.68947841666667,1,84,14.035714285714286,0.9901199999999999,1202,1248,,,
-35.04030370454546,1,88,14.284090909090908,0.9897716666666666,1215,1292,,,
-35.09231565217391,1,92,14.347826086956522,0.9893283333333333,1237,1348,,,
-35.040216237113405,1,96,14.329896907216495,0.9886633333333334,1273,1432,,,
-35.10333336000001,1,100,14.5,0.98841,1276,1464,,,
-35.107096240000004,1,104,14.6,0.9879666666666667,1294,1520,,,
-35.009477360000005,1,108,14.39,0.9875233333333333,1308,1576,,,
-34.97413741,1,112,14.19,0.98727,1313,1608,,,
-34.960359909999994,1,116,14.38,0.9866683333333333,1333,1684,,,
-34.95777474,1,120,14.81,0.9858766666666667,1360,1784,,,
-35.00938247,1,124,14.49,0.9854333333333334,1371,1840,,,
-34.8603829,1,128,14.22,0.9850850000000001,1378,1884,,,
-34.875013620000004,1,132,14.3,0.9846099999999999,1391,1944,,,
-35.34870942,1,136,14.65,0.9843249999999999,1398,1980,,,
-35.53760826,1,140,14.91,0.9837233333333333,1418,2056,,,
-35.5535039,1,144,15.03,0.9830266666666667,1436,2144,,,
-35.573910760000004,1,148,15.24,0.9825833333333334,1443,2200,,,
-35.50393416,1,152,15.01,0.9819816666666668,1457,2276,,,
-35.49203068,1,156,15.2,0.9818233333333335,1459,2296,,,
-35.4844047,1,160,14.85,0.9814116666666667,1465,2348,,,
-35.424646540000005,1,164,14.85,0.981,1471,2400,,,
-35.4592345,1,168,14.9,0.9805883333333333,1478,2452,,,
-35.51847099,1,172,14.24,0.9801133333333333,1486,2512,,,
-35.47862333,1,176,14.33,0.9798283333333333,1485,2548,,,
-35.45222856,1,180,14.21,0.9794166666666666,1490,2600,,,
-35.52159743,1,184,14.39,0.9788783333333334,1497,2668,,,
-35.16246456,1,188,14.29,0.9784666666666667,1503,2720,,,
-35.19597895,1,192,14.36,0.9777699999999999,1513,2808,,,
-35.15981862,1,196,14.69,0.9772316666666667,1522,2876,,,
-35.00583938,1,200,14.27,0.9769466666666667,1525,2912,,,
-34.95964611,1,204,14.53,0.9763766666666667,1536,2984,,,
-34.93187827,1,208,14.53,0.9759016666666668,1543,3044,,,
-35.03284975,1,212,14.73,0.9756483333333333,1544,3076,,,
-35.05489155,2,216,14.57,0.9753633333333334,1545,3112,,,
-35.02714313999999,2,220,14.12,0.9750466666666667,1550,3152,,,
-34.92941038,2,224,14.05,0.9746983333333334,1554,3196,,,
-34.9830891,2,228,14.14,0.9740966666666668,1564,3272,,,
-35.00068763,2,232,14.51,0.9735583333333333,1569,3340,,,
-34.571993049999996,2,236,13.95,0.9734,1568,3360,,,
-34.38036146,2,240,13.52,0.9728616666666666,1573,3428,,,
-34.35950407,2,244,13.35,0.9724499999999998,1575,3480,,,
-34.597410190000005,2,248,13.43,0.9720383333333334,1578,3532,,,
-34.63109007,2,252,13.47,0.9716583333333333,1581,3580,,,
-34.49740519,2,256,13.32,0.9712149999999999,1584,3636,,,
-34.48949926,2,260,13.36,0.9705816666666667,1591,3716,,,
-34.48301423,2,264,13.67,0.9702966666666667,1589,3752,,,
-34.614124450000006,2,268,13.8,0.9695999999999999,1593,3840,,,
-34.437193140000005,2,272,14.02,0.9689666666666666,1599,3920,,,
-34.6272615,2,276,14.16,0.9686816666666667,1600,3956,,,
-34.69073209,2,280,14.4,0.9679533333333333,1609,4048,,,
-34.80807497,2,284,14.54,0.9675416666666665,1612,4100,,,
-34.81306743,2,288,14.22,0.9671933333333333,1613,4144,,,
-34.68106215999999,2,292,13.99,0.9663383333333333,1623,4252,,,
-34.689592880000006,2,296,14.31,0.965895,1625,4308,,,
-34.74357768,2,300,14.69,0.9653250000000001,1629,4380,,,
-34.741424329999994,2,304,14.63,0.964945,1632,4428,,,
-34.59556133,2,308,14.38,0.9645016666666667,1637,4484,,,
-34.732259109999994,2,312,14.5,0.9640899999999999,1639,4536,,,
-34.75329659,2,316,14.64,0.9636466666666667,1642,4592,,,
-34.85637377999999,2,320,14.87,0.9633616666666666,1643,4628,,,
-34.95856303000001,2,324,15.09,0.96276,1650,4704,,,
-34.93830499,2,328,15.12,0.962475,1650,4740,,,
-34.85205045,2,332,14.61,0.9621899999999999,1651,4776,,,
-34.743624839999995,2,336,14.7,0.9615883333333333,1654,4852,,,
-34.80569968,2,340,14.93,0.9610816666666667,1656,4916,,,
-34.8305087,3,344,15.18,0.9604166666666666,1663,5000,,,
-34.65905318,3,348,15.09,0.9601633333333334,1663,5032,,,
-34.64447465,3,352,15.0,0.959625,1667,5100,,,
-34.83992038,3,356,15.1,0.9589916666666667,1670,5180,,,
-35.110635370000004,3,360,15.59,0.9586433333333335,1674,5224,,,
-35.11240123,3,364,15.25,0.9581366666666666,1677,5288,,,
-34.9734496,3,368,15.06,0.9577249999999999,1679,5340,,,
-35.210833220000005,3,372,15.05,0.9567116666666668,1684,5468,,,
-35.01128629,3,376,15.15,0.9560783333333333,1687,5548,,,
-35.09960676000001,3,380,15.19,0.9553816666666668,1691,5636,,,
-35.52977287,3,384,15.93,0.9548749999999999,1694,5700,,,
-35.689988340000006,3,388,16.26,0.9544950000000001,1695,5748,,,
-35.63106346000001,3,392,15.89,0.9541783333333332,1697,5788,,,
-35.684271730000006,3,396,15.41,0.9537033333333332,1700,5848,,,
-35.748781339999994,3,400,15.42,0.9532283333333333,1701,5908,,,
-35.79156858,3,404,15.21,0.9528166666666666,1702,5960,,,
-35.91307999,3,408,15.42,0.9524683333333334,1704,6004,,,
-35.84420357,3,412,15.29,0.9518033333333332,1708,6088,,,
-35.79936736,3,416,15.33,0.95117,1711,6168,,,
-35.92996669,3,420,15.79,0.9506316666666668,1714,6236,,,
-35.72354523,3,424,15.76,0.9501566666666665,1715,6296,,,
-35.76087022,3,428,15.79,0.9497450000000001,1714,6348,,,
-35.758836720000005,3,432,16.12,0.9491433333333334,1713,6424,,,
-35.80571103,3,436,16.12,0.9485416666666665,1716,6500,,,
-36.05424823,3,440,16.28,0.9482249999999999,1715,6540,,,
-36.14006877,3,444,16.01,0.9478133333333334,1715,6592,,,
-36.183259830000004,3,448,16.08,0.9469583333333333,1722,6700,,,
-36.11420519,3,452,16.58,0.946515,1721,6756,,,
-36.07105094,3,456,16.37,0.9462933333333332,1721,6784,,,
-35.81071344,3,460,16.0,0.9458816666666667,1721,6836,,,
-35.86252296,4,464,16.25,0.945375,1719,6900,,,
-35.79349809,4,468,16.08,0.9449,1714,6960,,,
-35.573789819999995,4,472,15.98,0.9445516666666668,1714,7004,,,
-35.60591635,4,476,15.89,0.9437283333333333,1717,7108,,,
-35.67704609,4,480,16.06,0.9434116666666666,1716,7148,,,
-35.1644337,4,484,15.18,0.943,1715,7200,,,
-34.99109851,4,488,14.93,0.9425566666666666,1715,7256,,,
-35.048763959999995,4,492,15.13,0.94224,1715,7296,,,
-35.19917346,4,496,15.55,0.9408149999999998,1723,7476,,,
-35.56238011000001,4,500,16.11,0.9401816666666666,1725,7556,,,
-35.76194633,4,504,16.57,0.9396116666666666,1727,7628,,,
-35.64492572,4,508,16.65,0.9392000000000001,1728,7680,,,
-35.68736382,4,512,16.87,0.9383450000000001,1731,7788,,,
-36.086845909999994,4,516,17.3,0.9378383333333332,1732,7852,,,
-35.90922715,4,520,16.85,0.9375216666666666,1732,7892,,,
-36.01446555,4,524,16.62,0.937015,1734,7956,,,
-35.98799167999999,4,528,16.8,0.9366033333333333,1734,8008,,,
-36.024580949999994,4,532,16.71,0.9360016666666666,1735,8084,,,
-35.97583424,4,536,16.6,0.9356533333333334,1734,8128,,,
-35.73155229,4,540,16.47,0.9351783333333334,1735,8188,,,
-35.71430926,4,544,16.66,0.93464,1736,8256,,,
-35.67431176,4,548,16.68,0.9340383333333334,1738,8332,,,
-35.68271998,4,552,16.21,0.9337533333333333,1736,8368,,,
-35.876364020000004,4,556,16.63,0.9329299999999999,1738,8472,,,
-35.82975471,4,560,16.91,0.9325500000000001,1738,8520,,,
-35.750772659999996,4,564,16.58,0.9322016666666666,1737,8564,,,
-35.74478044000001,4,568,16.7,0.9316633333333334,1738,8632,,,
-35.689347940000005,4,572,16.72,0.9313466666666668,1738,8672,,,
-35.673230399999994,5,576,16.4,0.9308716666666668,1738,8732,,,
-35.48103689,5,580,16.18,0.9304600000000001,1740,8784,,,
-35.438774370000004,5,584,16.26,0.9300483333333334,1740,8836,,,
-35.41657926,5,588,16.35,0.9294783333333333,1741,8908,,,
-35.47128806,5,592,16.58,0.9290983333333335,1741,8956,,,
-35.355657900000004,5,596,16.23,0.9286233333333332,1742,9016,,,
-35.01322122,5,600,15.53,0.9280216666666666,1744,9092,,,
-34.86497265,5,604,15.21,0.927705,1744,9132,,,
-34.901618619999994,5,608,14.9,0.9273250000000001,1744,9180,,,
-34.79334883999999,5,612,14.63,0.9270400000000001,1744,9216,,,
-34.507423980000006,5,616,14.12,0.9267550000000001,1744,9252,,,
-34.622152449999994,5,620,14.22,0.9259950000000001,1746,9348,,,
-35.21054947999999,5,624,14.62,0.9255516666666668,1746,9404,,,
-35.20801348,5,628,14.49,0.9251400000000001,1746,9456,,,
-35.178906919999996,5,632,14.33,0.9247599999999999,1746,9504,,,
-35.1762653,5,636,14.43,0.9244116666666666,1747,9548,,,
-35.05106844,5,640,14.03,0.9241266666666667,1747,9584,,,
-34.932082799999996,5,644,13.79,0.92381,1746,9624,,,
-34.86805417,5,648,13.5,0.923335,1746,9684,,,
-34.7754779,5,652,13.5,0.9227650000000001,1747,9756,,,
-34.65614669000001,5,656,13.46,0.9225433333333333,1747,9784,,,
-34.69421316,5,660,13.26,0.9219416666666665,1749,9860,,,
-34.70035786,5,664,13.46,0.9214983333333332,1749,9916,,,
-34.69987423,5,668,13.67,0.9209283333333335,1751,9988,,,
-34.71663966,5,672,13.56,0.92058,1750,10032,0.0003,2.617945432662964,1
-34.842835570000005,5,676,13.67,0.9198833333333335,1742,10120,0.0003,1.9008443355560303,7
-35.116918850000005,5,680,13.89,0.9196933333333333,1739,10144,0.0003,0.4921952784061432,8
-35.166624569999996,5,684,13.8,0.9190916666666666,1733,10220,0.0003,2.5826029777526855,13
-35.34394506,5,688,13.81,0.9187116666666668,1729,10268,0.0003,2.3346874713897705,16
-35.215273780000004,5,692,13.73,0.9182683333333335,1725,10324,0.0003,3.0240797996520996,20
-35.22161209,6,696,13.6,0.9176666666666667,1722,10400,0.0003,2.3346877098083496,24
-35.37101013,6,700,13.67,0.9170650000000001,1717,10476,0.0003,2.105693817138672,29
-35.67264319,6,704,13.9,0.9165899999999999,1712,10536,0.0003,2.785835027694702,33
-35.670781520000006,6,708,14.16,0.9161466666666666,1709,10592,0.0003,2.3325541019439697,36
-35.68912312,6,712,14.23,0.91564,1705,10656,0.0003,1.1710500717163086,40
-35.58908701,6,716,14.39,0.9152916666666667,1702,10700,0.0003,1.8747565746307373,43
-35.45957617,6,720,14.36,0.9148166666666666,1698,10760,0.0003,2.3387815952301025,47
-35.06673749,6,724,14.41,0.91374,1694,10896,0.0003,2.090522050857544,55
-35.1099832,6,728,14.85,0.9133916666666667,1692,10940,0.0003,2.5656607151031494,58
-35.11450328,6,732,14.72,0.9130750000000001,1690,10980,0.0003,1.8685539960861206,61
-35.13162154,6,736,14.77,0.9126000000000002,1689,11040,0.0003,1.872021198272705,64
-35.18933986,6,740,15.21,0.911935,1685,11124,0.0003,1.8754109144210815,70
-35.751715729999994,6,744,15.38,0.9114283333333335,1682,11188,0.0003,1.410874605178833,74
-35.7990797,6,748,15.64,0.9107949999999999,1680,11268,0.0003,1.8742268085479736,79
-35.86117677,6,752,16.21,0.9100983333333335,1677,11356,0.0003,2.564244270324707,84
-35.76018893999999,6,756,16.02,0.9098133333333334,1675,11392,0.0003,2.1037449836730957,86
-35.7229019,6,760,15.73,0.9094333333333333,1672,11440,0.0003,1.4042621850967407,89
-35.96351767,6,764,15.79,0.9088633333333332,1669,11512,0.0003,2.331979274749756,94
-36.31810148,6,768,16.06,0.9082616666666666,1666,11588,0.0003,1.4062563180923462,99
-36.334694999999996,7,772,15.84,0.9077233333333334,1663,11656,0.0003,1.727439284324646,103
-36.28828896,7,776,16.25,0.907185,1662,11724,0.0003,2.0919220447540283,107
-35.99724396,7,780,16.14,0.9066783333333335,1659,11788,0.0003,1.6401190757751465,111
-36.03215953,7,784,16.16,0.9061716666666666,1657,11852,0.0003,1.1691441535949707,115
-35.85469051999999,7,788,16.58,0.9056333333333334,1654,11920,0.0003,2.327648878097534,119
-35.999514239999996,7,792,16.86,0.9046516666666666,1649,12044,0.0003,0.981816291809082,127
-36.16765221,7,796,17.3,0.9042083333333333,1646,12100,0.0003,2.0853309631347656,131
-36.034871429999995,7,800,17.19,0.9037333333333334,1644,12160,0.0003,2.74849009513855,134
-35.78090502,7,804,16.85,0.9031633333333333,1641,12232,0.0003,1.411543369293213,139
-35.698148849999995,7,808,16.83,0.90291,1639,12264,0.0003,1.847908854484558,141
-35.67001114,7,812,16.91,0.9020233333333333,1636,12376,0.0003,2.521838426589966,148
-35.988953859999995,7,816,17.54,0.9013583333333334,1635,12460,0.0003,2.5269217491149902,153
-36.13873658,7,820,17.5,0.9004716666666667,1629,12572,0.0003,1.623763918876648,160
-36.019322620000004,7,824,17.76,0.9001233333333335,1626,12616,0.0003,2.2894935607910156,163
-35.9437539,7,828,17.14,0.8995850000000001,1621,12684,0.0003,1.3828885555267334,167
-36.125414279999994,7,832,17.55,0.8992049999999999,1618,12732,0.0003,1.8312218189239502,170
-36.29788982,7,836,17.5,0.8988883333333333,1614,12772,0.0003,1.3915724754333496,173
-36.23578782,8,840,17.56,0.89797,1610,12888,0.0003,2.2921082973480225,180
-35.89497401,8,844,17.5,0.897495,1607,12948,0.0003,2.733773946762085,184
-35.85786935000001,8,848,17.6,0.8967350000000001,1604,13044,0.0003,1.4765349626541138,190
-36.13682788,8,852,17.51,0.8960699999999999,1602,13128,0.0003,1.3789693117141724,195
-36.226565089999994,8,856,17.76,0.8957849999999999,1601,13164,0.0003,3.1870861053466797,197
-36.25453134,8,860,17.86,0.8954683333333333,1598,13204,0.0003,2.5145516395568848,200
-36.31531247,8,864,18.14,0.8944866666666668,1596,13328,0.0003,2.052544593811035,207
-36.140560369999996,8,868,18.02,0.8936633333333334,1593,13432,0.0003,2.963719367980957,214
-36.26221377,8,872,18.75,0.8932516666666667,1592,13484,0.0003,0.4871196150779724,217
-36.208270260000006,8,876,18.2,0.8926499999999999,1589,13560,0.0003,1.3806208372116089,222
-36.3802861,8,880,18.29,0.89246,1588,13584,0.0003,1.1535931825637817,223
-36.30946828,8,884,18.28,0.8917316666666667,1586,13676,0.0003,1.612914800643921,229
-36.26270202,8,888,18.07,0.89132,1584,13728,0.0003,1.3825414180755615,232
-36.19662184,8,892,17.73,0.8909400000000001,1583,13776,0.0003,2.7404792308807373,235
-35.92929992,8,896,17.4,0.8901799999999999,1579,13872,0.0003,1.396121621131897,241
-35.88016152,8,900,17.55,0.8897366666666668,1577,13928,0.0003,1.3779540061950684,245
-35.894000340000005,8,904,17.76,0.8892616666666666,1574,13988,0.0003,1.83473801612854,249
-35.90183866,8,908,17.64,0.8883433333333333,1573,14104,0.0003,0.6948158144950867,256
-35.98196617,9,912,18.27,0.8876783333333335,1571,14188,0.0003,1.5923736095428467,261
-35.6413249,9,916,17.74,0.8872666666666666,1570,14240,0.0003,1.3641700744628906,264
-35.548885170000005,9,920,17.89,0.8868233333333334,1568,14296,0.0003,1.3812835216522217,268
-35.42490793,9,924,17.37,0.8862533333333333,1567,14368,0.0003,2.481557607650757,272
-35.40449286,9,928,17.67,0.8854933333333334,1565,14464,0.0003,1.8195924758911133,278
-35.28527175,9,932,18.01,0.8849866666666668,1563,14528,0.0003,0.7067051529884338,282
-35.185344730000004,9,936,18.15,0.8841316666666668,1561,14636,0.0003,3.1665711402893066,289
-35.19812322,9,940,18.2,0.8835933333333333,1560,14704,0.0003,1.5905123949050903,293
-34.9399606,9,944,18.39,0.8824850000000001,1558,14844,0.0003,2.042456865310669,302
-34.738136759999996,9,948,19.19,0.8818833333333335,1557,14920,0.0003,2.9392430782318115,307
-34.47740653999999,9,952,18.84,0.8813133333333334,1555,14992,0.0003,1.3728857040405273,311
-34.391930499999994,10,956,18.83,0.8806800000000001,1384,15072,0.0003,3.1467339992523193,316
-34.33543768999999,10,960,19.35,0.8801733333333333,1383,15136,0.0003,0.9257427453994751,320
-34.19030529,10,964,18.91,0.8798883333333333,1382,15172,0.0003,1.3636972904205322,323
-33.895612129999996,11,968,18.55,0.8790966666666667,1382,15272,0.0003,0.922853410243988,329
-33.69211323,11,972,17.89,0.8786533333333334,1382,15328,0.0003,3.590494155883789,332
-33.74993146,11,976,18.35,0.8781783333333334,1381,15388,0.0003,2.9379491806030273,336
-33.55315690999999,11,980,18.15,0.8778616666666668,1380,15428,0.0003,1.8152425289154053,339
-33.53085954,11,984,18.26,0.8774816666666667,1380,15476,0.0003,0.9245790243148804,342
-33.628760459999995,11,988,17.91,0.8771016666666666,1379,15524,0.0003,1.591038703918457,345
-33.60529108,11,992,17.94,0.8763099999999999,1378,15624,0.0003,2.039752244949341,351
-34.099087719999986,11,996,18.05,0.8759616666666667,1377,15668,0.0003,2.7038466930389404,354
-34.00135974,11,1000,18.09,0.8754233333333333,1376,15736,0.0003,1.593088150024414,358
-33.93849977,11,1004,18.06,0.8750116666666665,1376,15788,0.0003,2.2692906856536865,361
-33.970711519999995,11,1008,18.0,0.8745683333333333,1375,15844,0.0003,0.922173261642456,365
-33.926807329999995,11,1012,17.4,0.8738716666666668,1375,15932,0.0003,2.0435662269592285,370
-33.97160757,11,1016,17.14,0.8736499999999999,1374,15960,0.0003,2.4836554527282715,372
-33.951363369999996,11,1020,17.2,0.8733016666666666,1373,16004,0.0003,2.5032663345336914,375
-33.96014563,11,1024,16.98,0.8728583333333334,1373,16060,0.0003,1.576907992362976,378
-33.9588332,11,1028,16.83,0.8725416666666668,1372,16100,0.0003,2.25421142578125,381
-33.89843741,11,1032,16.19,0.8720033333333334,1372,16168,0.0003,1.364308476448059,385
-33.937576039999996,11,1036,16.15,0.8714650000000002,1372,16236,0.0003,2.6723861694335938,389
-34.02795242,11,1040,16.1,0.8709899999999999,1371,16296,0.0003,1.794960618019104,393
-34.142355509999994,11,1044,15.91,0.870325,1370,16380,0.0003,2.0103864669799805,398
-34.2793531,11,1048,15.0,0.8700083333333334,1369,16420,0.0003,3.3282201290130615,401
-34.32499414,12,1052,15.2,0.8692483333333334,1369,16516,0.0003,1.5699946880340576,407
-34.34557301,12,1056,15.04,0.8687733333333332,1369,16576,0.0003,1.3500378131866455,410
-34.40516082,12,1060,14.73,0.868425,1368,16620,0.0003,2.015218734741211,413
-34.37154261999999,12,1064,15.36,0.8675066666666668,1369,16736,0.0003,1.3513270616531372,420
-34.51908280000001,12,1068,16.26,0.8664300000000001,1368,16872,0.0003,2.0042014122009277,429
-34.55075215,12,1072,16.56,0.8658600000000001,1368,16944,0.0003,0.6737622022628784,433
-34.439749060000004,12,1076,16.15,0.8652266666666666,1365,17024,0.0003,1.7933249473571777,438
-34.47700157,12,1080,16.72,0.86453,1364,17112,0.0003,2.0073790550231934,444
-34.472379780000004,12,1084,17.07,0.8638649999999999,1364,17196,0.0003,1.1362231969833374,449
-34.37588021,12,1088,17.6,0.863105,1363,17292,0.0003,2.450052261352539,455
-34.32342312,12,1092,17.62,0.8626616666666667,1362,17348,0.0003,2.4462575912475586,459
-33.8997199,12,1096,17.53,0.8621866666666667,1362,17408,0.0003,1.3445956707000732,462
-34.01081053,12,1100,17.31,0.861775,1360,17460,0.0003,1.56638503074646,466
-34.02638212,12,1104,17.07,0.8613950000000001,1360,17508,0.0003,3.130495309829712,469
-34.02748531,12,1108,17.3,0.86073,1359,17592,0.0003,1.571539282798767,474
-33.95358373,12,1112,17.22,0.8602866666666666,1359,17648,0.0003,2.2336699962615967,477
-33.94530598,13,1116,17.99,0.8595266666666667,1359,17744,0.0003,1.771403193473816,483
-33.97427746,13,1120,17.87,0.8587983333333333,1356,17836,0.0003,1.3564990758895874,489
-34.034485849999996,13,1124,18.12,0.8581966666666666,1354,17912,0.0003,2.0019915103912354,494
-34.329557099999995,13,1128,19.22,0.8571200000000001,1352,18048,0.0003,1.5837547779083252,502
-34.4356749,13,1132,19.84,0.8562966666666666,1352,18152,0.0003,1.7858976125717163,509
-34.30573329,13,1136,19.88,0.8558850000000001,1351,18204,0.0003,0.4673839211463928,512
-34.167885270000006,13,1140,19.67,0.8553783333333334,1351,18268,0.0003,2.8658456802368164,516
-34.13388107000001,13,1144,19.9,0.8548083333333333,1351,18340,0.0003,1.3342052698135376,521
-34.15869207,13,1148,19.81,0.854175,1351,18420,0.0003,1.3628864288330078,526
-34.08771617,13,1152,19.73,0.8536366666666666,1352,18488,0.0003,2.0019118785858154,530
-34.102186579999994,13,1156,19.68,0.8533833333333334,1352,18520,0.0003,1.5498956441879272,532
-34.07513149,13,1160,19.44,0.8530666666666668,1351,18560,0.0003,1.7806587219238281,534
-34.12191607,13,1164,19.19,0.8525283333333333,1351,18628,0.0003,2.6481335163116455,539
-33.97118416,13,1168,18.19,0.8519583333333334,1352,18700,0.0003,2.4221620559692383,543
-33.95445187,13,1172,17.99,0.8514200000000001,1353,18768,0.0003,1.5627683401107788,547
-34.09895285,13,1176,18.31,0.850945,1352,18828,0.0003,2.421283721923828,551
-33.99752224000001,14,1180,18.29,0.8498366666666667,1353,18968,0.0003,1.7596830129623413,560
-34.054180290000005,14,1184,18.38,0.8494566666666665,1354,19016,0.0003,1.9773635864257812,563
-34.12315127,14,1188,17.93,0.8490133333333333,1354,19072,0.0003,1.7748397588729858,566
-34.170611290000004,14,1192,17.8,0.8484750000000001,1354,19140,0.0003,1.574121356010437,571
-34.10458074,14,1196,17.99,0.8478416666666666,1355,19220,0.0003,2.2117629051208496,576
-34.09448717,14,1200,18.19,0.847145,1355,19308,0.0003,1.5404118299484253,581
-34.14414049999999,14,1204,18.83,0.8463850000000002,1356,19404,0.0003,2.235215902328491,587
-34.19550973,14,1208,19.1,0.8455300000000001,1358,19512,0.0003,1.5727015733718872,594
-34.17326501,14,1212,19.55,0.8448016666666667,1358,19604,0.0003,2.1842563152313232,600
-34.26668283000001,14,1216,19.14,0.844485,1358,19644,0.0003,1.9841355085372925,602
-34.21027584,14,1220,19.08,0.8436616666666666,1358,19748,0.0003,1.336692452430725,609
-34.391558200000006,14,1224,19.45,0.8427749999999999,1359,19860,0.0003,1.7778749465942383,616
-34.113377820000004,14,1228,18.55,0.8422683333333334,1360,19924,0.0003,2.6178700923919678,620
-34.07871544,14,1232,18.51,0.8415716666666666,1361,20012,0.0003,1.7790840864181519,625
-34.09077091,14,1236,18.64,0.8409066666666667,1361,20096,0.0003,1.5798008441925049,630
-34.28300033,14,1240,18.81,0.8401783333333334,1360,20188,0.0003,2.433934450149536,636
-34.19675625,14,1244,18.45,0.8399566666666666,1359,20216,0.0003,1.9906445741653442,638
-34.21246399,14,1248,18.82,0.8391649999999999,1359,20316,0.0003,1.3143134117126465,644
-34.32750102000001,15,1252,19.14,0.8384366666666667,1358,20408,0.0003,1.5430370569229126,650
-34.29206534,15,1256,18.96,0.8380883333333334,1358,20452,0.0003,1.789212703704834,653
-34.261848879999995,15,1260,19.39,0.8374866666666667,1358,20528,0.0003,1.3221076726913452,657
-34.42906074,15,1264,19.69,0.8368850000000001,1358,20604,0.0003,1.756343126296997,662
-34.51650555,15,1268,20.27,0.8359666666666669,1357,20720,0.0003,1.9852616786956787,669
-34.53736841999999,15,1272,20.34,0.835555,1357,20772,0.0003,1.5538990497589111,673
-34.4096563,15,1276,20.01,0.8351433333333333,1357,20824,0.0003,0.6756446361541748,676
-34.48883301,15,1280,19.99,0.8340666666666667,1358,20960,0.0003,1.540345549583435,684
-34.45291105,15,1284,19.9,0.8335916666666665,1358,21020,0.0003,1.1171551942825317,688
-34.392100740000004,15,1288,19.89,0.8332116666666667,1357,21068,0.0003,1.3390612602233887,691
-34.400375600000004,15,1292,20.16,0.8324833333333334,1358,21160,0.0003,1.533162236213684,697
-34.36458616,15,1296,20.2,0.8321033333333335,1358,21208,0.0003,0.8948856592178345,700
-34.75692607,15,1300,19.97,0.8316916666666667,1358,21260,0.0003,1.3297375440597534,703
-34.723342790000004,15,1304,19.38,0.8309,1358,21360,0.0003,1.1164518594741821,709
-34.617507010000004,15,1308,19.37,0.8304566666666666,1358,21416,0.0003,1.7708320617675781,713
-34.643560189999995,15,1312,18.85,0.8299183333333334,1359,21484,0.0003,1.546737790107727,717
-34.517947080000006,15,1316,18.71,0.8296016666666668,1358,21524,0.0003,1.3452998399734497,720
-34.58452455,15,1320,18.9,0.8288416666666665,1359,21620,0.0003,0.4445219933986664,726
-34.38250305,15,1324,18.54,0.8284616666666667,1359,21668,0.0003,2.6285758018493652,729
-34.39747104,15,1328,18.48,0.8278283333333334,1359,21748,0.0003,2.178849697113037,734
-34.3203483,16,1332,18.34,0.8269416666666667,1360,21860,0.0003,2.4210216999053955,741
-34.30654807,16,1336,18.22,0.8261499999999999,1361,21960,0.0003,2.4353396892547607,747
-34.20446234,16,1340,18.71,0.8246933333333335,1362,22144,0.0003,1.1132538318634033,758
-35.12918548,16,1344,19.71,0.8244716666666667,1362,22172,0.0003,2.6513166427612305,760
-35.234169089999995,16,1348,19.7,0.82387,1362,22248,0.0003,1.0978693962097168,765
-35.00975816,16,1352,18.85,0.8232683333333334,1363,22324,0.0003,2.194690465927124,770
-35.10789641,16,1356,20.01,0.8223816666666667,1364,22436,0.0003,3.2000253200531006,777
-35.20170405999999,16,1360,20.23,0.82159,1365,22536,0.0003,2.219295024871826,783
-35.212443910000005,16,1364,19.89,0.82121,1364,22584,0.0003,1.1061832904815674,786
-35.09128076,16,1368,19.33,0.8207033333333335,1365,22648,0.0003,0.8816413879394531,790
-35.02300036,16,1372,19.43,0.8199116666666666,1365,22748,0.0003,2.1981682777404785,796
-35.09695016,16,1376,20.04,0.8188983333333335,1366,22876,0.0003,1.8150265216827393,804
-35.18426145,16,1380,20.4,0.8178216666666667,1366,23012,0.0003,2.181516170501709,813
-35.03807656,16,1384,20.68,0.8170933333333332,1367,23104,0.0003,2.821763753890991,818
-35.06044644999999,16,1388,20.53,0.8167766666666666,1367,23144,0.0003,1.758674144744873,821
-35.072957460000005,16,1392,20.82,0.8161116666666668,1368,23228,0.0003,1.5404294729232788,826
-35.086991430000005,17,1396,20.81,0.815415,1368,23316,0.0003,1.7538148164749146,832
-34.67232769,17,1400,21.03,0.81494,1368,23376,0.0003,2.1950414180755615,835
-34.6466915,17,1404,21.08,0.8144333333333332,1368,23440,0.0003,1.552311658859253,839
-34.68419481,17,1408,20.73,0.8141166666666666,1368,23480,0.0003,1.3039376735687256,842
-34.626490540000006,17,1412,20.77,0.8131983333333332,1369,23596,0.0003,1.7525391578674316,849
-34.61499638,17,1416,21.11,0.8127549999999999,1369,23652,0.0003,1.5107395648956299,853
-34.50167441,17,1420,20.91,0.8122483333333335,1369,23716,0.0003,1.561844825744629,857
-34.91242167,17,1424,21.19,0.8116149999999999,1369,23796,0.0003,1.7619681358337402,862
-34.919231550000006,17,1428,21.08,0.8113300000000001,1369,23832,0.0003,1.7346857786178589,864
-34.85962071,17,1432,20.48,0.8106333333333333,1370,23920,0.0003,2.838182210922241,869
-34.89293343,17,1436,20.77,0.8101266666666669,1370,23984,0.0003,1.3238773345947266,873
-34.83674986,17,1440,20.05,0.8096516666666667,1370,24044,0.0003,0.8822159767150879,877
-34.53916592,17,1444,19.56,0.8090183333333334,1370,24124,0.0003,1.7505182027816772,882
-34.59113943,17,1448,19.16,0.808575,1370,24180,0.0003,0.672253429889679,886
-34.597947319999996,17,1452,20.13,0.80772,1372,24288,0.0003,2.1846981048583984,892
-34.55146145,17,1456,19.28,0.8068649999999998,1373,24396,0.0003,1.976843237876892,899
-34.55635015,17,1460,18.87,0.8062,1372,24480,0.0003,2.202822685241699,904
-34.26141537,17,1464,19.6,0.80563,1372,24552,0.0003,1.7333967685699463,909
-34.26675111,17,1468,19.56,0.8053133333333333,1372,24592,0.0003,1.1583523750305176,911
-34.379982600000005,17,1472,19.15,0.8050916666666668,1372,24620,0.0003,1.3372308015823364,913
-34.36131315000001,17,1476,18.82,0.8044900000000001,1372,24696,0.0003,3.2860395908355713,918
-34.25990307000001,18,1480,18.15,0.8037299999999999,1372,24792,0.0003,1.7851117849349976,924
-34.410291320000006,18,1484,17.85,0.8031916666666667,1373,24860,0.0003,1.5370850563049316,928
-34.44176882,18,1488,17.83,0.8027483333333334,1372,24916,0.0003,1.9758530855178833,932
-34.46892968,18,1492,17.42,0.8021466666666668,1373,24992,0.0003,0.8757466077804565,936
-34.476719499999994,18,1496,17.06,0.8017666666666666,1373,25040,0.0003,2.2261993885040283,939
-34.42737179000001,18,1500,17.5,0.8009116666666666,1373,25148,0.0003,1.7688661813735962,946
-34.52121882,18,1504,17.41,0.800595,1373,25188,0.0003,1.3321516513824463,949
-34.47622187,18,1508,17.75,0.8000249999999999,1373,25260,0.0003,1.5495386123657227,953
-34.47094825,18,1512,17.62,0.7994866666666667,1373,25328,0.0003,1.5473003387451172,957
-34.48778851,18,1516,17.36,0.7984100000000001,1374,25464,0.0003,2.6440751552581787,966
-34.52649406,18,1520,17.76,0.7979033333333333,1374,25528,0.0003,1.9713504314422607,970
-34.04996587,18,1524,17.3,0.7976183333333333,1374,25564,0.0003,2.3796777725219727,972
-34.18515246999999,18,1528,18.24,0.7968583333333333,1375,25660,0.0003,1.31884765625,978
-34.196982,18,1532,18.4,0.796415,1375,25716,0.0003,1.5078414678573608,982
-34.18269276,18,1536,17.9,0.7959400000000001,1375,25776,0.0003,2.2052505016326904,985
-34.19190003,18,1540,18.2,0.79518,1376,25872,0.0003,2.648634672164917,991
-33.657742459999994,18,1544,18.27,0.7943566666666666,1376,25976,0.0003,1.3121148347854614,998
-33.4789543,18,1548,18.86,0.7939133333333332,1376,26032,0.0003,1.3301492929458618,1001
-33.50612441,19,1552,18.44,0.7925833333333332,1378,26200,0.0003,1.7595807313919067,1012
-33.40732902,19,1556,18.79,0.7919816666666666,1378,26276,0.0003,1.5493321418762207,1017
-33.50517956,19,1560,19.69,0.7908099999999999,1379,26424,0.0003,1.97835111618042,1026
-33.55074286,19,1564,20.11,0.7900499999999999,1378,26520,0.0003,0.955773115158081,1032
-33.463978000000004,19,1568,20.48,0.7887516666666667,1378,26684,0.0003,2.026309013366699,1042
-33.455646640000005,19,1572,21.19,0.7880550000000001,1378,26772,0.0003,1.1153355836868286,1048
-33.35075337999999,19,1576,21.31,0.7876433333333333,1378,26824,0.0003,1.3112740516662598,1051
-33.4524527,19,1580,21.3,0.7870416666666666,1378,26900,0.0003,1.1093430519104004,1056
-33.38379253000001,19,1584,20.83,0.7865666666666667,1379,26960,0.0003,1.5250264406204224,1059
-33.33487453,19,1588,20.81,0.7861549999999999,1378,27012,0.0003,2.65708065032959,1063
-33.79871181,19,1592,20.88,0.78568,1379,27072,0.0003,1.384710669517517,1066
-33.8421917,19,1596,21.24,0.7849516666666667,1379,27164,0.0003,1.5459612607955933,1072
-33.83693034,19,1600,20.97,0.7843816666666666,1379,27236,0.0003,1.3258512020111084,1077
-33.715513099999995,19,1604,21.25,0.7836533333333333,1379,27328,0.0003,2.3913655281066895,1082
-33.75129709,19,1608,21.11,0.783305,1379,27372,0.0003,1.310856819152832,1085
-33.79140808999999,19,1612,20.99,0.7825766666666667,1379,27464,0.0003,1.750170350074768,1091
-33.7127369,19,1616,21.3,0.7823233333333333,1379,27496,0.0003,1.083228588104248,1093
-33.760252609999995,19,1620,20.86,0.7819433333333334,1379,27544,0.0003,2.193817615509033,1096
-33.80960204,20,1624,21.26,0.7810566666666667,1380,27656,0.0003,1.7426869869232178,1103
-33.74814009999999,20,1628,20.72,0.7803916666666666,1380,27740,0.0003,1.9561283588409424,1108
-33.842096090000005,20,1632,21.16,0.779315,1381,27876,0.0003,1.1225155591964722,1117
-33.83198987000001,20,1636,21.59,0.7790933333333332,1380,27904,0.0003,1.338420033454895,1118
-33.81079788,20,1640,21.6,0.7780166666666666,1381,28040,0.0003,1.3130338191986084,1127
-33.8426079,20,1644,21.72,0.7768766666666668,1382,28184,0.0003,2.0083155632019043,1136
-33.81767911,20,1648,21.89,0.7764966666666666,1381,28232,0.0003,3.7271854877471924,1139
-33.79788536,20,1652,21.66,0.7759583333333333,1382,28300,0.0003,1.5778619050979614,1143
-33.90401285,20,1656,21.3,0.7754200000000001,1382,28368,0.0003,2.1476006507873535,1147
-33.757295430000006,20,1660,20.61,0.7748183333333334,1382,28444,0.0003,0.8844882845878601,1152
-33.77564237,20,1664,19.85,0.7741849999999999,1383,28524,0.0003,2.1589303016662598,1157
-33.86713901,20,1668,19.49,0.7736783333333334,1383,28588,0.0003,1.0903657674789429,1161
-33.81695235,20,1672,19.1,0.77295,1383,28680,0.0003,1.079803705215454,1167
-33.8400264,20,1676,19.28,0.7719366666666666,1384,28808,0.0003,2.1508965492248535,1175
-33.59347389,20,1680,19.76,0.7714300000000001,1384,28872,0.0003,2.1693263053894043,1179
-33.627728069999996,20,1684,20.19,0.7707333333333333,1385,28960,0.0003,1.920735239982605,1184
-33.67513135,20,1688,20.31,0.7702583333333334,1385,29020,0.0003,1.29994797706604,1188
-33.10187026,20,1692,20.23,0.76972,1385,29088,0.0003,1.7732675075531006,1192
-33.06113358,21,1696,20.26,0.7691500000000001,1385,29160,0.0003,2.1677114963531494,1197
-33.055277659999994,21,1700,20.32,0.7683583333333333,1385,29260,0.0003,1.745927333831787,1203
-33.06404920000001,21,1704,20.14,0.7677566666666666,1386,29336,0.0003,0.6737130880355835,1208
-33.20486457000001,21,1708,20.33,0.7669333333333335,1386,29440,0.0003,1.521486520767212,1214
-33.09199659,21,1712,21.22,0.7660150000000001,1387,29556,0.0003,1.3381985425949097,1222
-33.14220255,21,1716,21.52,0.7651600000000001,1387,29664,0.0003,1.732205867767334,1228
-33.10467997000001,21,1720,22.04,0.76421,1387,29784,0.0003,0.6790359020233154,1236
-33.04754892,21,1724,22.01,0.7636716666666667,1388,29852,0.0003,0.8736123442649841,1240
-33.09003699,21,1728,21.9,0.7631016666666668,1388,29924,0.0003,2.189638376235962,1245
-32.955596629999995,22,1732,21.69,0.7621199999999999,1351,30048,0.0003,1.3202531337738037,1252
-32.8384053,22,1736,22.18,0.7612333333333333,1352,30160,0.0003,2.003498077392578,1259
-32.75238454,22,1740,22.11,0.7606633333333332,1352,30232,0.0003,1.7626733779907227,1264
-32.74706950000001,22,1744,21.68,0.7599666666666668,1353,30320,0.0003,2.066330671310425,1269
-32.74429799000001,22,1748,21.3,0.7594599999999999,1353,30384,0.0003,2.011549472808838,1273
-32.721360350000005,22,1752,21.8,0.7583200000000001,1353,30528,0.0003,2.1791787147521973,1282
-32.54451727,22,1756,22.84,0.75718,1355,30672,0.0003,0.8986247777938843,1291
-32.52697644,22,1760,22.28,0.7565783333333334,1355,30748,0.0003,1.559041976928711,1296
-32.60320626,22,1764,22.87,0.7560716666666666,1355,30812,0.0003,1.5569403171539307,1300
-32.57767429,22,1768,22.69,0.7554383333333333,1355,30892,0.0003,1.3134431838989258,1305
-32.735162210000006,22,1772,23.15,0.7544249999999999,1355,31020,0.0003,1.1013190746307373,1313
-32.9170615,22,1776,22.92,0.7539183333333334,1353,31084,0.0003,1.6639883518218994,1317
-33.111463380000004,22,1780,22.49,0.7536649999999999,1353,31116,0.0003,1.1042726039886475,1319
-33.12806462,23,1784,22.21,0.7530633333333333,1352,31192,0.0003,1.993393898010254,1324
-33.117048999999994,23,1788,22.29,0.7524616666666666,1353,31268,0.0003,1.5313174724578857,1329
-33.134927299999994,23,1792,22.79,0.7516066666666669,1353,31376,0.0003,1.1427913904190063,1335
-33.1429895,23,1796,23.3,0.7505616666666666,1354,31508,0.0003,1.126311182975769,1344
-33.11551178,23,1800,22.73,0.750055,1354,31572,0.0003,1.728363275527954,1348
-33.232930409999994,23,1804,23.05,0.7496116666666667,1354,31628,0.0003,1.7259544134140015,1351
-32.992759500000005,23,1808,22.69,0.7492633333333334,1354,31672,0.0003,2.358015775680542,1354
-33.09401754,23,1812,22.04,0.7486299999999999,1354,31752,0.0003,0.44863730669021606,1359
-33.107261609999995,23,1816,21.24,0.7482500000000001,1354,31800,0.0003,0.671373724937439,1362
-33.06083833,23,1820,20.79,0.7479016666666668,1354,31844,0.0003,1.1038925647735596,1365
-33.066987420000004,23,1824,20.72,0.7471416666666666,1355,31940,0.0003,2.8817636966705322,1371
-32.90096019,23,1828,20.65,0.7467300000000001,1355,31992,0.0003,0.864132821559906,1374
-32.99294257,23,1832,20.58,0.7455583333333334,1356,32140,0.0003,1.5667107105255127,1383
-33.02940041,23,1836,20.52,0.7448616666666668,1356,32228,0.0003,1.9562302827835083,1389
-32.84255589,23,1840,20.45,0.7446399999999999,1357,32256,0.0003,1.551178216934204,1390
-32.781791379999994,23,1844,20.33,0.7438799999999999,1357,32352,0.0003,2.144437074661255,1396
-32.76699124000001,23,1848,20.16,0.7433733333333333,1357,32416,0.0003,1.3174073696136475,1400
-32.803801369999995,23,1852,19.85,0.7428666666666668,1357,32480,0.0003,2.3978395462036133,1404
-32.957155560000004,24,1856,19.35,0.7419800000000001,1357,32592,0.0003,1.5179883241653442,1411
-32.91488125,24,1860,19.65,0.7416,1357,32640,0.0003,1.087178349494934,1414
-32.8965772,24,1864,18.85,0.7410933333333334,1357,32704,0.0003,1.311827540397644,1418
-32.90770937,24,1868,18.91,0.74084,1358,32736,0.0003,2.3947629928588867,1420
-32.70545379,24,1872,17.99,0.7403333333333335,1358,32800,0.0003,1.744312047958374,1424
-32.627684210000005,24,1876,18.44,0.7391933333333334,1358,32944,0.0003,0.433758407831192,1433
-32.62383224,24,1880,18.98,0.7383066666666667,1356,33056,0.0003,0.888293445110321,1440
-32.63444461,24,1884,18.99,0.7376733333333334,1354,33136,0.0003,1.5530080795288086,1445
-32.57186277999999,24,1888,19.49,0.7365333333333334,1352,33280,0.0003,1.3253240585327148,1454
-32.58414015,24,1892,19.82,0.7361533333333332,1351,33328,0.0003,1.549347996711731,1457
-32.59228508,24,1896,19.07,0.73533,1350,33432,0.0003,1.775460958480835,1464
-32.57500389,24,1900,19.5,0.7345066666666666,1349,33536,0.0003,2.9336533546447754,1470
-32.45447806,24,1904,20.13,0.7333666666666667,1349,33680,0.0003,1.067273736000061,1479
-32.548360280000004,25,1908,20.46,0.73286,1348,33744,0.0003,1.5480976104736328,1483
-32.570951,25,1912,20.54,0.732575,1348,33780,0.0003,0.8897061944007874,1486
-32.58022026,25,1916,20.37,0.7320366666666668,1348,33848,0.0003,2.818279504776001,1490
-32.5175734,25,1920,20.77,0.7313400000000001,1348,33936,0.0003,0.8669344186782837,1495
-32.483848040000005,25,1924,20.76,0.7307699999999999,1348,34008,0.0003,1.543426752090454,1500
-32.51600743,25,1928,20.84,0.7300733333333332,1348,34096,0.0003,0.9010170698165894,1505
-32.36261126,25,1932,21.54,0.7289333333333334,1348,34240,0.0003,0.6559270620346069,1514
-32.473513940000004,25,1936,21.12,0.7284266666666666,1349,34304,0.0003,1.9369443655014038,1518
-32.713341490000005,25,1940,20.7,0.7280783333333334,1349,34348,0.0003,1.8716278076171875,1521
-32.777081890000005,25,1944,21.1,0.7275716666666668,1348,34412,0.0003,1.7067567110061646,1525
-32.80354131,25,1948,21.54,0.7265266666666668,1347,34544,0.0003,1.741089940071106,1533
-32.804899830000004,25,1952,21.15,0.7261783333333334,1346,34588,0.0003,1.732613444328308,1536
-32.79005303,25,1956,20.93,0.7252283333333334,1347,34708,0.0003,2.159461259841919,1544
-32.831456169999996,25,1960,21.15,0.7246266666666668,1347,34784,0.0003,2.2034432888031006,1548
-32.87111498,25,1964,21.72,0.7238033333333334,1347,34888,0.0003,1.764350175857544,1555
-33.21879526,25,1968,22.51,0.7229800000000002,1347,34992,0.0003,2.6437597274780273,1561
-33.20289281,26,1972,22.68,0.7223466666666666,1347,35072,0.0003,1.3007144927978516,1566
-33.28981976,26,1976,22.25,0.7218083333333334,1347,35140,0.0003,1.5107545852661133,1571
-33.216971,26,1980,21.79,0.7208266666666667,1347,35264,0.0003,0.6696288585662842,1578
-33.20985707,26,1984,21.92,0.7200666666666666,1347,35360,0.0003,1.7264578342437744,1584
-33.26874982,26,1988,22.18,0.7190850000000002,1348,35484,0.0003,1.5289725065231323,1592
-33.073433609999995,26,1992,21.79,0.7185466666666667,1348,35552,0.0003,2.3659565448760986,1596
-33.07106577,26,1996,22.25,0.7179133333333335,1348,35632,0.0003,1.6983835697174072,1601
-33.131858279999996,26,2000,22.38,0.7170266666666668,1349,35744,0.0003,1.078818678855896,1608
-33.18563686,26,2004,21.56,0.7168366666666666,1349,35768,0.0003,0.6226709485054016,1610
-33.13775304,26,2008,21.75,0.7152850000000001,1350,35964,0.0003,1.1057326793670654,1622
-33.10346973,26,2012,22.61,0.7143350000000002,1350,36084,0.0003,1.3324092626571655,1630
-33.19329276,26,2016,23.44,0.713195,1351,36228,0.0003,1.2753705978393555,1639
-33.208624320000006,26,2020,23.47,0.71291,1350,36264,0.0003,1.9660313129425049,1641
-33.22088943000001,26,2024,23.52,0.712055,1351,36372,0.0003,1.5492300987243652,1648
-33.16639377,26,2028,23.54,0.7112633333333334,1351,36472,0.0003,2.4427130222320557,1654
-33.13312169,27,2032,23.49,0.7106933333333334,1351,36544,0.0003,1.4840822219848633,1658
-33.15591903,27,2036,23.17,0.709965,1351,36636,0.0003,0.8778293132781982,1664
-33.153585590000006,27,2040,23.66,0.7095533333333333,1351,36688,0.0003,2.1430296897888184,1667
-33.10587279,27,2044,23.51,0.7086666666666666,1351,36800,0.0003,1.9477016925811768,1674
-33.121608699999996,27,2048,22.89,0.7081600000000001,1351,36864,0.0003,1.952549934387207,1678
-33.10575109,27,2052,23.36,0.7077166666666668,1351,36920,0.0003,2.5803821086883545,1682
-33.058176239999995,27,2056,22.8,0.7072416666666668,1351,36980,0.0003,1.7628333568572998,1686
-33.422205749999996,27,2060,22.98,0.7064183333333334,1351,37084,0.0003,1.7283467054367065,1692
-33.35191715,27,2064,22.73,0.7056583333333333,1352,37180,0.0003,2.432974100112915,1698
-33.00814989,27,2068,22.37,0.7052149999999999,1352,37236,0.0003,1.9620082378387451,1702
-33.042461180000004,27,2072,22.62,0.7045816666666668,1352,37316,0.0003,1.0835552215576172,1707
-32.83256793,27,2076,22.96,0.7034733333333333,1352,37456,0.0003,1.5060738325119019,1715
-32.73284354,27,2080,23.54,0.7021750000000001,1353,37620,0.0003,1.5143306255340576,1726
-32.69715242,27,2084,23.73,0.7013833333333332,1354,37720,0.0003,1.1213847398757935,1732
-32.47133358000001,27,2088,23.65,0.7010666666666667,1354,37760,0.0003,2.658602714538574,1734
-32.5807029,27,2092,23.17,0.7002433333333336,1354,37864,0.0003,2.580449342727661,1741
-32.48725478,28,2096,22.94,0.69961,1354,37944,0.0003,1.9039593935012817,1746
-32.422247750000004,28,2100,22.79,0.6991033333333334,1354,38008,0.0003,2.212696075439453,1750
-32.33642266,28,2104,22.63,0.6985649999999999,1354,38076,0.0003,2.097689628601074,1754
-32.337974929999994,28,2108,22.3,0.6981533333333335,1354,38128,0.0003,1.492401123046875,1757
-32.34401076,28,2112,21.32,0.6975516666666666,1354,38204,0.0003,1.7445008754730225,1762
-32.21041845,28,2116,21.0,0.696855,1354,38292,0.0003,1.262149691581726,1768
-32.24054709000001,28,2120,20.26,0.6966333333333333,1354,38320,0.0003,1.5122740268707275,1769
-32.19932176,28,2124,20.17,0.6959366666666665,1354,38408,0.0003,1.9695754051208496,1775
-32.19345137,28,2128,20.32,0.6951449999999999,1354,38508,0.0003,0.8681908249855042,1781
-32.28173588999999,28,2132,20.02,0.6941950000000001,1355,38628,0.0003,1.2720286846160889,1789
-32.122211750000005,28,2136,20.59,0.69353,1355,38712,0.0003,1.496346354484558,1794
-32.00204661000001,28,2140,20.77,0.6927699999999999,1355,38808,0.0003,1.9423171281814575,1800
-31.988533370000006,28,2144,20.75,0.6925166666666668,1355,38840,0.0003,1.7541612386703491,1802
-32.00492058,28,2148,21.38,0.6915666666666667,1356,38960,0.0003,1.4764002561569214,1809
-32.000589979999994,28,2152,20.9,0.69125,1356,39000,0.0003,1.719958782196045,1812
-32.00494998,28,2156,21.75,0.6898249999999999,1357,39180,0.0003,1.5157885551452637,1823
-31.5528366,28,2160,21.77,0.6890649999999999,1357,39276,0.0003,1.5188243389129639,1829
-31.421683710000003,29,2164,22.47,0.68783,1358,39432,0.0003,1.0734738111495972,1839
-31.442831539999997,29,2168,22.23,0.6874816666666668,1358,39476,0.0003,0.6506192088127136,1842
-31.75281067,29,2172,22.67,0.6862783333333332,1359,39628,0.0003,1.0924644470214844,1851
-31.789809049999995,29,2176,22.33,0.6852333333333331,1359,39760,0.0003,1.520376443862915,1859
-31.680278489999996,29,2180,22.75,0.6842833333333334,1359,39880,0.0003,2.8045060634613037,1867
-31.682146309999997,29,2184,22.8,0.683365,1359,39996,0.0003,1.494564175605774,1874
-31.731999430000002,29,2188,22.5,0.6828900000000001,1359,40056,0.0003,1.097756028175354,1878
-31.750613699999995,29,2192,22.84,0.6820350000000001,1359,40164,0.0003,0.8763773441314697,1885
-31.85047996,29,2196,22.99,0.6817183333333334,1359,40204,0.0003,1.571969747543335,1887
-31.93083185,29,2200,22.83,0.6803883333333334,1360,40372,0.0003,1.0688494443893433,1898
-31.82125144,29,2204,23.95,0.67985,1360,40440,0.0003,2.792285203933716,1902
-31.782151449999997,29,2208,23.86,0.6787099999999999,1361,40584,0.0003,1.523313283920288,1911
-31.594690259999993,29,2212,24.84,0.6778233333333334,1361,40696,0.0003,2.3371429443359375,1918
-31.66872689,29,2216,25.36,0.677,1361,40800,0.0003,1.2955573797225952,1924
-31.70382474,30,2220,26.07,0.6760816666666667,1361,40916,0.0003,1.4821339845657349,1932
-31.83579919,30,2224,26.61,0.6747200000000001,1362,41088,0.0003,1.091919183731079,1942
-31.91699304000001,30,2228,26.56,0.6743716666666666,1362,41132,0.0003,0.8678861260414124,1945
-31.92485456,30,2232,26.53,0.6737066666666667,1362,41216,0.0003,1.0979852676391602,1950
-32.01535845,30,2236,26.66,0.6723133333333335,1363,41392,0.0003,1.072300910949707,1961
-32.10364728,30,2240,26.82,0.6717433333333335,1363,41464,0.0003,2.871464490890503,1966
-32.120765600000006,30,2244,26.94,0.671205,1363,41532,0.0003,1.0965708494186401,1970
-32.08598985,30,2248,26.45,0.6703183333333333,1363,41644,0.0003,1.3067710399627686,1977
-32.049118,30,2252,27.1,0.6695266666666668,1363,41744,0.0003,1.0991578102111816,1983
-31.999965389999996,30,2256,26.93,0.6689883333333333,1363,41812,0.0003,1.252350091934204,1988
-32.03069662,30,2260,26.41,0.6680699999999999,1363,41928,0.0003,1.945907473564148,1995
-32.124899969999994,30,2264,26.16,0.6675316666666666,1363,41996,0.0003,0.6407945156097412,1999
-32.1561848,30,2268,26.01,0.6669933333333334,1362,42064,0.0003,2.3857333660125732,2003
-31.786433480000007,30,2272,25.95,0.6659483333333334,1362,42196,0.0003,1.2751723527908325,2012
-31.75998727,31,2276,26.23,0.6650933333333334,1363,42304,0.0003,0.8922598958015442,2018
-32.01522242,31,2280,25.26,0.6641116666666667,1362,42428,0.0003,1.8444794416427612,2026
-32.004208309999996,31,2284,25.43,0.6638900000000001,1362,42456,0.0003,1.1035147905349731,2028
-32.10515926000001,31,2288,25.0,0.6633200000000001,1362,42528,0.0003,1.5726628303527832,2032
-32.124312759999995,31,2292,24.65,0.6627183333333334,1362,42604,0.0003,0.9120287895202637,2037
-32.10292989,31,2296,24.61,0.6617366666666666,1362,42728,0.0003,1.1192021369934082,2045
-32.00068001,31,2300,25.24,0.6610083333333332,1361,42820,0.0003,1.0967025756835938,2051
-32.0744043,31,2304,24.48,0.6597733333333333,1361,42976,0.0003,1.286627173423767,2060
-31.7432286,31,2308,25.63,0.658285,1361,43164,0.0003,1.4165639877319336,2072
-31.528269719999994,31,2312,26.08,0.6573350000000001,1361,43284,0.0003,1.528329849243164,2080
-31.511227969999997,31,2316,25.17,0.6568283333333333,1361,43348,0.0003,0.8534437417984009,2084
-31.316244340000004,31,2320,25.44,0.6558783333333333,1361,43468,0.0003,1.1050114631652832,2091
-31.241131909999993,31,2324,24.89,0.6555616666666668,1361,43508,0.0003,1.0946663618087769,2094
-31.14011881,32,2328,24.71,0.6549600000000001,1361,43584,0.0003,1.5356301069259644,2098
-31.137768179999995,32,2332,25.11,0.6538516666666667,1360,43724,0.0003,1.9577165842056274,2107
-31.171086529999997,32,2336,24.76,0.6528066666666666,1360,43856,0.0003,1.1424834728240967,2115
-31.146406620000004,32,2340,24.44,0.6524583333333334,1360,43900,0.0003,1.1095988750457764,2118
-31.13091177,32,2344,24.46,0.6513183333333332,1360,44044,0.0003,1.9505404233932495,2127
-30.970498869999997,32,2348,24.87,0.6506850000000001,1360,44124,0.0003,1.5036662817001343,2132
-31.00092466,32,2352,24.4,0.6499566666666667,1359,44216,0.0003,1.9879541397094727,2138
-30.953462850000005,32,2356,24.28,0.6497666666666668,1359,44240,0.0003,1.5572670698165894,2139
-30.98927153,32,2360,24.03,0.6493866666666667,1358,44288,0.0003,1.5735852718353271,2142
-31.023870869999996,32,2364,23.46,0.6484683333333334,1358,44404,0.0003,1.5444128513336182,2150
-30.929421419999997,32,2368,23.95,0.64717,1358,44568,0.0003,2.609128475189209,2160
-30.708885530000003,32,2372,24.8,0.6461566666666669,1358,44696,0.0003,0.864635705947876,2168
-30.720378290000003,32,2376,24.2,0.6455233333333333,1358,44776,0.0003,1.0839884281158447,2173
-30.61508918,33,2380,24.45,0.6444466666666667,1358,44912,0.0003,2.0852372646331787,2181
-31.27997961,33,2384,24.97,0.64394,1358,44976,0.0003,2.823183536529541,2185
-31.29689932,33,2388,25.4,0.643275,1335,45060,0.0003,1.116342306137085,2191
-31.28195059,33,2392,25.62,0.6420716666666667,1336,45212,0.0003,2.6070876121520996,2200
-31.218934110000006,33,2396,25.79,0.6411850000000001,1336,45324,0.0003,1.3242039680480957,2207
-31.1339817,33,2400,26.09,0.6403933333333331,1336,45424,0.0003,1.5365277528762817,2213
-31.208900719999995,34,2404,25.86,0.6396966666666667,1336,45512,0.0003,1.0964573621749878,2219
-31.57211285,34,2408,25.07,0.6389050000000001,1336,45612,0.0003,1.5539765357971191,2225
-31.989027619999998,34,2412,23.83,0.6384933333333335,1336,45664,0.0003,1.3448665142059326,2228
-31.870095719999995,34,2416,24.18,0.6377016666666668,1335,45764,0.0003,0.6363322734832764,2235
-32.00592536999999,34,2420,23.77,0.6373216666666667,1335,45812,0.0003,2.3818695545196533,2238
-32.066077969999995,34,2424,23.56,0.6368466666666668,1335,45872,0.0003,1.5047309398651123,2241
-32.19841629,34,2428,23.55,0.6360549999999999,1334,45972,0.0003,0.40198594331741333,2248
-32.27183549,34,2432,23.69,0.6346616666666667,1334,46148,0.0003,1.3327653408050537,2259
-32.00795281,34,2436,24.24,0.6336166666666667,1334,46280,0.0003,2.434584856033325,2267
-31.994760549999995,34,2440,24.22,0.6328883333333333,1334,46372,0.0003,1.3172286748886108,2273
-31.83688228,34,2444,24.56,0.6320016666666666,1334,46484,0.0003,0.9328582286834717,2280
-32.02118391,34,2448,24.4,0.63121,1334,46584,0.0003,0.8601887822151184,2286
-31.860369239999997,34,2452,25.13,0.6305449999999999,1334,46668,0.0003,1.7334556579589844,2291
-31.983206030000005,35,2456,24.85,0.6298166666666669,1334,46760,0.0003,1.9914852380752563,2297
-31.91312841,35,2460,25.5,0.6291516666666668,1334,46844,0.0003,0.8903392553329468,2302
-31.87587057999999,35,2464,25.91,0.6280750000000002,1334,46980,0.0003,1.7426764965057373,2311
-31.89508922,35,2468,25.88,0.6275050000000001,1334,47052,0.0003,1.4939956665039062,2315
-32.108893519999995,35,2472,24.58,0.6270933333333333,1334,47104,0.0003,2.8134114742279053,2318
-32.131754889999996,35,2476,24.74,0.6264283333333335,1333,47188,0.0003,1.1472980976104736,2324
-32.16506507,35,2480,24.43,0.6255099999999999,1333,47304,0.0003,2.8259780406951904,2331
-31.37418159,35,2484,23.85,0.6251300000000001,1333,47352,0.0003,0.6831693649291992,2334
-31.69658987999999,35,2488,23.68,0.6244333333333334,1333,47440,0.0003,2.3565895557403564,2339
-31.510754909999996,35,2492,24.11,0.6231033333333333,1333,47608,0.0003,1.5155885219573975,2350
-31.256811629999998,35,2496,24.13,0.6225333333333334,1333,47680,0.0003,2.344597578048706,2354
-31.445888419999996,35,2500,23.24,0.6217100000000001,1333,47784,0.0003,1.499882459640503,2361
-31.427120549999998,35,2504,23.78,0.6211083333333334,1333,47860,0.0003,0.641693115234375,2366
-31.279689230000002,36,2508,23.93,0.6198416666666666,1333,48020,0.0003,2.815063953399658,2376
-31.23729011,36,2512,24.32,0.6186699999999999,1333,48168,0.0003,1.5003230571746826,2385
-31.158923839999996,36,2516,25.03,0.6180999999999999,1333,48240,0.0003,2.656362771987915,2389
-31.19203391,36,2520,24.68,0.61772,1332,48288,0.0003,2.1670286655426025,2392
-31.15878222,36,2524,24.94,0.6171183333333334,1332,48364,0.0003,0.8884157538414001,2397
-31.048119489999994,36,2528,24.87,0.6166116666666669,1332,48428,0.0003,2.1969411373138428,2401
-31.504570910000012,36,2532,24.59,0.6159150000000001,1332,48516,0.0003,1.7166728973388672,2407
-31.633973729999997,36,2536,23.75,0.6147116666666668,1332,48668,0.0003,1.2961214780807495,2416
-31.49231781,36,2540,24.29,0.6137933333333335,1332,48784,0.0003,1.1027157306671143,2423
-31.463523319999993,36,2544,24.49,0.6125583333333333,1333,48940,0.0003,1.725886583328247,2433
-31.2584814,36,2548,24.92,0.6111016666666667,1332,49124,0.0003,0.8830840587615967,2445
-30.857757229999997,36,2552,25.76,0.6099300000000001,1332,49272,0.0003,1.9397300481796265,2454
-30.78128447,37,2556,26.55,0.6085366666666667,1333,49448,0.0003,1.1270508766174316,2465
-30.542440469999995,37,2560,26.92,0.6076816666666667,1333,49556,0.0003,1.3258904218673706,2472
-30.60989826,37,2564,26.69,0.6068266666666665,1333,49664,0.0003,1.102020263671875,2478
-30.524163530000006,37,2568,26.76,0.6062566666666668,1332,49736,0.0003,1.3326493501663208,2483
-30.570095680000005,37,2572,26.78,0.605655,1332,49812,0.0003,0.8753791451454163,2488
-30.46292935,37,2576,26.98,0.6049583333333334,1332,49900,0.0003,1.7409613132476807,2493
-30.826036889999997,37,2580,27.33,0.6038816666666668,1332,50036,0.0003,1.1030863523483276,2502
-30.8322706,37,2584,27.26,0.6033116666666667,1333,50108,0.0003,1.1033397912979126,2506
-30.50389613,37,2588,27.41,0.6021716666666667,1333,50252,0.0003,1.9871721267700195,2515
-30.662797080000004,37,2592,27.64,0.6016966666666667,1333,50312,0.0003,1.1086182594299316,2519
-30.974532989999997,37,2596,27.26,0.6010633333333334,1333,50392,0.0003,2.7144641876220703,2524
-30.911211200000004,37,2600,27.16,0.6003033333333334,1332,50488,0.0003,0.8586109280586243,2530
-30.90579668,37,2604,26.3,0.599955,1332,50532,0.0003,2.583256244659424,2533
-30.875791700000004,37,2608,26.41,0.5992900000000001,1332,50616,0.0003,1.3121057748794556,2538
-30.89834472,38,2612,25.98,0.5983716666666667,1332,50732,0.0003,1.2645395994186401,2545
-31.425432530000002,38,2616,25.4,0.5978016666666668,1332,50804,0.0003,1.3147473335266113,2550
-31.38800031,38,2620,25.58,0.5973900000000001,1332,50856,0.0003,1.09271240234375,2553
-31.442625740000004,38,2624,25.57,0.5970733333333333,1331,50896,0.0003,2.4122095108032227,2555
-31.43283195,38,2628,25.58,0.5962816666666666,1331,50996,0.0003,1.5664279460906982,2562
-31.018911520000003,38,2632,25.27,0.5956800000000002,1331,51072,0.0003,0.8670180439949036,2566
-30.925565929999998,38,2636,25.19,0.5948250000000002,1331,51180,0.0003,0.6703888773918152,2573
-31.04907257,38,2640,24.73,0.5944766666666669,1331,51224,0.0003,0.6778852343559265,2576
-31.28877526,38,2644,24.0,0.5934950000000001,1331,51348,0.0003,1.8783538341522217,2584
-31.490539879999996,38,2648,23.68,0.5931150000000001,1331,51396,0.0003,1.3407989740371704,2587
-32.03895429,38,2652,22.32,0.5914366666666667,1331,51608,0.0003,2.3900985717773438,2600
-32.17244383,38,2656,22.49,0.5902016666666668,1331,51764,0.0003,1.3492385149002075,2610
-32.39819831,38,2660,23.17,0.5892200000000001,1330,51888,0.0003,1.312308669090271,2617
-32.36624551999999,39,2664,23.06,0.5887766666666667,1329,51944,0.0003,1.5271284580230713,2621
-32.49473428999999,39,2668,22.92,0.5879850000000002,1329,52044,0.0003,2.000699996948242,2627
-32.371590469999994,39,2672,23.5,0.5864333333333334,1327,52240,0.0003,1.0992491245269775,2639
-32.82415534,39,2676,24.14,0.5860216666666669,1327,52292,0.0003,1.322670817375183,2643
-32.50283805,39,2680,23.71,0.5855466666666667,1326,52352,0.0003,2.4924192428588867,2646
-32.42653648,39,2684,24.3,0.5842800000000001,1326,52512,0.0003,2.396388530731201,2656
-32.43606844,39,2688,24.14,0.5833933333333334,1326,52624,0.0003,1.5024795532226562,2663
-32.515786729999995,39,2692,23.22,0.5825383333333334,1326,52732,0.0003,1.2783758640289307,2670
-32.602416749999996,39,2696,23.59,0.58162,1325,52848,0.0003,0.8610904216766357,2677
-32.70956945,39,2700,24.89,0.5806699999999999,1325,52968,0.0003,1.3022562265396118,2685
-32.64279452,40,2704,25.69,0.5796566666666668,1324,53096,0.0003,1.3423855304718018,2693
-32.52495532,40,2708,25.71,0.5788016666666667,1324,53204,0.0003,0.44647520780563354,2700
-32.475180890000004,40,2712,25.81,0.5779150000000001,1323,53316,0.0003,1.346714973449707,2707
-31.82466355,40,2716,26.53,0.5763950000000002,1323,53508,0.0003,1.306458592414856,2719
-31.792971689999998,40,2720,27.09,0.5753816666666667,1323,53636,0.0003,0.8497253656387329,2727
-31.534297940000005,40,2724,28.02,0.5745900000000002,1322,53736,0.0003,2.2065107822418213,2733
-31.463282569999997,40,2728,28.43,0.5735766666666668,1322,53864,0.0003,0.8929975032806396,2741
-31.407449260000003,40,2732,28.83,0.5728483333333334,1322,53956,0.0003,2.0502891540527344,2747
-31.403893639999996,40,2736,28.7,0.57231,1322,54024,0.0003,1.301652193069458,2751
-31.32611038,40,2740,29.35,0.5712016666666668,1322,54164,0.0003,0.6605259776115417,2760
-31.27383081,41,2744,29.17,0.570695,1322,54228,0.0003,0.6863157153129578,2764
-31.23659543,41,2748,29.57,0.5690799999999999,1322,54432,0.0003,2.266258716583252,2776
-31.57114548,41,2752,29.73,0.5682883333333333,1322,54532,0.0003,2.0446360111236572,2783
-31.148957730000003,41,2756,29.45,0.5677500000000002,1322,54600,0.0003,1.9347057342529297,2787
-31.23477815,41,2760,28.43,0.5668316666666666,1322,54716,0.0003,1.1203490495681763,2794
-31.26514674,41,2764,28.75,0.5661033333333333,1322,54808,0.0003,1.110883116722107,2800
-31.2602426,41,2768,28.53,0.5653433333333333,1322,54904,0.0003,1.5383517742156982,2806
-31.23750732,41,2772,28.63,0.5645200000000001,1322,55008,0.0003,1.524053692817688,2812
-30.84801449,41,2776,27.8,0.5636333333333334,1322,55120,0.0003,2.182943105697632,2819
-31.093236070000003,41,2780,28.07,0.5631266666666666,1322,55184,0.0003,0.45289668440818787,2823
-31.469808949999997,41,2784,27.42,0.56262,1321,55248,0.0003,1.110866904258728,2827
-31.45437626,41,2788,27.8,0.5613533333333333,1321,55408,0.0003,0.46172964572906494,2837
-31.08971952,42,2792,28.88,0.5602766666666666,1321,55544,0.0003,0.9045775532722473,2846
-31.081748400000002,42,2796,28.62,0.55958,1321,55632,0.0003,1.7629694938659668,2851
-31.023302479999998,42,2800,28.15,0.55844,1320,55776,0.0003,1.3277111053466797,2860
-31.03315588000001,42,2804,28.02,0.5570783333333332,1320,55948,0.0003,1.7659220695495605,2871
-31.627158960000003,42,2808,27.54,0.5565083333333334,1320,56020,0.0003,1.6961663961410522,2876
-31.71410352,42,2812,28.81,0.5548616666666668,1320,56228,0.0003,1.5277290344238281,2889
-31.713729049999994,42,2816,28.87,0.5541333333333335,1319,56320,0.0003,1.6033999919891357,2894
-31.867391129999998,42,2820,28.41,0.5535633333333334,1319,56392,0.0003,2.329190492630005,2899
-31.931015959999996,42,2824,27.89,0.5522966666666669,1319,56552,0.0003,1.306452989578247,2909
-31.97496494,42,2828,27.52,0.5514733333333335,1319,56656,0.0003,1.671567678451538,2915
-31.996851159999995,43,2832,27.69,0.5503650000000002,1319,56796,0.0003,1.3308724164962769,2924
-31.59802784,43,2836,28.84,0.5494783333333335,1319,56908,0.0003,1.7068400382995605,2931
-32.10568585,43,2840,28.57,0.5482433333333333,1319,57064,0.0003,1.241459846496582,2941
-32.02870129,43,2844,28.91,0.5479266666666667,1319,57104,0.0003,0.9444576501846313,2943
-32.049758530000005,43,2848,28.1,0.5470400000000001,1319,57216,0.0003,1.9882153272628784,2950
-31.61667593,43,2852,28.32,0.5462483333333334,1319,57316,0.0003,1.3149001598358154,2957
-31.972830459999997,43,2856,27.67,0.5456466666666666,1319,57392,0.0003,2.316930055618286,2961
-32.04863687,43,2860,27.65,0.5449183333333334,1319,57484,0.0003,0.6548381447792053,2967
-31.998726149999996,43,2864,27.51,0.5442849999999999,1319,57564,0.0003,1.4476640224456787,2972
-31.979012190000002,43,2868,27.68,0.5433666666666666,1319,57680,0.0003,2.112096071243286,2979
-31.944495120000006,43,2872,27.48,0.5428600000000001,1319,57744,0.0003,1.7796926498413086,2983
-31.930334900000002,43,2876,27.65,0.5423216666666667,1319,57812,0.0003,1.4429914951324463,2988
-31.680582320000003,43,2880,27.31,0.5415933333333333,1318,57904,0.0003,0.835581362247467,2993
-31.468804930000005,43,2884,27.05,0.5407066666666667,1318,58016,0.0003,0.8589242100715637,3000
-31.7419704,44,2888,27.03,0.5393766666666666,1318,58184,0.0003,1.7391976118087769,3011
-31.502825119999997,44,2892,27.57,0.5383,1319,58320,0.0003,1.0642404556274414,3019
-31.34628641000001,44,2896,27.76,0.5376350000000001,1319,58404,0.0003,1.2966560125350952,3025
-31.28863171,44,2900,27.25,0.53697,1319,58488,0.0003,1.0654385089874268,3030
-31.358460480000005,44,2904,27.39,0.5357666666666667,1319,58640,0.0003,1.3092663288116455,3039
-31.2351029,44,2908,27.39,0.535355,1318,58692,0.0003,0.8950102925300598,3043
-31.203014530000004,44,2912,25.89,0.53488,1319,58752,0.0003,1.3446755409240723,3046
-31.496863039999997,44,2916,24.96,0.5338350000000001,1318,58884,0.0003,1.8099019527435303,3055
-31.720597780000002,44,2920,26.65,0.5323783333333333,1318,59068,0.0003,0.7056753635406494,3066
-31.723966869999998,44,2924,26.29,0.5315550000000001,1318,59172,0.0003,1.5366214513778687,3073
-31.873887479999997,44,2928,26.38,0.5303200000000001,1319,59328,0.0003,1.8061821460723877,3082
-31.858252510000003,45,2932,26.24,0.52937,1319,59448,0.0003,0.865863025188446,3090
-32.4293691,45,2936,26.49,0.5282933333333335,1319,59584,0.0003,1.759353756904602,3098
-31.897810410000005,45,2940,26.3,0.5272483333333334,1319,59716,0.0003,1.2835615873336792,3107
-31.910725670000005,45,2944,26.98,0.5265200000000001,1319,59808,0.0003,1.6890759468078613,3112
-31.928333690000002,45,2948,27.05,0.5254433333333333,1319,59944,0.0003,1.0571752786636353,3121
-31.9651449,46,2952,27.13,0.5245250000000002,1297,60060,0.0003,1.5323933362960815,3128
-32.27620441999999,46,2956,27.25,0.5235750000000001,1297,60180,0.0003,1.738681674003601,3136
-32.011511510000005,46,2960,27.79,0.5230683333333335,1297,60244,0.0003,1.690024495124817,3140
-31.94064287,46,2964,28.62,0.5217383333333334,1297,60412,0.0003,1.7376433610916138,3150
-32.12734359,46,2968,28.63,0.5204716666666667,1297,60572,0.0003,1.7240848541259766,3160
-32.131620260000005,46,2972,28.42,0.5200916666666668,1297,60620,0.0003,1.9729948043823242,3163
-32.34546085,46,2976,28.8,0.5191416666666666,1297,60740,0.0003,1.0632046461105347,3171
-32.62806921,46,2980,29.1,0.5187616666666666,1297,60788,0.0003,2.661958694458008,3174
-33.33490965000001,46,2984,29.01,0.5177166666666666,1297,60920,0.0003,0.8606350421905518,3182
-33.07513988,47,2988,28.9,0.5168933333333334,1297,61024,0.0003,2.006840944290161,3188
-33.8219357,47,2992,28.51,0.5154050000000001,1297,61212,0.0003,1.7521848678588867,3200
-33.841415999999995,47,2996,29.02,0.5139800000000002,1297,61392,0.0003,1.3287540674209595,3211
-33.721397610000004,47,3000,29.92,0.5129349999999999,1296,61524,0.0003,0.8502575755119324,3220
-33.74525185,47,3004,29.33,0.5121116666666667,1297,61628,0.0003,1.6563788652420044,3226
-33.19770185,47,3008,29.54,0.5116366666666667,1296,61688,0.0003,1.956343650817871,3230
-33.24237547,47,3012,29.95,0.5108766666666666,1296,61784,0.0003,1.9738385677337646,3236
-33.1980952,47,3016,30.24,0.5102433333333334,1296,61864,0.0003,0.47367063164711,3241
-32.77086891,47,3020,28.82,0.5092300000000002,1296,61992,0.0003,0.8622758388519287,3249
-32.68559161,47,3024,29.11,0.5078683333333334,1296,62164,0.0003,1.7612907886505127,3260
-32.7587153,48,3028,29.16,0.5071399999999999,1296,62256,0.0003,0.7264997959136963,3265
-32.37448219,48,3032,30.34,0.5060000000000002,1296,62400,0.0003,0.6841303110122681,3274
-32.149684359999995,48,3036,29.02,0.5054933333333334,1296,62464,0.0003,1.1112098693847656,3278
-32.14264556,48,3040,29.29,0.504195,1295,62628,0.0003,1.5112013816833496,3289
-32.14069286,48,3044,28.57,0.5032766666666666,1295,62744,0.0003,1.936305284500122,3296
-31.739707169999996,48,3048,29.33,0.5021366666666668,1294,62888,0.0003,2.642324447631836,3305
-31.510232929999997,48,3052,29.78,0.5012183333333333,1294,63004,0.0003,1.3549922704696655,3312
-31.51232505,48,3056,29.63,0.5005216666666668,1294,63092,0.0003,1.7491984367370605,3318
-31.839862489999994,48,3060,29.36,0.49998333333333334,1294,63160,0.0003,0.8638433218002319,3322
-31.78198441,48,3064,28.29,0.49957166666666686,1294,63212,0.0003,2.701200246810913,3325
-31.637700490000007,48,3068,28.32,0.49843166666666683,1294,63356,0.0003,1.1187535524368286,3334
-31.801088229999994,49,3072,28.63,0.4974183333333334,1294,63484,0.0003,1.9276467561721802,3342
-31.506786939999998,49,3076,28.52,0.4962783333333334,1294,63628,0.0003,1.3132826089859009,3351
-30.953037540000004,49,3080,29.03,0.4955816666666666,1294,63716,0.0003,1.5338587760925293,3357
-29.986389959999997,49,3084,29.8,0.4946949999999999,1294,63828,0.0003,1.3240913152694702,3364
-29.962854689999993,49,3088,29.61,0.49361833333333327,1294,63964,0.0003,0.8793450593948364,3372
-29.82738878,49,3092,28.89,0.4931433333333334,1293,64024,0.0003,0.4473801255226135,3376
-29.759886660000003,49,3096,28.49,0.49175000000000013,1294,64200,0.0003,1.7616162300109863,3387
-29.88284485,49,3100,27.66,0.4909899999999999,1293,64296,0.0003,1.085215449333191,3393
-29.903564699999993,49,3104,28.5,0.49016666666666675,1293,64400,0.0003,1.5113730430603027,3399
-29.990990360000005,49,3108,28.99,0.48874166666666663,1293,64580,0.0003,1.115854263305664,3411
-29.86724225,49,3112,29.01,0.4882983333333335,1293,64636,0.0003,1.4834306240081787,3414
-29.608001310000006,50,3116,29.38,0.4867783333333333,1293,64828,0.0003,1.1070411205291748,3426
-29.36355862,50,3120,29.77,0.48614500000000005,1293,64908,0.0003,0.9047097563743591,3431
-29.43399079,50,3124,30.07,0.4848150000000001,1293,65076,0.0003,1.471096158027649,3442
-29.26482462,50,3128,29.8,0.4842766666666669,1293,65144,0.0003,2.0898385047912598,3446
-29.734529860000002,50,3132,28.41,0.4837383333333334,1293,65212,0.0003,1.1234310865402222,3450
-29.72144848,50,3136,28.85,0.48231333333333337,1293,65392,0.0003,1.5272908210754395,3461
-29.780043629999994,50,3140,28.52,0.48193333333333355,1293,65440,0.0003,1.0791205167770386,3464
-29.87089586,50,3144,28.26,0.481395,1293,65508,0.0003,1.7631690502166748,3469
-30.18719826,50,3148,27.7,0.47993833333333336,1293,65692,0.0003,1.5197043418884277,3480
-30.37985575,50,3152,28.08,0.4787666666666667,1293,65840,0.0003,1.1011743545532227,3489
-29.746847380000006,50,3156,28.59,0.4780066666666667,1293,65936,0.0003,1.5516932010650635,3495
-29.587392750000003,51,3160,28.43,0.476645,1292,66108,0.0003,2.065251588821411,3506
-29.384779279999997,51,3164,29.75,0.4759483333333333,1292,66196,0.0003,1.1841719150543213,3512
-29.184246780000002,51,3168,30.03,0.47461833333333336,1292,66364,0.0003,0.6277658939361572,3522
-29.148602589999996,51,3172,29.63,0.4740483333333335,1292,66436,0.0003,2.159636974334717,3527
-29.294098189999996,51,3176,29.65,0.4731616666666668,1292,66548,0.0003,1.586873173713684,3534
-29.496338069999997,51,3180,29.26,0.4724016666666666,1292,66644,0.0003,1.5146342515945435,3540
-29.648853970000005,51,3184,29.01,0.47110333333333354,1292,66808,0.0003,0.8654065132141113,3550
-29.375158319999997,51,3188,29.4,0.47053333333333336,1292,66880,0.0003,1.542286992073059,3554
-29.044918960000004,51,3192,29.8,0.46882333333333326,1292,67096,0.0003,0.8839232325553894,3568
-29.043146980000003,52,3196,29.97,0.46739833333333347,1292,67276,0.0003,1.9305850267410278,3579
-28.7845709,52,3200,32.08,0.4661633333333336,1293,67432,0.0003,1.9373286962509155,3589
-28.78866389,52,3204,31.01,0.465815,1293,67476,0.0003,0.8696090579032898,3592
-29.032155139999997,52,3208,30.27,0.4647066666666668,1293,67616,0.0003,2.5408129692077637,3600
-29.292728979999996,52,3212,30.81,0.4634083333333334,1292,67780,0.0003,1.2293879985809326,3611
-29.333887269999995,52,3216,31.26,0.4615716666666668,1293,68012,0.0003,1.3622936010360718,3625
-29.543061459999993,52,3220,32.11,0.46093833333333334,1293,68092,0.0003,1.0904033184051514,3630
-29.931024139999995,52,3224,31.79,0.45970333333333335,1292,68248,0.0003,0.6716936826705933,3640
-30.08903557,52,3228,32.58,0.45843666666666694,1292,68408,0.0003,1.1034858226776123,3650
-30.076230219999992,53,3232,32.63,0.4574233333333333,1292,68536,0.0003,1.7091044187545776,3658
-30.4826657,53,3236,32.66,0.45644166666666675,1292,68660,0.0003,1.9096916913986206,3666
-30.44026226,53,3240,33.1,0.4550483333333335,1292,68836,0.0003,1.3081151247024536,3677
-30.198498739999994,53,3244,33.7,0.454225,1292,68940,0.0003,2.553562641143799,3683
-30.203177510000003,53,3248,34.61,0.4531483333333335,1291,69076,0.0003,1.9591330289840698,3692
-30.120989910000006,53,3252,34.68,0.4518816666666666,1291,69236,0.0003,0.6649228930473328,3702
-30.135125600000002,53,3256,34.77,0.4498549999999999,1292,69492,0.0003,1.9167734384536743,3718
-29.75633144,53,3260,35.28,0.4489366666666669,1292,69608,0.0003,1.3245024681091309,3725
-30.220231300000005,53,3264,35.22,0.4480183333333333,1292,69724,0.0003,0.8567838668823242,3732
-30.32151699,54,3268,34.66,0.4470683333333335,1292,69844,0.0003,1.962523102760315,3740
-30.209877909999996,54,3272,35.15,0.4461816666666668,1292,69956,0.0003,1.8859596252441406,3747
-30.017693519999998,54,3276,35.2,0.4451050000000001,1292,70092,0.0003,0.8636046648025513,3755
-29.86227937,54,3280,35.51,0.4442816666666667,1292,70196,0.0003,1.520555019378662,3762
-30.01475662,54,3284,34.84,0.4436800000000001,1292,70272,0.0003,2.141923189163208,3766
-30.10557478,54,3288,34.91,0.44285666666666657,1292,70376,0.0003,1.119676947593689,3773
-30.09837744,54,3292,34.87,0.4418433333333335,1292,70504,0.0003,2.29436993598938,3781
-30.21463174,54,3296,34.11,0.4414633333333333,1292,70552,0.0003,0.4584040641784668,3784
-30.38495866,54,3300,31.68,0.4408616666666667,1292,70628,0.0003,1.9185388088226318,3789
-30.160006409999998,54,3304,32.19,0.4395633333333333,1292,70792,0.0003,1.7170432806015015,3799
-30.040202679999997,54,3308,32.65,0.43858166666666687,1291,70916,0.0003,0.4590407609939575,3807
-29.752543780000007,54,3312,32.86,0.4376000000000001,1291,71040,0.0003,1.7348449230194092,3814
-29.716139039999998,55,3316,32.39,0.43608000000000013,1291,71232,0.0003,0.6631017327308655,3826
-29.681318930000003,55,3320,32.05,0.43519333333333343,1291,71344,0.0003,1.482112169265747,3833
-29.283217840000002,55,3324,32.32,0.4343383333333334,1291,71452,0.0003,2.7593748569488525,3840
-29.008732419999998,55,3328,31.47,0.4329133333333335,1291,71632,0.0003,2.3608977794647217,3851
-28.624614399999995,55,3332,32.58,0.4320900000000001,1291,71736,0.0003,2.0592522621154785,3858
-28.231586260000004,55,3336,32.82,0.43034833333333333,1291,71956,0.0003,1.509078025817871,3872
-28.53668525,55,3340,32.55,0.42987333333333344,1291,72016,0.0003,1.0773262977600098,3875
-28.52326178,55,3344,32.65,0.42911333333333346,1291,72112,0.0003,1.5226483345031738,3881
-28.546430830000006,55,3348,31.78,0.42784666666666693,1290,72272,0.0003,0.8757389187812805,3891
-28.690063050000003,56,3352,31.56,0.4271183333333335,1290,72364,0.0003,1.959357500076294,3897
-29.275954969999997,56,3356,30.84,0.42616833333333337,1290,72484,0.0003,1.553972601890564,3905
-29.54556018,56,3360,30.29,0.42502833333333356,1290,72628,0.0003,1.6744309663772583,3914
-29.252274449999994,56,3364,29.92,0.4238883333333334,1290,72772,0.0003,1.3165940046310425,3923
-29.20848359,56,3368,30.47,0.42249499999999995,1289,72948,0.0003,1.4756673574447632,3934
-29.421780560000006,56,3372,30.62,0.4213233333333335,1289,73096,0.0003,1.0974602699279785,3943
-29.523218060000005,56,3376,31.59,0.4199616666666667,1289,73268,0.0003,1.3240833282470703,3954
-29.543383800000004,56,3380,31.35,0.4193283333333334,1289,73348,0.0003,1.5019068717956543,3959
-29.36515006,56,3384,31.43,0.41888500000000006,1289,73404,0.0003,1.3186603784561157,3962
-29.518143130000002,56,3388,30.97,0.4183783333333335,1289,73468,0.0003,1.2874298095703125,3966
-29.772082990000005,57,3392,30.36,0.41768166666666673,1289,73556,0.0003,1.5714918375015259,3972
-30.073728489999993,57,3396,31.01,0.4168266666666667,1289,73664,0.0003,0.4600759744644165,3978
-29.981416870000004,57,3400,31.8,0.4160666666666667,1289,73760,0.0003,0.6565585732460022,3984
-30.012021809999997,57,3404,31.88,0.4149900000000001,1289,73896,0.0003,1.4804085493087769,3993
-30.12246412,57,3408,31.43,0.41438833333333347,1289,73972,0.0003,1.5017592906951904,3998
-30.091652209999996,57,3412,30.56,0.4134066666666667,1289,74096,0.0003,0.8941736221313477,4005
-30.305797990000002,57,3416,30.3,0.41248833333333335,1289,74212,0.0003,1.0641217231750488,4013
-30.40951426,57,3420,30.27,0.41052500000000014,1289,74460,0.0003,1.684776782989502,4028
-30.37304298,57,3424,29.87,0.40976500000000016,1288,74556,0.0003,1.8510878086090088,4034
-30.33518728,57,3428,30.63,0.4094483333333332,1288,74596,0.0003,1.4778358936309814,4037
-30.569227339999998,58,3432,30.0,0.4080866666666666,1288,74768,0.0003,1.9488449096679688,4047
-30.485314760000005,58,3436,29.33,0.4076433333333336,1288,74824,0.0003,1.6177163124084473,4051
-29.89823519,58,3440,29.58,0.40514166666666684,1274,75140,0.0003,1.3034189939498901,4071
-29.56099476,59,3444,30.29,0.40384333333333344,1274,75304,0.0003,1.371227741241455,4081
-29.5584342,59,3448,30.1,0.40333666666666657,1274,75368,0.0003,0.7636821866035461,4085
-28.71786511,59,3452,33.18,0.40064500000000025,1274,75708,0.0003,1.0590133666992188,4106
-28.353676059999994,59,3456,33.27,0.39982166666666674,1274,75812,0.0003,1.0019869804382324,4113
-28.26444221,59,3460,33.53,0.39858666666666664,1274,75968,0.0003,0.8991758227348328,4122
-27.897287159999998,59,3464,33.95,0.39728833333333324,1274,76132,0.0003,1.315791368484497,4133
-27.98398538,59,3468,33.45,0.39668666666666685,1274,76208,0.0003,1.8981339931488037,4137
-27.907602260000004,59,3472,33.19,0.3957683333333333,1274,76324,0.0003,1.308760166168213,4145
-27.816315460000006,59,3476,32.43,0.39450166666666675,1274,76484,0.0003,1.0791146755218506,4155
-27.8722554,60,3480,32.71,0.39355166666666686,1275,76604,0.0003,1.3139045238494873,4162
-27.929211100000003,60,3484,33.17,0.3922216666666666,1274,76772,0.0003,1.7594746351242065,4173
-28.02504426,60,3488,34.84,0.39035333333333344,1273,77008,0.0003,0.855120837688446,4187
-28.219799339999998,60,3492,35.37,0.38971999999999996,1273,77088,0.0003,0.9149014949798584,4192
-27.93188676,60,3496,34.7,0.3889600000000002,1272,77184,0.0003,0.6627035140991211,4198
-27.876128740000002,60,3500,35.28,0.3880416666666666,1272,77300,0.0003,1.9270703792572021,4206
-28.11260383,60,3504,34.55,0.3872500000000001,1272,77400,0.0003,1.3200629949569702,4212
-27.826974,60,3508,35.59,0.3853816666666666,1272,77636,0.0003,1.5493570566177368,4227
-27.620313420000002,61,3512,36.3,0.3845266666666668,1272,77744,0.0003,1.325481653213501,4233
-27.387319480000002,61,3516,36.66,0.38373500000000027,1272,77844,0.0003,1.520745038986206,4240
-27.29945116,61,3520,36.46,0.3826583333333333,1272,77980,0.0003,2.1479945182800293,4248
-27.826634220000003,61,3524,36.23,0.38218333333333343,1272,78040,0.0003,2.101184368133545,4252
-28.05115564,61,3528,35.24,0.3809483333333332,1272,78196,0.0003,1.3039387464523315,4262
-27.62238092,61,3532,36.32,0.37965000000000015,1272,78360,0.0003,1.3274415731430054,4272
-28.09993229,61,3536,36.41,0.3779716666666666,1272,78572,0.0003,2.3109023571014404,4285
-28.80778378,61,3540,36.71,0.3766733333333334,1272,78736,0.0003,1.5094290971755981,4295
-29.1770677,61,3544,36.67,0.3755966666666668,1272,78872,0.0003,1.0710313320159912,4304
-28.939477150000002,62,3548,37.16,0.3744249999999999,1272,79020,0.0003,1.2589082717895508,4313
-29.69855636000001,62,3552,35.0,0.3730633333333333,1272,79192,0.0003,1.9529350996017456,4324
-29.982083829999997,62,3556,36.03,0.37106833333333333,1272,79444,0.0003,1.3084927797317505,4340
-30.676010880000003,62,3560,36.06,0.3702449999999998,1272,79548,0.0003,1.102173924446106,4346
-31.178187550000004,62,3564,35.95,0.36888333333333323,1272,79720,0.0003,1.29689621925354,4357
-31.675847819999994,62,3568,35.43,0.368155,1271,79812,0.0003,1.9552761316299438,4363
-31.284555589999997,62,3572,36.62,0.36653999999999987,1272,80016,0.0003,1.3658732175827026,4375
-31.29957051,63,3576,36.44,0.36521000000000015,1272,80184,0.0003,1.5875340700149536,4386
-31.352830959999995,63,3580,35.96,0.3646400000000001,1272,80256,0.0003,1.281164288520813,4390
-31.03521627000001,63,3584,36.24,0.36315166666666676,1272,80444,0.0003,1.090406060218811,4402
-30.89843611,63,3588,36.86,0.3619800000000001,1272,80592,0.0003,2.0842483043670654,4411
-30.362750799999993,63,3592,36.99,0.36001666666666654,1272,80840,0.0003,1.7444837093353271,4427
-30.44525091,63,3596,37.97,0.3591616666666668,1272,80948,0.0003,2.123692274093628,4434
-30.006139779999998,63,3600,38.04,0.35799000000000014,1272,81096,0.0003,1.4813178777694702,4443
-30.67092646,63,3604,38.57,0.35669166666666696,1272,81260,0.0003,0.670337438583374,4453
-30.775377110000004,63,3608,38.18,0.3552033333333333,1272,81448,0.0003,1.8692156076431274,4465
-30.80954999,64,3612,37.9,0.3543799999999998,1272,81552,0.0003,0.2479930967092514,4471
-30.967798130000002,64,3616,38.37,0.35333499999999984,1272,81684,0.0003,1.0559180974960327,4480
-31.01550794,64,3620,37.81,0.35285999999999995,1272,81744,0.0003,0.6541907787322998,4483
-30.90979324,64,3624,37.97,0.35143500000000005,1272,81924,0.0003,1.0743705034255981,4495
-30.484400789999995,64,3628,38.68,0.3503583333333332,1272,82060,0.0003,1.2806223630905151,4503
-30.914723409999997,64,3632,37.73,0.3496300000000002,1271,82152,0.0003,0.7020711302757263,4509
-30.508049779999993,64,3636,37.88,0.3489016666666668,1271,82244,0.0003,1.098077654838562,4515
-30.193926929999996,64,3640,37.15,0.3477300000000001,1271,82392,0.0003,0.9005151391029358,4524
-30.810528859999998,64,3644,36.83,0.3458933333333335,1271,82624,0.0003,0.47239506244659424,4538
-30.34315378,65,3648,37.63,0.34503833333333345,1271,82732,0.0003,1.9219012260437012,4545
-30.26870964,65,3652,36.34,0.34415166666666674,1271,82844,0.0003,0.8829041123390198,4552
-30.057910390000004,65,3656,34.95,0.34351833333333326,1271,82924,0.0003,0.8649407625198364,4557
-29.708777769999998,65,3660,33.77,0.3428216666666668,1271,83012,0.0003,1.3015724420547485,4563
-29.16482334,65,3664,33.97,0.3424100000000001,1271,83064,0.0003,1.4894685745239258,4566
-28.74754271,65,3668,33.92,0.34168166666666666,1271,83156,0.0003,0.8702206611633301,4572
-29.109361519999997,65,3672,32.41,0.34066833333333346,1271,83284,0.0003,1.2899267673492432,4580
-29.41641756,65,3676,32.67,0.33997166666666656,1271,83372,0.0003,0.9011109471321106,4585
-29.445791540000002,65,3680,32.78,0.33854666666666666,1271,83552,0.0003,2.789475917816162,4596
-29.789886749999997,65,3684,33.08,0.33658333333333346,1272,83800,0.0003,1.311745047569275,4612
-29.21132552,65,3688,33.59,0.3354433333333334,1272,83944,0.0003,1.307141900062561,4621
-29.758967499999997,66,3692,32.47,0.3347783333333334,1272,84028,0.0003,1.0664374828338623,4626
-29.98689855,66,3696,32.06,0.33363833333333337,1272,84172,0.0003,0.6175281405448914,4635
-30.14673742,66,3700,32.16,0.3327516666666668,1272,84284,0.0003,1.9018645286560059,4642
-29.13625741,66,3704,32.3,0.3309466666666667,1272,84512,0.0003,1.8823543787002563,4656
-29.074036699999997,66,3708,32.35,0.33031333333333324,1272,84592,0.0003,1.3324404954910278,4661
-29.337341900000002,66,3712,31.9,0.3290466666666666,1272,84752,0.0003,0.6848855018615723,4671
-29.345443240000005,66,3716,32.03,0.32781166666666683,1272,84908,0.0003,1.2814412117004395,4681
-29.9395241,66,3720,32.12,0.32676666666666687,1272,85040,0.0003,0.8683168888092041,4689
-28.84711099,66,3724,33.34,0.32531,1272,85224,0.0003,1.0255019664764404,4701
-29.83121362,67,3728,33.51,0.32432833333333355,1271,85348,0.0003,1.5360690355300903,4709
-29.72638495,67,3732,33.68,0.32309333333333345,1271,85504,0.0003,1.5296545028686523,4718
-29.935418670000004,67,3736,33.83,0.3219216666666668,1271,85652,0.0003,1.5123162269592285,4728
-30.252417479999995,67,3740,33.83,0.32024333333333344,1271,85864,0.0003,0.46943041682243347,4741
-29.504421300000004,67,3744,34.1,0.31989500000000015,1271,85908,0.0003,2.580462694168091,4744
-30.199248219999994,67,3748,32.62,0.3194516666666666,1271,85964,0.0003,1.6808985471725464,4747
-30.180111239999995,67,3752,32.55,0.31831166666666677,1271,86108,0.0003,1.8308141231536865,4756
-30.51469632,67,3756,33.29,0.3173933333333335,1271,86224,0.0003,1.2908813953399658,4763
-30.44755805999999,67,3760,34.28,0.31634833333333345,1271,86356,0.0003,1.4713126420974731,4772
-31.001477780000005,68,3764,33.62,0.31492333333333344,1271,86536,0.0003,1.0655896663665771,4783
-30.566552809999997,68,3768,35.22,0.3136566666666667,1272,86696,0.0003,1.1028209924697876,4793
-30.536289359999998,68,3772,35.5,0.3129600000000001,1272,86784,0.0003,1.0843217372894287,4798
-30.228774589999997,68,3776,35.14,0.31178833333333345,1272,86932,0.0003,1.531054973602295,4808
-29.718792309999998,68,3780,35.61,0.3102366666666668,1272,87128,0.0003,1.3063422441482544,4820
-29.2417627,68,3784,35.76,0.30865333333333345,1272,87328,0.0003,0.6610507965087891,4832
-29.537568770000004,68,3788,34.42,0.3076716666666667,1272,87452,0.0003,0.6579628586769104,4840
-28.926101080000002,68,3792,35.79,0.306025,1272,87660,0.0003,1.0885955095291138,4853
-28.557327319999995,69,3796,36.38,0.3047266666666666,1272,87824,0.0003,0.6797817349433899,4863
-28.87956322,69,3800,36.77,0.30292166666666676,1272,88052,0.0003,0.9232568144798279,4878
-30.017809180000004,69,3804,36.49,0.3019400000000001,1272,88176,0.0003,1.0732495784759521,4885
-30.10329032,69,3808,36.28,0.30067333333333335,1272,88336,0.0003,1.2997556924819946,4895
-30.12754843,69,3812,37.96,0.2997550000000001,1272,88452,0.0003,1.4889507293701172,4903
-30.278903760000006,69,3816,36.66,0.2988050000000002,1272,88572,0.0003,0.6645551323890686,4910
-29.718640749999995,69,3820,36.93,0.29782333333333344,1272,88696,0.0003,1.7216771841049194,4918
-30.42603710000001,69,3824,35.56,0.29706333333333346,1272,88792,0.0003,0.8319305181503296,4924
-29.972827470000002,69,3828,35.2,0.29642999999999986,1272,88872,0.0003,1.0106252431869507,4929
-30.186169390000003,70,3832,35.4,0.2943083333333334,1273,89140,0.0003,1.4939398765563965,4946
-30.012674610000005,70,3836,35.87,0.29373833333333366,1273,89212,0.0003,1.0486946105957031,4950
-29.961220470000004,70,3840,36.45,0.2923133333333334,1273,89392,0.0003,1.5325956344604492,4961
-30.17018729000001,70,3844,36.73,0.29044499999999995,1273,89628,0.0003,1.7241926193237305,4976
-30.190053020000004,70,3848,37.96,0.2887350000000001,1272,89844,0.0003,1.1052967309951782,4990
-31.379412180000003,70,3852,39.21,0.2875633333333334,1272,89992,0.0003,1.068455457687378,4999
-30.505245050000003,71,3856,40.38,0.28582166666666675,1258,90212,0.0003,0.43072181940078735,5013
-30.760804730000004,71,3860,40.21,0.2842699999999999,1258,90408,0.0003,0.665445864200592,5025
-30.51138966,71,3864,40.45,0.2829083333333333,1259,90580,0.0003,0.9115062355995178,5036
-30.09261333,72,3868,41.3,0.28085000000000016,1259,90840,0.0003,1.515221357345581,5052
-29.492871190000006,72,3872,41.97,0.2786333333333332,1259,91120,0.0003,1.2479113340377808,5069
-30.971896870000002,72,3876,43.39,0.27771500000000016,1259,91236,0.0003,0.46938595175743103,5077
-31.750074559999998,72,3880,43.18,0.27676500000000004,1259,91356,0.0003,1.4083802700042725,5084
-32.0594803,72,3884,42.12,0.27591,1259,91464,0.0003,1.3399611711502075,5091
-31.52431122,72,3888,43.14,0.2742633333333335,1258,91672,0.0003,1.719748616218567,5104
-32.09113843,72,3892,41.51,0.2735033333333333,1258,91768,0.0003,2.1892600059509277,5110
-32.29097857000001,73,3896,41.15,0.2718883333333333,1259,91972,0.0003,1.0708733797073364,5123
-31.880071910000005,73,3900,41.27,0.27059,1259,92136,0.0003,1.1135550737380981,5133
-29.643471120000005,73,3904,43.16,0.2683416666666666,1259,92420,0.0003,1.3186172246932983,5151
-29.611372570000007,73,3908,43.6,0.26625166666666666,1259,92684,0.0003,1.054073452949524,5167
-29.290474780000004,73,3912,43.04,0.2652066666666666,1259,92816,0.0003,0.444011926651001,5175
-29.02266838,73,3916,43.54,0.2645416666666668,1259,92900,0.0003,1.093363881111145,5181
-28.975050380000006,73,3920,43.49,0.2630850000000001,1259,93084,0.0003,0.9857262969017029,5192
-28.316106920000003,74,3924,44.71,0.2618816666666668,1259,93236,0.0003,0.27804237604141235,5202
-28.169592250000004,74,3928,44.47,0.2599183333333335,1259,93484,0.0003,2.335263729095459,5217
-27.68183691,74,3932,45.39,0.2588733333333334,1259,93616,0.0003,0.8597249984741211,5225
-27.385821449999998,74,3936,45.61,0.2571633333333334,1259,93832,0.0003,0.8678790926933289,5239
-27.140572780000003,74,3940,45.14,0.25653000000000004,1259,93912,0.0003,1.3531681299209595,5244
-26.96394658,74,3944,44.1,0.25551666666666684,1259,94040,0.0003,1.5114959478378296,5252
-26.84452412000001,74,3948,43.58,0.2545666666666665,1259,94160,0.0003,1.8277910947799683,5259
-25.96265716,75,3952,43.13,0.25178,1260,94512,0.0003,1.406053066253662,5281
-25.473663009999996,75,3956,44.43,0.2502283333333333,1259,94708,0.0003,1.2111396789550781,5294
-24.7871998,75,3960,44.79,0.24915166666666666,1259,94844,0.0003,1.7560195922851562,5302
-24.638406170000003,75,3964,45.83,0.24630166666666675,1259,95204,0.0003,0.5954191088676453,5325
-25.715133779999995,75,3968,45.32,0.24500333333333335,1259,95368,0.0003,1.548365831375122,5335
-25.772352129999998,75,3972,45.01,0.24386333333333332,1259,95512,0.0003,1.4721394777297974,5344
-23.974146230000002,76,3976,44.75,0.24161500000000002,1259,95796,0.0003,1.2956862449645996,5362
-23.653591229999996,76,3980,45.37,0.24072833333333332,1259,95908,0.0003,1.4962542057037354,5369
-23.827026930000002,76,3984,45.31,0.23936666666666662,1259,96080,0.0003,2.1577231884002686,5379
-23.82740874,76,3988,45.48,0.23829,1259,96216,0.0003,1.496078372001648,5388
-24.293789460000003,76,3992,45.89,0.23648500000000017,1259,96444,0.0003,1.0655524730682373,5402
-24.598243410000006,76,3996,46.75,0.2353766666666669,1259,96584,0.0003,0.24415448307991028,5411
-24.99148397,76,4000,46.56,0.23303333333333354,1260,96880,0.0003,1.2887736558914185,5429
-25.851110460000005,76,4004,45.28,0.23211499999999996,1260,96996,0.0003,0.6619587540626526,5437
-25.894931850000006,77,4008,45.52,0.2305316666666668,1260,97196,0.0003,0.571567952632904,5449
-26.281364210000003,77,4012,45.55,0.2283466666666667,1260,97472,0.0003,1.0452338457107544,5466
-25.549851659999998,77,4016,47.22,0.22689000000000004,1260,97656,0.0003,1.3046185970306396,5478
-25.650798260000002,77,4020,48.08,0.22499000000000013,1260,97896,0.0003,0.8731498718261719,5493
-25.673290920000003,77,4024,49.28,0.22229833333333338,1260,98236,0.0003,1.319048285484314,5514
-25.659318210000002,78,4028,50.12,0.22134833333333337,1260,98356,0.0003,1.8107566833496094,5522
-26.069925150000003,78,4032,49.51,0.21910000000000007,1260,98640,0.0003,1.8427067995071411,5539
-26.06266647,78,4036,49.72,0.2184033333333334,1260,98728,0.0003,1.1149247884750366,5545
-26.273921530000003,78,4040,50.0,0.21631333333333336,1260,98992,0.0003,1.0823894739151,5561
-25.519351100000005,78,4044,51.72,0.2140333333333334,1261,99280,0.0003,1.0930325984954834,5579
-22.665509459999996,78,4048,53.64,0.21229166666666677,1261,99500,0.0003,0.020631257444620132,5593
-22.760671620000004,78,4052,52.73,0.21146833333333348,1261,99604,0.0003,0.454093873500824,5600
-23.53857776,79,4056,50.12,0.2101700000000002,1261,99768,0.0003,0.24354775249958038,5610
-23.72115632,79,4060,50.43,0.20877666666666672,1261,99944,0.0003,1.5471322536468506,5621
-23.9070958,79,4064,50.06,0.20738333333333347,1261,100120,0.0003,0.8332487344741821,5632
-23.32920692,79,4068,49.48,0.20659166666666662,1261,100220,0.0003,1.91754150390625,5638
-23.16237024,79,4072,49.71,0.2043116666666669,1261,100508,0.0003,1.5068371295928955,5656
-22.472203249999993,79,4076,50.09,0.2025383333333336,1260,100732,0.0003,1.296492576599121,5670
-22.670506869999993,80,4080,50.32,0.19940333333333338,1261,101128,0.0003,1.132567048072815,5695
-22.053996749999996,80,4084,51.99,0.19873833333333357,1261,101212,0.0003,0.8507295250892639,5700
-23.227389480000003,80,4088,51.25,0.1975666666666669,1260,101360,0.0003,0.9164315462112427,5709
-23.07311109,80,4092,51.4,0.19617333333333364,1260,101536,0.0003,1.840368390083313,5720
-22.803316179999996,80,4096,50.6,0.19531833333333315,1260,101644,0.0003,1.9822593927383423,5727
-22.742324919999998,80,4100,50.0,0.19306999999999985,1260,101928,0.0003,0.8780017495155334,5745
-22.47211107,81,4104,52.25,0.19056833333333323,1260,102244,0.0003,2.2027857303619385,5765
-22.487501430000002,81,4108,52.27,0.18914333333333333,1261,102424,0.0003,0.6748247742652893,5776
-21.872664229999994,81,4112,52.05,0.1878133333333334,1261,102592,0.0003,0.8802987337112427,5786
-22.64616449,81,4116,50.19,0.1870533333333334,1261,102688,0.0003,2.53367018699646,5792
-22.545784180000002,81,4120,49.26,0.18651500000000032,1261,102756,0.0003,1.8756859302520752,5797
-23.459910909999998,81,4124,47.17,0.1851533333333335,1261,102928,0.0003,0.4555615782737732,5807
-23.15907534,81,4128,47.59,0.1834433333333335,1261,103144,0.0003,1.9058151245117188,5821
-23.250137500000005,81,4132,47.38,0.18211333333333346,1261,103312,0.0003,0.23004432022571564,5831
-23.06465744,82,4136,47.3,0.18034000000000006,1261,103536,0.0003,1.3121088743209839,5845
-22.838159269999995,82,4140,48.61,0.17768000000000006,1261,103872,0.0003,0.916466474533081,5866
-23.972410080000003,82,4144,47.54,0.17635000000000012,1261,104040,0.0003,2.142648935317993,5877
-26.146517300000006,82,4148,46.41,0.17581166666666692,1261,104108,0.0003,0.4472721517086029,5881
-26.669411709999995,82,4152,48.42,0.17324666666666666,1262,104432,0.0003,1.3368183374404907,5901
-26.96788475,82,4156,49.05,0.1711250000000002,1261,104700,0.0003,0.6910079717636108,5918
-26.97913761,83,4160,49.96,0.16875000000000018,1250,105000,0.0003,1.5379047393798828,5937
-27.431989759999997,84,4164,51.8,0.16647000000000023,1251,105288,0.0003,1.162562608718872,5955
-27.492497600000007,84,4168,53.43,0.16384166666666655,1251,105620,0.0003,2.405405282974243,5976
-28.268868550000008,84,4172,53.27,0.16086499999999992,1252,105996,0.0003,0.41421645879745483,5999
-29.51917374,84,4176,54.71,0.1592500000000001,1252,106200,0.0003,0.6845988035202026,6012
-29.500968349999997,85,4180,54.37,0.15706500000000012,1252,106476,0.0003,1.2792922258377075,6029
-29.93683722,85,4184,53.79,0.15573500000000007,1252,106644,0.0003,1.078009843826294,6040
-29.28018058,85,4188,54.59,0.15323333333333322,1253,106960,0.0003,1.0970176458358765,6059
-27.897240650000004,85,4192,56.96,0.15009833333333333,1253,107356,0.0003,0.41837361454963684,6084
-28.182775020000005,85,4196,58.67,0.1491800000000001,1253,107472,0.0003,1.715640902519226,6091
-27.861141049999997,85,4200,59.51,0.14690000000000025,1253,107760,0.0003,0.885736882686615,6109
-28.542463870000002,86,4204,57.02,0.14588666666666683,1253,107888,0.0003,0.9111350774765015,6117
-28.42128467,86,4208,56.35,0.14509499999999997,1253,107988,0.0003,0.8174242973327637,6124
-28.71886023,86,4212,55.72,0.14347999999999983,1252,108192,0.0003,1.0676286220550537,6136
-28.459345830000004,86,4216,57.12,0.14167500000000022,1251,108420,0.0003,1.4876221418380737,6151
-27.771913870000002,86,4220,58.43,0.14037666666666682,1251,108584,0.0003,0.6637676358222961,6161
-27.57414076,86,4224,59.64,0.13784333333333332,1251,108904,0.0003,1.1931672096252441,6181
-27.835507709999998,87,4228,59.69,0.1360383333333336,1251,109132,0.0003,0.4499894976615906,6195
-27.266115640000006,87,4232,60.25,0.13461333333333336,1251,109312,0.0003,0.8961544036865234,6206
-27.514022500000006,87,4236,59.68,0.13322000000000012,1250,109488,0.0003,1.016249179840088,6217
-27.444347850000003,87,4240,60.48,0.1302749999999998,1250,109860,0.0003,1.6387028694152832,6241
-26.993711470000004,87,4244,60.24,0.12929333333333337,1250,109984,0.0003,1.7397783994674683,6248
-27.121024600000005,88,4248,59.67,0.12742500000000012,1250,110220,0.0003,1.3625390529632568,6263
-27.054282060000006,88,4252,59.8,0.1260000000000001,1250,110400,0.0003,1.8405672311782837,6274
-27.61048686,88,4256,61.09,0.12270666666666674,1250,110816,0.0003,0.28191760182380676,6300
-27.674658860000005,88,4260,61.13,0.1210283333333333,1250,111028,0.0003,0.6586000919342041,6314
-28.03378671,89,4264,59.85,0.11836833333333319,1251,111364,0.0003,0.685903012752533,6335
-27.65488177000001,89,4268,59.36,0.11668999999999996,1251,111576,0.0003,1.310150384902954,6348
-27.502895519999996,89,4272,59.36,0.11485333333333347,1251,111808,0.0003,1.0879600048065186,6362
-27.626186619999995,89,4276,57.39,0.11333333333333351,1251,112000,0.0003,0.4829546809196472,6374
-27.452220320000002,89,4280,58.38,0.1114333333333335,1251,112240,0.0003,1.476614236831665,6389
-27.22229077,89,4284,58.96,0.10883666666666691,1251,112568,0.0003,0.46306121349334717,6410
-26.910198650000005,90,4288,59.57,0.10696833333333344,1251,112804,0.0003,1.5896879434585571,6425
-28.091182590000003,90,4292,57.54,0.10541666666666671,1251,113000,0.0003,0.870816171169281,6437
-27.245009200000005,90,4296,57.56,0.10316833333333342,1251,113284,0.0003,0.6847921013832092,6455
-26.456434159999993,90,4300,57.18,0.10082499999999994,1252,113580,0.0003,1.8340671062469482,6473
-27.02980638,90,4304,58.65,0.09902000000000033,1252,113808,0.0003,0.443746417760849,6487
-26.779179139999997,91,4308,59.53,0.09683500000000023,1252,114084,0.0003,0.8627006411552429,6505
-27.101246229999994,91,4312,60.73,0.09544166666666676,1252,114260,0.0003,1.7911802530288696,6516
-26.69486924,91,4316,61.0,0.09313000000000016,1253,114552,0.0003,0.5032377243041992,6534
-27.44539092,91,4320,61.5,0.0908500000000001,1253,114840,0.0003,2.0507593154907227,6552
-27.359083740000003,91,4324,62.0,0.08926666666666694,1253,115040,0.0003,0.38278111815452576,6564
-26.681035379999994,92,4328,62.2,0.08686000000000027,1253,115344,0.0003,0.25412774085998535,6583
-26.590836809999995,92,4332,62.9,0.08420000000000027,1253,115680,0.0003,1.3920269012451172,6604
-26.88973522,92,4336,64.9,0.08100166666666675,1254,116084,0.0003,0.697778046131134,6630
-27.759796970000004,92,4340,64.52,0.07941833333333337,1254,116284,0.0003,1.0562670230865479,6642
-28.049636489999994,92,4344,64.91,0.07688499999999998,1255,116604,0.0003,0.6883319616317749,6662
-27.802360720000003,93,4348,67.54,0.07501666666666684,1255,116840,0.0003,0.9076403379440308,6677
-27.146894779999997,93,4352,68.42,0.07235666666666685,1256,117176,0.0003,1.4258159399032593,6698
-27.09026144,93,4356,66.08,0.07064666666666675,1256,117392,0.0003,2.432063341140747,6711
-27.564428099999997,93,4360,65.74,0.06824000000000008,1257,117696,0.0003,2.2546396255493164,6730
-26.78479563000001,93,4364,66.57,0.06580166666666665,1258,118004,0.0003,0.6421136856079102,6750
-27.51544915,94,4368,67.56,0.06298333333333317,1258,118360,0.0003,1.590139627456665,6772
-27.573925480000003,94,4372,67.71,0.061875000000000124,1259,118500,0.0003,1.2005486488342285,6781
-27.79924949999999,94,4376,69.26,0.0572516666666667,1260,119084,0.0003,0.7475041747093201,6817
-27.94740967,94,4380,73.72,0.05323000000000011,1261,119592,0.0003,1.3324872255325317,6849
-28.589907739999997,94,4384,72.91,0.05164666666666662,1262,119792,0.0003,0.6718763113021851,6861
-28.794298470000008,95,4388,72.02,0.05,1252,120048,0.0003,0.6975748538970947,6877
-28.56340813,96,4392,73.3,0.05,1253,120468,0.0003,0.931739330291748,6904
-29.564102750000004,96,4396,76.32,0.05,1254,120948,0.0003,1.1204057931900024,6934
-29.968363059999998,96,4400,76.84,0.05,1254,121208,0.0003,1.9315181970596313,6950
-29.14790378,96,4404,75.91,0.05,1254,121392,0.0003,0.4808512032032013,6961
-30.023880729999995,97,4408,76.62,0.05,1255,121820,0.0003,0.904880702495575,6988
-30.169303090000003,97,4412,77.97,0.05,1255,122004,0.0003,0.505294144153595,7000
-31.7334993,97,4416,78.14,0.05,1256,122380,0.0003,0.8484991788864136,7023
-31.0914462,97,4420,79.04,0.05,1257,122840,0.0003,2.281280517578125,7052
-30.777091959999996,97,4424,78.81,0.05,1257,122988,0.0003,1.653991460800171,7061
-31.419619679999997,98,4428,80.23,0.05,1258,123364,0.0003,0.9381601810455322,7085
-32.506001139999995,98,4432,79.05,0.05,1258,123584,0.0003,0.8796749711036682,7098
-32.15708207000001,98,4436,77.74,0.05,1259,123816,0.0003,1.0806270837783813,7113
-32.36854695,98,4440,77.72,0.05,1259,124160,0.0003,0.7312039732933044,7134
-32.012680550000006,98,4444,79.59,0.05,1260,124580,0.0003,1.3018078804016113,7161
-32.013085600000004,98,4448,79.53,0.05,1261,124820,0.0003,0.9246023297309875,7176
-31.321920260000002,99,4452,80.03,0.05,1262,125372,0.0003,0.9440699219703674,7210
-31.186390040000003,99,4456,82.36,0.05,1263,125628,0.0003,1.450947880744934,7226
-31.14804378,99,4460,82.2,0.05,1263,125904,0.0003,0.8533076643943787,7243
-30.903677919999996,99,4464,83.34,0.05,1264,126332,0.0003,0.9028317332267761,7270
-31.168743619999997,100,4468,82.28,0.05,1264,126536,0.0003,0.7440343499183655,7283
-31.1835772,100,4472,82.66,0.05,1265,126780,0.0003,0.485890656709671,7298
-30.847835139999997,100,4476,82.04,0.05,1266,127140,0.0003,1.023447036743164,7321
-30.8074399,100,4480,78.91,0.05,1266,127552,0.0003,1.0789361000061035,7346
-30.125984449999997,101,4484,80.57,0.05,1267,128060,0.0003,0.3756290376186371,7378
-30.213933830000006,101,4488,85.15,0.05,1268,128608,0.0003,0.6901446580886841,7412
-30.359670790000006,101,4492,86.16,0.05,1269,128992,0.0003,0.9032505750656128,7436
-30.36116399,101,4496,85.24,0.05,1270,129436,0.0003,1.1834735870361328,7464
-29.793881220000003,102,4500,86.18,0.05,1270,129848,0.0003,1.5053101778030396,7490
-29.037700440000002,102,4504,87.49,0.05,1271,130452,0.0003,0.8589951992034912,7528
-29.382636199999997,102,4508,91.38,0.05,1272,130832,0.0003,1.1409980058670044,7551
-29.098203120000004,103,4512,91.48,0.05,1272,131264,0.0003,1.1215417385101318,7578
-29.104590270000003,103,4516,93.17,0.05,1273,131600,0.0003,1.2148188352584839,7599
-29.48900161,103,4520,92.63,0.05,1274,132132,0.0003,0.7269195914268494,7633
-29.855594740000004,103,4524,93.79,0.05,1274,132316,0.0003,1.5386444330215454,7644
-29.63263682,104,4528,93.6,0.05,1275,132956,0.0003,1.4133820533752441,7684
-29.18446352000001,104,4532,96.22,0.05,1276,133312,0.0003,0.8927308320999146,7706
-29.78112412,104,4536,99.08,0.05,1277,133760,0.0003,1.0999478101730347,7734
-28.597863960000005,104,4540,99.54,0.05,1278,134180,0.0003,2.17822265625,7761
-28.813922190000003,105,4544,99.7,0.05,1278,134512,0.0003,0.5449303388595581,7781
-28.345594109999997,105,4548,99.13,0.05,1279,134912,0.0003,0.9274082183837891,7806
-27.75187519,106,4552,99.17,0.05,1270,135208,0.0003,0.4694981575012207,7825
-27.93511546,106,4556,97.59,0.05,1271,135544,0.0003,0.9365586042404175,7846
-26.417280440000003,106,4560,98.98,0.05,1271,135868,0.0003,0.7035529613494873,7866
-26.114537529999996,107,4564,98.5,0.05,1272,136280,0.0003,1.1392502784729004,7892
-25.90502145,107,4568,99.6,0.05,1273,136648,0.0003,1.8304510116577148,7915
-26.230132109999996,107,4572,100.17,0.05,1273,136888,0.0003,1.1191452741622925,7930
-25.68275702,107,4576,100.2,0.05,1273,137276,0.0003,0.9010348916053772,7954
-25.691356600000002,107,4580,100.58,0.05,1274,137652,0.0003,0.6912742853164673,7978
-25.77561489,108,4584,100.05,0.05,1275,138004,0.0003,0.4781593680381775,8000
-25.74386871,108,4588,97.69,0.05,1275,138404,0.0003,1.3480067253112793,8025
-25.913530650000002,108,4592,97.42,0.05,1276,138776,0.0003,1.2674875259399414,8048
-25.94390884,108,4596,96.56,0.05,1276,139032,0.0003,0.8960794806480408,8064
-26.723428119999998,109,4600,94.93,0.05,1277,139312,0.0003,0.8132764101028442,8081
-28.08529379,109,4604,93.75,0.05,1277,139560,0.0003,1.3349637985229492,8097
-26.81935595,109,4608,90.11,0.05,1277,139964,0.0003,0.4685717523097992,8122
-27.10969079,109,4612,91.18,0.05,1277,140364,0.0003,0.7103508710861206,8147
-26.651902990000004,110,4616,89.56,0.05,1278,140668,0.0003,0.06579411029815674,8166
-26.222090749999992,110,4620,90.26,0.05,1278,140992,0.0003,1.2440836429595947,8186
-25.98818159,110,4624,89.46,0.05,1278,141392,0.0003,0.6996884942054749,8211
-25.78817592,110,4628,90.2,0.05,1278,141768,0.0003,0.25626522302627563,8235
-25.498070079999994,111,4632,89.42,0.05,1278,142092,0.0003,0.3017774224281311,8255
-23.917776829999998,111,4636,88.18,0.05,1279,142664,0.0003,1.1398026943206787,8291
-23.60179647,111,4640,88.78,0.05,1279,142904,0.0003,2.1576712131500244,8306
-24.050523230000007,111,4644,87.94,0.05,1279,143284,0.0003,1.492751121520996,8330
-24.02822852,112,4648,89.01,0.05,1279,143720,0.0003,0.5105666518211365,8357
-24.23662092,112,4652,88.58,0.05,1279,144188,0.0003,1.048439860343933,8386
-22.721162070000002,112,4656,90.16,0.05,1279,144316,0.0003,0.4353393614292145,8394
-23.50304548,113,4660,89.47,0.05,1279,144944,0.0003,1.0890835523605347,8433
-23.734450840000004,113,4664,89.83,0.05,1279,145036,0.0003,0.6835008859634399,8439
-23.03065827,113,4668,88.43,0.05,1280,145412,0.0003,0.8876103162765503,8463
-22.51669653,113,4672,88.42,0.05,1280,145816,0.0003,0.45418688654899597,8488
-21.878330730000002,114,4676,89.3,0.05,1280,146240,0.0003,0.445651113986969,8514
-21.201542,114,4680,87.57,0.05,1280,146500,0.0003,0.6589409112930298,8531
-21.58295063,114,4684,88.09,0.05,1281,146656,0.0003,0.4977198541164398,8540
-21.74688120999999,114,4688,86.87,0.05,1281,147012,0.0003,1.5200196504592896,8563
-20.0192692,115,4692,88.02,0.05,1281,147496,0.0003,1.2087597846984863,8593
-19.39412556,115,4696,89.09,0.05,1282,147996,0.0003,0.5918512344360352,8624
-17.627663449999996,115,4700,91.23,0.05,1282,148584,0.0003,1.8236838579177856,8661
-14.14254064,115,4704,92.87,0.05,1282,148760,0.0003,1.3478087186813354,8672
-13.384497069999998,116,4708,94.42,0.05,1283,149272,0.0003,1.1390904188156128,8704
-13.188018289999997,116,4712,93.38,0.05,1283,149784,0.0003,1.0815942287445068,8736
-11.929205379999999,118,4716,93.45,0.05,1272,150128,0.0003,0.7073813676834106,8757
-11.35338815,118,4720,93.71,0.05,1272,150364,0.0003,0.9104077219963074,8772
-10.276144279999999,118,4724,94.11,0.05,1272,150676,0.0003,1.1102935075759888,8792
-9.9773443,118,4728,94.05,0.05,1273,151192,0.0003,0.7306362986564636,8824
-8.62623719,119,4732,94.86,0.05,1273,151616,0.0003,1.309473991394043,8850
-8.51977186,119,4736,94.25,0.05,1273,151928,0.0003,2.555481433868408,8870
-7.37170932,119,4740,94.82,0.05,1274,152380,0.0003,1.0622682571411133,8898
-6.66115907,120,4744,95.02,0.05,1274,153028,0.0003,0.5058960318565369,8939
-5.880203829999999,120,4748,95.99,0.05,1274,153428,0.0003,0.5355715155601501,8964
-6.2890299800000005,120,4752,98.6,0.05,1275,153980,0.0003,1.2847809791564941,8998
-6.319190969999999,121,4756,99.54,0.05,1275,154380,0.0003,1.070273518562317,9023
-5.2094849199999995,121,4760,100.56,0.05,1275,154760,0.0003,1.5910550355911255,9047
-4.730343,121,4764,99.31,0.05,1275,155140,0.0003,0.2804460823535919,9071
-3.9138002899999997,121,4768,100.39,0.05,1275,155484,0.0003,0.9289571642875671,9092
-3.0646576499999996,122,4772,100.63,0.05,1276,155880,0.0003,1.4715007543563843,9117
-2.71443069,122,4776,101.48,0.05,1276,156232,0.0003,0.9074705839157104,9139
-1.93612831,122,4780,103.02,0.05,1276,156780,0.0003,0.6130443811416626,9173
-0.6380176599999999,123,4784,104.23,0.05,1276,157160,0.0003,0.4448738694190979,9197
0.23160666000000013,123,4788,104.5,0.05,1277,157676,0.0003,1.4677112102508545,9229
1.7832894499999994,123,4792,103.87,0.05,1277,157860,0.0003,0.49125415086746216,9241
2.1579022899999996,123,4796,102.49,0.05,1277,158260,0.0003,0.6858623027801514,9266
1.8723317499999999,124,4800,101.04,0.05,1277,158720,0.0003,1.2894636392593384,9294
0.7025789299999999,124,4804,102.76,0.05,1278,159148,0.0003,0.7310550808906555,9321
1.9264426300000002,124,4808,102.13,0.05,1278,159552,0.0003,0.48313239216804504,9346
3.4306242799999995,125,4812,102.14,0.05,1278,159896,0.0003,0.2639540135860443,9368
3.99788385,125,4816,102.6,0.05,1279,160312,0.0003,1.1423358917236328,9394
4.40085122,125,4820,102.42,0.05,1279,160700,0.0003,0.6754345893859863,9418
4.920089180000001,125,4824,103.84,0.05,1279,161116,0.0003,0.26741617918014526,9444
5.411175250000001,126,4828,103.37,0.05,1280,161524,0.0003,0.48696833848953247,9470
5.8620924300000015,126,4832,104.08,0.05,1280,162036,0.0003,1.1293772459030151,9502
5.090208220000002,126,4836,105.54,0.05,1281,162484,0.0003,0.46912774443626404,9530
5.365320280000001,127,4840,105.49,0.05,1281,162904,0.0003,0.898892879486084,9556
6.057391950000001,127,4844,104.91,0.05,1282,163292,0.0003,1.5240122079849243,9580
6.395446900000001,127,4848,103.58,0.05,1282,163688,0.0003,1.0260595083236694,9605
8.307745340000002,127,4852,100.35,0.05,1283,163952,0.0003,1.391585111618042,9621
11.023434680000003,128,4856,99.77,0.05,1283,164440,0.0003,1.3623560667037964,9652
13.39436562,128,4860,100.31,0.05,1284,164888,0.0003,1.0960325002670288,9680
13.2016156,128,4864,99.7,0.05,1284,164960,0.0003,0.7042238712310791,9684
12.740296730000003,129,4868,98.8,0.05,1275,165352,0.0003,0.8901204466819763,9709
13.28769323,129,4872,99.25,0.05,1276,165760,0.0003,0.8557666540145874,9734
13.38871115,130,4876,97.32,0.05,1277,166084,0.0003,1.2024813890457153,9755
12.66889898,130,4880,96.17,0.05,1277,166352,0.0003,0.27557170391082764,9771
12.578262379999998,130,4884,96.05,0.05,1278,166888,0.0003,0.9251672625541687,9805
13.424668109999997,130,4888,97.09,0.05,1278,167132,0.0003,0.26059073209762573,9820
12.6492589,131,4892,97.18,0.05,1279,167720,0.0003,0.7454512119293213,9857
12.73712063,131,4896,98.5,0.05,1279,168152,0.0003,1.6344859600067139,9884
14.857697669999999,131,4900,99.61,0.05,1280,168492,0.0003,0.67406165599823,9905
14.127471550000001,131,4904,97.28,0.05,1280,168880,0.0003,0.7126303911209106,9929
13.24596679,132,4908,97.6,0.05,1281,169460,0.0003,0.7483190298080444,9966
13.426623739999998,132,4912,98.06,0.05,1281,169656,0.0003,0.5026865601539612,9978
13.168007719999999,132,4916,97.84,0.05,1282,170032,0.0003,0.9900069236755371,10001
12.84980936,132,4920,97.3,0.05,1282,170424,0.0003,0.2627233564853668,10026
12.07967779,133,4924,95.92,0.05,1283,170828,0.0003,1.7672991752624512,10051
12.491604719999998,133,4928,96.59,0.05,1284,171284,0.0003,0.7197666764259338,10080
11.376256649999998,133,4932,95.42,0.05,1284,171668,0.0003,0.7851405143737793,10104
12.51194518,133,4936,94.74,0.05,1284,171916,0.0003,0.9043573141098022,10119
12.085427600000001,134,4940,93.73,0.05,1285,172408,0.0003,1.0857106447219849,10150
12.803857039999999,134,4944,94.74,0.05,1285,172828,0.0003,1.1924453973770142,10176
12.74511051,134,4948,95.08,0.05,1286,173260,0.0003,0.6982135772705078,10203
11.776107370000002,134,4952,96.37,0.05,1287,173608,0.0003,0.8913946151733398,10225
10.312177450000002,134,4956,94.47,0.05,1287,173732,0.0003,1.0260647535324097,10233
7.6080703199999995,135,4960,92.99,0.05,1287,174088,0.0003,1.0922539234161377,10255
9.23195706,135,4964,94.61,0.05,1288,174476,0.0003,0.4762594401836395,10279
9.05095665,135,4968,94.46,0.05,1288,174728,0.0003,0.2258644551038742,10295
9.46293171,135,4972,95.29,0.05,1288,175192,0.0003,0.9739173650741577,10324
8.49103286,136,4976,95.88,0.05,1289,175596,0.0003,1.2256972789764404,10349
9.917690729999999,136,4980,97.55,0.05,1289,176080,0.0003,0.6929419040679932,10379
10.1075214,136,4984,96.67,0.05,1290,176472,0.0003,0.2702232897281647,10404
9.468444509999998,137,4988,95.68,0.05,1290,176844,0.0003,1.8693583011627197,10427
8.829318859999999,137,4992,95.04,0.05,1291,177300,0.0003,0.378814697265625,10456
8.39204957,137,4996,95.02,0.05,1291,177596,0.0003,1.1668051481246948,10474
7.052266709999999,137,5000,95.35,0.05,1292,178000,0.0003,0.9354896545410156,10499
9.42742633,138,5004,96.77,0.05,1292,178420,0.0003,0.6584907174110413,10526
11.433293119999998,138,5008,96.81,0.05,1292,178872,0.0003,1.1881884336471558,10554
10.201224610000004,138,5012,95.16,0.05,1293,179200,0.0003,0.7196962833404541,10574
10.366752350000002,138,5016,95.81,0.05,1293,179612,0.0003,0.8896799087524414,10600
12.25196983,139,5020,96.11,0.05,1294,179976,0.0003,1.0128357410430908,10623
11.6414624,140,5024,94.7,0.05,1285,180280,0.0003,1.2027684450149536,10642
11.547518700000001,140,5028,95.87,0.05,1286,180896,0.0003,0.9759719371795654,10680
12.198869350000002,140,5032,95.3,0.05,1286,181120,0.0003,0.9842586517333984,10694
12.016138060000003,141,5036,94.93,0.05,1287,181508,0.0003,0.915834903717041,10719
11.47235561,141,5040,94.03,0.05,1287,181716,0.0003,1.1115714311599731,10732
9.91609475,141,5044,94.18,0.05,1287,182224,0.0003,0.4530426263809204,10763
8.67004834,141,5048,92.96,0.05,1288,182640,0.0003,0.8809221982955933,10789
8.07222594,141,5052,92.01,0.05,1288,182792,0.0003,1.7195980548858643,10799
6.8966474799999995,142,5056,93.12,0.05,1289,183220,0.0003,0.8248773217201233,10826
7.191949879999999,142,5060,94.47,0.05,1289,183692,0.0003,0.2609196603298187,10855
6.345841949999999,142,5064,95.2,0.05,1290,184096,0.0003,0.4751422107219696,10880
6.7320834000000005,142,5068,96.52,0.05,1290,184440,0.0003,1.9611889123916626,10902
6.251590900000001,143,5072,95.55,0.05,1290,184784,0.0003,0.9871702790260315,10923
7.227578030000002,143,5076,96.74,0.05,1290,185280,0.0003,0.519538938999176,10954
7.825297800000002,143,5080,96.33,0.05,1291,185784,0.0003,0.8347265124320984,10986
7.5397652000000015,144,5084,96.06,0.05,1291,186096,0.0003,0.2687762975692749,11005
9.66432473,144,5088,97.31,0.05,1290,186640,0.0003,0.780800461769104,11039
9.240340130000002,144,5092,98.56,0.05,1290,187040,0.0003,1.0559613704681396,11064
9.574561410000003,145,5096,98.2,0.05,1290,187504,0.0003,2.037721633911133,11093
8.11399362,145,5100,97.84,0.05,1291,187888,0.0003,0.693673849105835,11117
8.18202392,145,5104,98.19,0.05,1291,188492,0.0003,0.28490856289863586,11155
7.326208030000001,146,5108,97.75,0.05,1291,188608,0.0003,0.8747962713241577,11162
8.308243370000001,146,5112,98.72,0.05,1291,189092,0.0003,0.5606775879859924,11193
8.300154040000002,146,5116,98.6,0.05,1291,189620,0.0003,0.9770182371139526,11226
6.89884915,147,5120,99.99,0.05,1291,189972,0.0003,0.48150768876075745,11248
7.9033108499999996,147,5124,102.07,0.05,1292,190476,0.0003,1.3054656982421875,11279
8.26917911,147,5128,101.31,0.05,1292,190940,0.0003,0.468959242105484,11308
7.310171360000001,148,5132,101.06,0.05,1292,191316,0.0003,1.2995936870574951,11332
6.71624003,148,5136,101.45,0.05,1292,191700,0.0003,0.7050641179084778,11356
7.063626660000001,148,5140,101.94,0.05,1292,191936,0.0003,1.7060359716415405,11370
7.192292990000002,148,5144,100.03,0.05,1292,192176,0.0003,1.3210184574127197,11385
7.1817224,148,5148,99.54,0.05,1292,192496,0.0003,0.6421482563018799,11405
7.33318124,149,5152,100.97,0.05,1292,192860,0.0003,1.2469749450683594,11428
8.86904071,149,5156,99.73,0.05,1292,193072,0.0003,1.3635056018829346,11441
8.8825621,149,5160,100.01,0.05,1292,193608,0.0003,0.9749958515167236,11475
8.98445117,150,5164,99.64,0.05,1292,193912,0.0003,0.6397892832756042,11494
8.48050222,150,5168,98.24,0.05,1292,194208,0.0003,2.1337132453918457,11512
9.856489620000001,150,5172,98.5,0.05,1292,194668,0.0003,0.2532661557197571,11541
9.591341879999998,150,5176,97.97,0.05,1293,194992,0.0003,1.1726751327514648,11561
10.21182622,151,5180,97.3,0.05,1285,195320,0.0003,1.0929404497146606,11582
9.877214920000002,152,5184,98.46,0.05,1286,195844,0.0003,0.42553043365478516,11615
8.228586850000001,152,5188,99.82,0.05,1286,196428,0.0003,0.37846192717552185,11651
7.40604207,152,5192,97.57,0.05,1286,196684,0.0003,0.646946907043457,11667
7.00839985,153,5196,96.96,0.05,1286,197116,0.0003,0.8972407579421997,11694
8.267910879999999,153,5200,96.09,0.05,1285,197424,0.0003,0.27070772647857666,11713
5.21078979,153,5204,94.33,0.05,1285,197900,0.0003,0.2691524624824524,11743
3.6559856500000016,154,5208,95.62,0.05,1286,198400,0.0003,1.3023316860198975,11774
3.7801940200000015,154,5212,96.09,0.05,1286,198764,0.0003,1.3497869968414307,11797
3.1575801500000007,154,5216,97.43,0.05,1286,199120,0.0003,0.6947113871574402,11819
1.8907409500000005,154,5220,93.96,0.05,1286,199384,0.0003,0.9423052668571472,11836
2.1288412400000003,155,5224,94.51,0.05,1286,199836,0.0003,0.2554367780685425,11864
1.4208521200000004,155,5228,93.35,0.05,1287,200208,0.0003,0.8603930473327637,11887
2.0818662100000007,155,5232,92.9,0.05,1287,200476,0.0003,0.25532066822052,11904
3.1917573200000002,156,5236,92.76,0.05,1287,200924,0.0003,0.9056087732315063,11932
3.5693398300000005,156,5240,92.99,0.05,1287,201312,0.0003,0.2750227153301239,11956
5.236439490000001,156,5244,95.35,0.05,1287,201732,0.0003,0.9093674421310425,11983
6.681113400000002,156,5248,97.18,0.05,1288,202148,0.0003,1.517698049545288,12009
6.579533260000001,157,5252,95.45,0.05,1288,202460,0.0003,0.4588417112827301,12028
4.593725790000001,157,5256,97.56,0.05,1288,202948,0.0003,1.569002628326416,12059
4.331657370000001,157,5260,97.53,0.05,1289,203352,0.0003,1.5131890773773193,12084
3.8236827800000004,158,5264,96.76,0.05,1289,203756,0.0003,0.25824061036109924,12109
4.559729740000001,158,5268,97.92,0.05,1289,204056,0.0003,1.4368653297424316,12128
2.2527176200000003,158,5272,97.12,0.05,1289,204264,0.0003,0.6955233812332153,12141
1.3394315200000002,158,5276,95.23,0.05,1290,204600,0.0003,1.8632441759109497,12162
0.15807249000000057,158,5280,95.87,0.05,1290,205048,0.0003,0.8876372575759888,12190
0.8525622600000006,159,5284,94.86,0.05,1291,205420,0.0003,0.4566255509853363,12213
2.418646650000001,159,5288,92.6,0.05,1291,205756,0.0003,1.3185012340545654,12234
3.57914162,159,5292,93.24,0.05,1291,206168,0.0003,2.1482584476470947,12260
4.009052400000001,159,5296,93.44,0.05,1292,206572,0.0003,0.46796590089797974,12285
4.223558970000002,159,5300,93.92,0.05,1292,206812,0.0003,1.3345885276794434,12300
5.216001700000001,160,5304,94.66,0.05,1293,207204,0.0003,0.9954497814178467,12325
4.722726140000001,160,5308,92.08,0.05,1293,207484,0.0003,0.24050499498844147,12342
5.15917374,160,5312,91.74,0.05,1293,207868,0.0003,0.7794281840324402,12366
6.10987224,160,5316,91.27,0.05,1294,208276,0.0003,0.2747631371021271,12392
7.18750355,161,5320,92.67,0.05,1294,208656,0.0003,0.03963283821940422,12415
5.386037119999998,161,5324,90.01,0.05,1294,208756,0.0003,0.9188877940177917,12422
4.006793490000001,161,5328,88.05,0.05,1294,209144,0.0003,1.1417955160140991,12446
5.920845240000001,161,5332,88.65,0.05,1295,209332,0.0003,0.5142162442207336,12458
5.10687573,161,5336,88.28,0.05,1295,209780,0.0003,0.5141626596450806,12486
4.569150519999999,163,5340,89.96,0.05,1287,210300,0.0003,0.6804330348968506,12518
4.44006327,163,5344,89.91,0.05,1286,210696,0.0003,0.8457884788513184,12543
3.2405492899999997,163,5348,87.73,0.05,1286,210924,0.0003,0.6345774531364441,12557
4.674039680000001,164,5352,89.17,0.05,1286,211376,0.0003,1.1797431707382202,12585
4.992402870000001,164,5356,89.27,0.05,1287,211796,0.0003,0.5439181327819824,12612
5.40592615,164,5360,89.11,0.05,1287,212184,0.0003,0.033178191632032394,12636
5.46326867,165,5364,89.04,0.05,1288,212604,0.0003,0.47684234380722046,12662
5.42855917,165,5368,89.77,0.05,1288,212944,0.0003,1.691327691078186,12683
6.236727649999999,165,5372,90.1,0.05,1288,213412,0.0003,0.6434780359268188,12713
6.97213136,165,5376,91.48,0.05,1289,213668,0.0003,0.47659832239151,12729
8.529436809999998,166,5380,90.57,0.05,1289,214064,0.0003,1.4099982976913452,12753
11.631566510000003,166,5384,90.66,0.05,1289,214384,0.0003,0.6740934252738953,12773
9.64707184,166,5388,89.72,0.05,1290,214804,0.0003,1.2743284702301025,12800
10.15865425,166,5392,90.5,0.05,1290,215244,0.0003,0.30025726556777954,12827
10.663852610000001,166,5396,90.68,0.05,1291,215616,0.0003,1.7058160305023193,12850
10.59170455,167,5400,91.16,0.05,1291,216028,0.0003,0.04532381892204285,12876
10.25771263,167,5404,90.73,0.05,1291,216364,0.0003,1.4915895462036133,12897
11.13419605,167,5408,91.54,0.05,1292,216600,0.0003,0.4974474012851715,12912
11.357395060000002,167,5412,91.76,0.05,1292,216976,0.0003,1.2154772281646729,12935
12.37016527,168,5416,90.73,0.05,1292,217536,0.0003,0.7483965754508972,12970
12.730811730000001,168,5420,92.46,0.05,1293,217912,0.0003,0.4788248538970947,12994
17.48064878,168,5424,94.47,0.05,1293,218328,0.0003,0.7422893643379211,13020
18.43799009,168,5428,94.94,0.05,1293,218448,0.0003,1.839216947555542,13027
16.233397809999996,169,5432,94.73,0.05,1294,218832,0.0003,0.04968331754207611,13051
16.45280514,169,5436,94.22,0.05,1294,219264,0.0003,0.46654173731803894,13078
15.821556139999998,169,5440,91.56,0.05,1294,219480,0.0003,0.7200746536254883,13092
15.647180229999998,169,5444,90.88,0.05,1295,219904,0.0003,0.7288410663604736,13118
16.343571360000002,169,5448,92.19,0.05,1295,220184,0.0003,0.6960419416427612,13136
15.88453142,170,5452,91.85,0.05,1295,220564,0.0003,1.5099048614501953,13160
16.34509978,170,5456,91.09,0.05,1296,220940,0.0003,1.1434699296951294,13183
18.47924714,170,5460,90.28,0.05,1296,221252,0.0003,0.6853578686714172,13203
19.118790830000002,170,5464,89.61,0.05,1296,221588,0.0003,1.098965048789978,13224
19.03145564,170,5468,88.06,0.05,1296,221728,0.0003,0.6586014628410339,13232
22.667739420000004,171,5472,88.81,0.05,1297,222156,0.0003,0.8937250375747681,13259
23.687646200000003,171,5476,88.89,0.05,1297,222504,0.0003,0.7030019760131836,13281
23.345007210000002,171,5480,89.93,0.05,1298,223024,0.0003,0.7520613670349121,13313
20.507110550000004,172,5484,89.79,0.05,1298,223548,0.0003,0.4839010238647461,13346
21.07835638,172,5488,91.98,0.05,1299,223988,0.0003,0.4716365933418274,13374
20.797067850000005,172,5492,91.16,0.05,1299,224200,0.0003,1.0234274864196777,13387
19.703063170000004,172,5496,89.49,0.05,1299,224492,0.0003,0.5820473432540894,13405
18.96214356,172,5500,88.1,0.05,1299,224788,0.0003,1.0818958282470703,13424
20.73126522,173,5504,87.54,0.05,1294,225072,0.0003,0.2861170172691345,13441
22.894645520000005,174,5508,87.97,0.05,1294,225428,0.0003,0.6655318140983582,13464
23.525300849999997,174,5512,87.01,0.05,1295,225752,0.0003,1.0783767700195312,13484
21.26317684,174,5516,85.36,0.05,1295,225880,0.0003,1.2291206121444702,13492
21.364815909999997,174,5520,84.67,0.05,1295,226296,0.0003,0.05997142568230629,13518
18.524911890000002,174,5524,84.29,0.05,1295,226692,0.0003,0.6881371140480042,13543
21.176063940000002,175,5528,85.69,0.05,1295,227076,0.0003,0.742911696434021,13567
21.810918419999997,175,5532,86.27,0.05,1295,227504,0.0003,0.26762792468070984,13593
20.894445740000002,175,5536,85.49,0.05,1296,227712,0.0003,0.5284688472747803,13606
20.61663212,175,5540,84.99,0.05,1296,227964,0.0003,0.8103476166725159,13622
22.986921800000005,176,5544,86.18,0.05,1296,228416,0.0003,0.05409738048911095,13650
22.734068440000005,176,5548,85.14,0.05,1296,228596,0.0003,0.6102365851402283,13662
23.57036161,176,5552,84.7,0.05,1296,228976,0.0003,0.05066106095910072,13685
23.490317450000003,176,5556,84.68,0.05,1296,229388,0.0003,1.6547743082046509,13711
20.759137080000002,177,5560,83.93,0.05,1296,229776,0.0003,0.6468762159347534,13735
22.707547490000003,177,5564,84.54,0.05,1296,229924,0.0003,0.4901003837585449,13745
25.375583800000005,177,5568,85.94,0.05,1296,230316,0.0003,0.8894263505935669,13769
21.848683289999993,177,5572,85.12,0.05,1297,230752,0.0003,1.844759225845337,13796
20.35139956,178,5576,84.06,0.05,1297,231044,0.0003,1.0823132991790771,13815
19.33175174,178,5580,83.88,0.05,1297,231484,0.0003,0.8717659711837769,13842
19.86906822,178,5584,84.62,0.05,1297,231872,0.0003,0.7008580565452576,13866
22.18955887,179,5588,83.98,0.05,1297,232340,0.0003,1.3807984590530396,13896
21.66539741,179,5592,83.68,0.05,1297,232600,0.0003,0.4480896592140198,13912
22.58897913,179,5596,84.82,0.05,1298,233048,0.0003,0.8881591558456421,13940
22.94929878,179,5600,85.6,0.05,1298,233212,0.0003,0.38671189546585083,13950
23.69661397,179,5604,86.63,0.05,1298,233624,0.0003,1.5809955596923828,13976
21.59762842,180,5608,87.39,0.05,1298,234184,0.0003,0.05830039829015732,14011
20.79337879,180,5612,88.44,0.05,1298,234604,0.0003,0.5897068977355957,14037
21.467555669999996,180,5616,89.55,0.05,1298,234924,0.0003,1.0103764533996582,14057
21.68790533,181,5620,89.97,0.05,1299,235356,0.0003,0.47189396619796753,14084
21.92005805,181,5624,90.01,0.05,1299,235716,0.0003,0.2541341483592987,14107
19.65718506,181,5628,88.96,0.05,1299,236028,0.0003,0.647256076335907,14126
19.53598177,181,5632,89.06,0.05,1299,236336,0.0003,0.8593868017196655,14145
20.101146919999998,182,5636,88.92,0.05,1299,236740,0.0003,0.5033504962921143,14171
21.165730749999998,182,5640,90.72,0.05,1299,237004,0.0003,1.108887791633606,14187
19.5378822,182,5644,90.07,0.05,1299,237420,0.0003,0.3139364421367645,14213
22.3987312,182,5648,91.8,0.05,1299,237812,0.0003,1.133312702178955,14238
20.96811579,183,5652,92.14,0.05,1299,238168,0.0003,0.26013410091400146,14260
21.555043829999995,183,5656,92.55,0.05,1299,238564,0.0003,0.4566839635372162,14285
23.441165099999992,183,5660,92.23,0.05,1300,238880,0.0003,0.8125834465026855,14304
21.853577240000003,184,5664,92.98,0.05,1300,239260,0.0003,1.1205964088439941,14328
20.29362338,184,5668,93.04,0.05,1300,239668,0.0003,0.08438937366008759,14354
20.753128089999997,185,5672,93.71,0.05,1293,240100,0.0003,0.2566505968570709,14381
21.676987619999995,185,5676,94.68,0.05,1294,240496,0.0003,0.7191658616065979,14405
20.2047644,185,5680,93.32,0.05,1294,240656,0.0003,0.9614273309707642,14415
20.960913380000008,186,5684,93.11,0.05,1294,241048,0.0003,0.3183622360229492,14440
18.674035269999997,186,5688,92.48,0.05,1294,241504,0.0003,0.6842305660247803,14468
18.54410779,186,5692,92.37,0.05,1294,241856,0.0003,0.4777858555316925,14490
17.91184975,187,5696,91.7,0.05,1294,242228,0.0003,0.5077988505363464,14514
19.718923999999998,187,5700,91.0,0.05,1294,242356,0.0003,0.4809205234050751,14522
16.723162969999997,187,5704,89.44,0.05,1294,242672,0.0003,0.27627894282341003,14541
16.66121129,187,5708,88.15,0.05,1294,242976,0.0003,0.6797237396240234,14560
16.20306639,187,5712,87.65,0.05,1294,243396,0.0003,0.48034968972206116,14587
16.709636609999997,188,5716,88.42,0.05,1294,243808,0.0003,0.9961884021759033,14612
17.80202002,188,5720,87.95,0.05,1295,244180,0.0003,0.27099019289016724,14636
18.002619810000002,188,5724,88.33,0.05,1295,244568,0.0003,0.05786847323179245,14660
19.18220765,189,5728,89.54,0.05,1295,244984,0.0003,0.5511866211891174,14686
21.460384310000006,189,5732,89.87,0.05,1295,245424,0.0003,0.24360080063343048,14713
21.95857966,189,5736,90.79,0.05,1295,245828,0.0003,0.48405539989471436,14739
23.022001339999996,189,5740,91.21,0.05,1295,246196,0.0003,0.9766346216201782,14762
22.554312219999996,190,5744,91.05,0.05,1296,246480,0.0003,0.272173672914505,14779
19.58558707,190,5748,89.43,0.05,1296,246768,0.0003,1.2152951955795288,14797
20.12697211,190,5752,89.62,0.05,1296,247156,0.0003,0.45359957218170166,14822
19.566957640000002,190,5756,88.66,0.05,1296,247348,0.0003,0.4790685772895813,14834
17.04737957,191,5760,87.68,0.05,1296,247636,0.0003,0.7054026126861572,14852
17.26403781,191,5764,87.24,0.05,1296,248036,0.0003,0.2687745690345764,14877
18.42517302,191,5768,87.19,0.05,1296,248408,0.0003,1.5894564390182495,14900
18.75654137,191,5772,86.98,0.05,1296,248780,0.0003,0.047569893300533295,14923
20.511400939999998,192,5776,87.38,0.05,1296,249168,0.0003,0.07011765986680984,14947
21.256066330000003,192,5780,88.32,0.05,1296,249536,0.0003,1.387819528579712,14970
21.74107759,192,5784,87.4,0.05,1296,249960,0.0003,0.08434392511844635,14997
22.48181739,193,5788,87.76,0.05,1297,250352,0.0003,0.492459774017334,15021
22.43025741,193,5792,88.23,0.05,1297,250652,0.0003,0.5029904842376709,15040
22.86637627,193,5796,88.47,0.05,1297,250956,0.0003,0.9800093173980713,15059
20.536787339999997,193,5800,88.48,0.05,1297,251256,0.0003,0.2767389416694641,15078
20.95534309,193,5804,89.36,0.05,1297,251620,0.0003,0.06187813729047775,15101
23.216998329999996,194,5808,89.46,0.05,1297,251976,0.0003,0.831573486328125,15123
22.92682748,194,5812,88.7,0.05,1297,252232,0.0003,1.1007624864578247,15139
23.628733110000002,194,5816,89.06,0.05,1297,252656,0.0003,0.45532065629959106,15165
21.163270950000012,194,5820,88.06,0.05,1298,252984,0.0003,0.05264970287680626,15186
20.417618230000006,195,5824,86.83,0.05,1298,253184,0.0003,0.2620134949684143,15198
19.18380739,195,5828,86.18,0.05,1298,253592,0.0003,0.03693685680627823,15224
16.37773546,195,5832,84.6,0.05,1298,253952,0.0003,0.487966388463974,15246
15.233875520000002,195,5836,83.72,0.05,1298,254168,0.0003,0.48669904470443726,15260
14.03689159,195,5840,82.23,0.05,1298,254340,0.0003,0.2788577973842621,15271
14.53535221,196,5844,82.81,0.05,1298,254776,0.0003,0.490168035030365,15298
14.119129609999998,197,5848,82.47,0.05,1293,255016,0.0003,0.059167250990867615,15313
14.422385459999996,197,5852,82.42,0.05,1293,255376,0.0003,0.06161399930715561,15335
13.151486469999998,197,5856,81.08,0.05,1293,255572,0.0003,0.9988503456115723,15348
14.269331890000004,197,5860,82.89,0.05,1293,255988,0.0003,0.6006847620010376,15374
12.825590910000003,198,5864,83.31,0.05,1293,256368,0.0003,0.886676013469696,15397
10.004703699999999,198,5868,82.25,0.05,1294,256672,0.0003,0.2672118842601776,15416
9.313854319999999,198,5872,82.34,0.05,1294,257072,0.0003,0.2873257100582123,15441
9.731748249999999,198,5876,82.21,0.05,1294,257396,0.0003,0.6711186170578003,15462
13.533151770000003,199,5880,82.29,0.05,1294,257820,0.0003,0.4885019063949585,15488
12.400318770000004,199,5884,83.26,0.05,1294,258280,0.0003,1.6072924137115479,15517
11.487734640000001,199,5888,82.75,0.05,1294,258660,0.0003,0.5018826127052307,15541
11.974949039999998,200,5892,83.78,0.05,1295,259124,0.0003,0.6311501264572144,15570
11.888086670000002,200,5896,83.89,0.05,1295,259280,0.0003,0.7154862880706787,15579
13.091784719999998,200,5900,85.17,0.05,1295,259708,0.0003,0.4959619343280792,15606
14.783387679999999,200,5904,84.67,0.05,1295,260160,0.0003,0.2739475667476654,15634
12.64583177,201,5908,84.9,0.05,1295,260472,0.0003,0.482681542634964,15654
12.502513549999998,201,5912,84.68,0.05,1295,260716,0.0003,0.25953811407089233,15669
11.138524979999998,201,5916,82.9,0.05,1295,260912,0.0003,1.1781436204910278,15681
12.542414029999998,201,5920,84.21,0.05,1295,261360,0.0003,0.4172884523868561,15709
12.616415840000002,201,5924,84.86,0.05,1295,261704,0.0003,0.287309855222702,15731
13.04740313,202,5928,84.67,0.05,1295,262028,0.0003,0.271710604429245,15751
15.14636861,202,5932,85.59,0.05,1296,262416,0.0003,0.2557465136051178,15775
16.05613562,202,5936,86.39,0.05,1296,262780,0.0003,1.1662471294403076,15798
16.63833351,203,5940,87.64,0.05,1296,263180,0.0003,1.3525922298431396,15823
17.971665060000003,203,5944,87.19,0.05,1296,263560,0.0003,0.2790473401546478,15847
19.1664999,203,5948,88.27,0.05,1296,263808,0.0003,1.9172310829162598,15862
17.330130030000003,203,5952,86.0,0.05,1296,264032,0.0003,0.04627249389886856,15876
18.66270167,203,5956,88.02,0.05,1296,264364,0.0003,1.2971317768096924,15897
16.94260559,204,5960,86.29,0.05,1296,264576,0.0003,0.7589675784111023,15910
16.52827194,204,5964,84.19,0.05,1296,264696,0.0003,0.2643069922924042,15918
19.33904268,204,5968,85.02,0.05,1297,265096,0.0003,0.29475900530815125,15943
19.015035580000003,204,5972,83.78,0.05,1297,265408,0.0003,0.5726571679115295,15962
17.332135540000003,204,5976,83.9,0.05,1296,265784,0.0003,0.6846219301223755,15986
14.480359069999999,205,5980,84.28,0.05,1296,266236,0.0003,0.25573495030403137,16014
13.577697959999998,205,5984,83.63,0.05,1297,266620,0.0003,0.36013785004615784,16038
13.994384799999999,205,5988,83.37,0.05,1297,267012,0.0003,0.04996788501739502,16063
15.886172459999997,206,5992,83.13,0.05,1297,267360,0.0003,1.3575724363327026,16084
15.548531350000001,206,5996,82.78,0.05,1297,267580,0.0003,1.053923487663269,16098
14.921941940000002,206,6000,81.6,0.05,1297,267940,0.0003,1.1234400272369385,16121
13.334152020000001,206,6004,82.12,0.05,1297,268320,0.0003,0.46232035756111145,16144
12.503907719999999,206,6008,80.73,0.05,1297,268472,0.0003,0.03342915698885918,16154
12.513411269999999,207,6012,80.92,0.05,1297,268832,0.0003,0.887817919254303,16176
12.139718489999998,207,6016,80.24,0.05,1297,268960,0.0003,0.48211565613746643,16184
13.669129669999997,207,6020,80.54,0.05,1297,269404,0.0003,1.0811867713928223,16212
13.472528669999999,207,6024,79.43,0.05,1297,269756,0.0003,0.8691579103469849,16234
13.57257985,209,6028,79.88,0.05,1291,270124,0.0003,2.0308282375335693,16257
13.70092324,209,6032,79.31,0.05,1291,270388,0.0003,0.8981409072875977,16274
14.241096879999997,209,6036,78.34,0.05,1291,270712,0.0003,0.03667785972356796,16294
14.909704639999998,209,6040,78.47,0.05,1291,271092,0.0003,0.4926253855228424,16318
13.25439269,210,6044,78.07,0.05,1291,271304,0.0003,0.26067182421684265,16331
12.664450390000002,210,6048,77.89,0.05,1291,271668,0.0003,0.4969485402107239,16354
13.780570790000002,210,6052,79.52,0.05,1291,272024,0.0003,0.32895129919052124,16376
13.92284295,210,6056,79.19,0.05,1291,272316,0.0003,0.2727365791797638,16394
15.164760660000002,211,6060,81.92,0.05,1291,272780,0.0003,0.473985493183136,16423
18.749478560000004,211,6064,83.84,0.05,1291,273180,0.0003,0.47020459175109863,16448
16.816034969999997,211,6068,83.5,0.05,1291,273556,0.0003,0.24286513030529022,16472
17.256138270000005,211,6072,84.1,0.05,1291,273844,0.0003,0.9467390179634094,16490
16.63799904,212,6076,82.8,0.05,1291,274088,0.0003,0.451264888048172,16505
16.236727049999995,212,6080,82.53,0.05,1292,274484,0.0003,0.46441754698753357,16530
16.20635323,212,6084,82.37,0.05,1292,274796,0.0003,0.8644426465034485,16549
18.041425150000002,212,6088,83.07,0.05,1292,275184,0.0003,0.5912608504295349,16573
16.131989590000003,213,6092,82.98,0.05,1292,275632,0.0003,0.22223907709121704,16601
16.288572620000004,213,6096,83.28,0.05,1292,275952,0.0003,1.3905664682388306,16621
16.69931751,213,6100,84.25,0.05,1292,276348,0.0003,0.21693482995033264,16646
16.288800539999997,213,6104,83.18,0.05,1292,276616,0.0003,0.45520055294036865,16663
19.81586801,214,6108,84.89,0.05,1292,276972,0.0003,0.251684308052063,16685
21.372875459999996,214,6112,86.01,0.05,1292,277352,0.0003,0.5786389708518982,16709
27.272178710000002,214,6116,87.66,0.05,1293,277764,0.0003,0.2786650061607361,16735
23.988243280000002,215,6120,86.27,0.05,1293,278052,0.0003,0.7274763584136963,16753
23.908810740000003,215,6124,87.07,0.05,1293,278412,0.0003,0.21893024444580078,16775
23.401443869999998,215,6128,86.05,0.05,1293,278688,0.0003,0.49037012457847595,16792
21.74023407,215,6132,85.69,0.05,1293,278872,0.0003,0.11162791401147842,16804
21.074776249999996,215,6136,86.27,0.05,1293,279320,0.0003,0.04357708618044853,16832
20.505066529999993,216,6140,86.35,0.05,1293,279756,0.0003,1.14584481716156,16859
19.99589366,216,6144,87.08,0.05,1293,280028,0.0003,0.48242372274398804,16876
20.568623110000004,216,6148,87.86,0.05,1293,280440,0.0003,0.4823302626609802,16902
20.729596309999998,216,6152,87.91,0.05,1293,280736,0.0003,0.03348429128527641,16920
21.194140620000002,217,6156,88.67,0.05,1294,281164,0.0003,0.4498073160648346,16947
21.62714359,217,6160,87.42,0.05,1294,281484,0.0003,0.2693217396736145,16967
18.47699529,217,6164,85.87,0.05,1294,281788,0.0003,0.6565057039260864,16986
19.799287950000004,217,6168,85.53,0.05,1294,282036,0.0003,0.46663975715637207,17002
22.070752680000005,218,6172,85.84,0.05,1294,282480,0.0003,0.042205147445201874,17029
25.3565839,218,6176,87.2,0.05,1294,282828,0.0003,0.47729089856147766,17051
24.725888060000003,218,6180,86.36,0.05,1294,283216,0.0003,2.38291335105896,17075
24.98656474,219,6184,86.53,0.05,1294,283580,0.0003,0.39244818687438965,17098
22.194021489999997,219,6188,85.46,0.05,1294,283828,0.0003,1.7363117933273315,17114
21.6950459,219,6192,83.7,0.05,1294,283936,0.0003,0.037613026797771454,17120
21.0994,219,6196,83.33,0.05,1294,284304,0.0003,0.4926080107688904,17143
20.925387499999996,219,6200,83.01,0.05,1295,284704,0.0003,0.04119163379073143,17168
22.21973455,220,6204,84.82,0.05,1290,285148,0.0003,0.1511341780424118,17196
19.37563291,221,6208,84.31,0.05,1290,285452,0.0003,0.05471942201256752,17215
20.58533661,221,6212,84.4,0.05,1290,285880,0.0003,0.4538542926311493,17242
14.885682620000003,221,6216,82.75,0.05,1290,285976,0.0003,0.7900170087814331,17248
16.782683710000004,221,6220,84.39,0.05,1291,286368,0.0003,1.208243489265442,17272
16.21860746,222,6224,83.17,0.05,1291,286740,0.0003,0.03332017362117767,17296
17.88835539,222,6228,84.59,0.05,1291,287128,0.0003,0.15246787667274475,17320
17.604647630000002,222,6232,84.31,0.05,1291,287340,0.0003,0.8545964956283569,17333
18.904611459999998,222,6236,83.99,0.05,1291,287740,0.0003,0.7735332250595093,17358
20.110303610000003,223,6240,84.44,0.05,1291,288140,0.0003,0.4807355999946594,17383
19.82859244,223,6244,84.09,0.05,1291,288440,0.0003,0.04414434731006622,17402
19.88010791,223,6248,83.76,0.05,1291,288768,0.0003,0.24962711334228516,17422
19.97210205,223,6252,84.34,0.05,1292,289276,0.0003,0.530155599117279,17454
21.032593470000002,224,6256,83.79,0.05,1292,289508,0.0003,0.5832374095916748,17469
21.07087552,224,6260,84.51,0.05,1292,289876,0.0003,1.5126166343688965,17492
24.14529949,224,6264,86.01,0.05,1292,290268,0.0003,0.45133161544799805,17516
22.705575020000005,224,6268,86.34,0.05,1293,290704,0.0003,0.2926449179649353,17543
19.82691558,225,6272,86.31,0.05,1293,291172,0.0003,0.7045882344245911,17573
21.1042893,225,6276,86.73,0.05,1293,291544,0.0003,0.06610266864299774,17596
21.215906930000003,225,6280,86.43,0.05,1293,291888,0.0003,0.6373819708824158,17617
23.86502114,225,6284,86.72,0.05,1294,292296,0.0003,0.05661490187048912,17643
25.31295115,226,6288,87.63,0.05,1294,292648,0.0003,0.5227367281913757,17665
27.215028599999997,226,6292,88.37,0.05,1294,292816,0.0003,0.25772014260292053,17675
28.71107646,226,6296,89.63,0.05,1294,293236,0.0003,0.7659066319465637,17702
29.870529539999996,226,6300,89.9,0.05,1294,293648,0.0003,0.4718131124973297,17727
34.55155947,227,6304,89.58,0.05,1295,294092,0.0003,0.06115691363811493,17755
36.085856199999995,227,6308,89.4,0.05,1295,294332,0.0003,0.04689338058233261,17770
35.51220632,227,6312,88.83,0.05,1295,294772,0.0003,0.047548532485961914,17798
38.90951377999999,227,6316,90.06,0.05,1295,295144,0.0003,0.04353730380535126,17821
40.3033073,227,6320,88.69,0.05,1295,295272,0.0003,0.23311828076839447,17829
40.60619646,228,6324,89.34,0.05,1296,295664,0.0003,0.15134583413600922,17853
40.056606720000005,228,6328,89.37,0.05,1296,296052,0.0003,0.4581156373023987,17878
42.43378346,228,6332,90.27,0.05,1296,296524,0.0003,0.47916316986083984,17907
42.59644075,228,6336,91.11,0.05,1297,296780,0.0003,0.2649414837360382,17923
41.2661879,228,6340,89.72,0.05,1297,297016,0.0003,0.6360740065574646,17938
44.40173073000001,229,6344,89.99,0.05,1297,297448,0.0003,0.03274816647171974,17965
43.83020301,229,6348,89.46,0.05,1297,297720,0.0003,0.03901153802871704,17982
44.353630409999994,229,6352,89.32,0.05,1298,298068,0.0003,0.260849267244339,18004
44.29526506,229,6356,89.49,0.05,1298,298428,0.0003,0.46088650822639465,18026
45.437940510000004,230,6360,89.36,0.05,1298,298828,0.0003,0.6914606690406799,18051
42.08729760999999,230,6364,87.95,0.05,1298,299088,0.0003,0.2641967236995697,18067
42.13539847999999,230,6368,88.24,0.05,1299,299500,0.0003,0.1961342990398407,18093
40.89331546,230,6372,87.68,0.05,1299,299864,0.0003,0.24284403026103973,18116
