rollout/ep_rew_mean,time/time_elapsed,time/episodes,rollout/ep_len_mean,rollout/exploration_rate,time/fps,time/total_timesteps,train/learning_rate,train/loss,train/n_updates
-33.240435500000004,0,4,9.25,0.9993983333333334,217,76,,,
-35.33556887500001,0,8,13.625,0.99886,382,144,,,
-35.44415225000001,0,12,14.416666666666666,0.9985116666666667,477,188,,,
-34.802298750000006,0,16,12.75,0.9982899999999999,529,216,,,
-34.56889210000001,0,20,11.75,0.9976883333333332,670,292,,,
-34.671379916666666,0,24,13.25,0.9972766666666668,753,344,,,
-34.93908492857143,0,28,13.5,0.9969283333333332,817,388,,,
-34.90626075,0,32,13.0625,0.996485,892,444,,,
-34.91811427777778,0,36,13.777777777777779,0.9958516666666667,994,524,,,
-34.79509070731707,0,40,13.804878048780488,0.9953766666666667,1061,584,,,
-34.73620497727273,0,44,13.818181818181818,0.9950916666666667,1096,620,,,
-34.6220778125,0,48,13.541666666666666,0.9946166666666667,1157,680,,,
-34.63532094230769,0,52,13.75,0.9942683333333332,1198,724,,,
-34.80495507142857,0,56,13.732142857142858,0.9936033333333334,1272,808,,,
-34.72046461666666,0,60,13.85,0.9933816666666666,1293,836,,,
-34.785873453125,0,64,13.828125,0.9926533333333335,1364,928,,,
-34.782834264705876,0,68,13.764705882352942,0.99183,1445,1032,,,
-34.855628930555554,0,72,14.652777777777779,0.991545,1461,1068,,,
-34.85270392105263,0,76,14.486842105263158,0.9909433333333333,1506,1144,,,
-34.7768534875,0,80,14.3,0.9906266666666667,1523,1184,,,
-34.68947841666667,0,84,14.035714285714286,0.9901199999999999,1556,1248,,,
-35.04030370454546,0,88,14.284090909090908,0.9897716666666666,1574,1292,,,
-35.09231565217391,0,92,14.347826086956522,0.9893283333333333,1600,1348,,,
-35.040216237113405,0,96,14.329896907216495,0.9886633333333334,1641,1432,,,
-35.10333336000001,0,100,14.5,0.98841,1653,1464,,,
-35.107096240000004,0,104,14.6,0.9879666666666667,1674,1520,,,
-35.009477360000005,0,108,14.39,0.9875233333333333,1694,1576,,,
-34.97413741,0,112,14.19,0.98727,1703,1608,,,
-34.960359909999994,0,116,14.38,0.9866683333333333,1740,1684,,,
-34.95777474,1,120,14.81,0.9858766666666667,1779,1784,,,
-35.00938247,1,124,14.49,0.9854333333333334,1796,1840,,,
-34.8603829,1,128,14.22,0.9850850000000001,1807,1884,,,
-34.875013620000004,1,132,14.3,0.9846099999999999,1827,1944,,,
-35.34870942,1,136,14.65,0.9843249999999999,1838,1980,,,
-35.53760826,1,140,14.91,0.9837233333333333,1855,2056,,,
-35.5535039,1,144,15.03,0.9830266666666667,1879,2144,,,
-35.573910760000004,1,148,15.24,0.9825833333333334,1891,2200,,,
-35.50393416,1,152,15.01,0.9819816666666668,1909,2276,,,
-35.49203068,1,156,15.2,0.9818233333333335,1909,2296,,,
-35.4844047,1,160,14.85,0.9814116666666667,1921,2348,,,
-35.424646540000005,1,164,14.85,0.981,1931,2400,,,
-35.4592345,1,168,14.9,0.9805883333333333,1942,2452,,,
-35.51847099,1,172,14.24,0.9801133333333333,1955,2512,,,
-35.47862333,1,176,14.33,0.9798283333333333,1958,2548,,,
-35.45222856,1,180,14.21,0.9794166666666666,1966,2600,,,
-35.52159743,1,184,14.39,0.9788783333333334,1977,2668,,,
-35.16246456,1,188,14.29,0.9784666666666667,1987,2720,,,
-35.19597895,1,192,14.36,0.9777699999999999,2003,2808,,,
-35.15981862,1,196,14.69,0.9772316666666667,2014,2876,,,
-35.00583938,1,200,14.27,0.9769466666666667,2019,2912,,,
-34.95964611,1,204,14.53,0.9763766666666667,2031,2984,,,
-34.93187827,1,208,14.53,0.9759016666666668,2041,3044,,,
-35.03284975,1,212,14.73,0.9756483333333333,2041,3076,,,
-35.05489155,1,216,14.57,0.9753633333333334,2043,3112,,,
-35.02714313999999,1,220,14.12,0.9750466666666667,2049,3152,,,
-34.92941038,1,224,14.05,0.9746983333333334,2055,3196,,,
-34.9830891,1,228,14.14,0.9740966666666668,2070,3272,,,
-35.00068763,1,232,14.51,0.9735583333333333,2080,3340,,,
-34.571993049999996,1,236,13.95,0.9734,2080,3360,,,
-34.38036146,1,240,13.52,0.9728616666666666,2087,3428,,,
-34.35950407,1,244,13.35,0.9724499999999998,2091,3480,,,
-34.597410190000005,1,248,13.43,0.9720383333333334,2094,3532,,,
-34.63109007,1,252,13.47,0.9716583333333333,2098,3580,,,
-34.49740519,1,256,13.32,0.9712149999999999,2108,3636,,,
-34.48949926,1,260,13.36,0.9705816666666667,2123,3716,,,
-34.48301423,1,264,13.67,0.9702966666666667,2126,3752,,,
-34.614124450000006,1,268,13.8,0.9695999999999999,2134,3840,,,
-34.437193140000005,1,272,14.02,0.9689666666666666,2143,3920,,,
-34.6272615,1,276,14.16,0.9686816666666667,2144,3956,,,
-34.69073209,1,280,14.4,0.9679533333333333,2153,4048,,,
-34.80807497,1,284,14.54,0.9675416666666665,2156,4100,,,
-34.81306743,1,288,14.22,0.9671933333333333,2158,4144,,,
-34.68106215999999,1,292,13.99,0.9663383333333333,2171,4252,,,
-34.689592880000006,1,296,14.31,0.965895,2178,4308,,,
-34.74357768,2,300,14.69,0.9653250000000001,2185,4380,,,
-34.741424329999994,2,304,14.63,0.964945,2191,4428,,,
-34.59556133,2,308,14.38,0.9645016666666667,2198,4484,,,
-34.732259109999994,2,312,14.5,0.9640899999999999,2205,4536,,,
-34.75329659,2,316,14.64,0.9636466666666667,2211,4592,,,
-34.85637377999999,2,320,14.87,0.9633616666666666,2212,4628,,,
-34.95856303000001,2,324,15.09,0.96276,2218,4704,,,
-34.93830499,2,328,15.12,0.962475,2218,4740,,,
-34.85205045,2,332,14.61,0.9621899999999999,2222,4776,,,
-34.743624839999995,2,336,14.7,0.9615883333333333,2229,4852,,,
-34.80569968,2,340,14.93,0.9610816666666667,2234,4916,,,
-34.8305087,2,344,15.18,0.9604166666666666,2240,5000,,,
-34.65905318,2,348,15.09,0.9601633333333334,2239,5032,,,
-34.64447465,2,352,15.0,0.959625,2242,5100,,,
-34.83992038,2,356,15.1,0.9589916666666667,2242,5180,,,
-35.110635370000004,2,360,15.59,0.9586433333333335,2244,5224,,,
-35.11240123,2,364,15.25,0.9581366666666666,2248,5288,,,
-34.9734496,2,368,15.06,0.9577249999999999,2251,5340,,,
-35.210833220000005,2,372,15.05,0.9567116666666668,2260,5468,,,
-35.01128629,2,376,15.15,0.9560783333333333,2265,5548,,,
-35.09960676000001,2,380,15.19,0.9553816666666668,2271,5636,,,
-35.52977287,2,384,15.93,0.9548749999999999,2279,5700,,,
-35.689988340000006,2,388,16.26,0.9544950000000001,2282,5748,,,
-35.63106346000001,2,392,15.89,0.9541783333333332,2284,5788,,,
-35.684271730000006,2,396,15.41,0.9537033333333332,2291,5848,,,
-35.748781339999994,2,400,15.42,0.9532283333333333,2295,5908,,,
-35.79156858,2,404,15.21,0.9528166666666666,2298,5960,,,
-35.91307999,2,408,15.42,0.9524683333333334,2298,6004,,,
-35.84420357,2,412,15.29,0.9518033333333332,2302,6088,,,
-35.79936736,2,416,15.33,0.95117,2306,6168,,,
-35.92996669,2,420,15.79,0.9506316666666668,2310,6236,,,
-35.72354523,2,424,15.76,0.9501566666666665,2311,6296,,,
-35.76087022,2,428,15.79,0.9497450000000001,2311,6348,,,
-35.758836720000005,2,432,16.12,0.9491433333333334,2314,6424,,,
-35.80571103,2,436,16.12,0.9485416666666665,2318,6500,,,
-36.05424823,2,440,16.28,0.9482249999999999,2317,6540,,,
-36.14006877,2,444,16.01,0.9478133333333334,2318,6592,,,
-36.183259830000004,2,448,16.08,0.9469583333333333,2324,6700,,,
-36.11420519,2,452,16.58,0.946515,2325,6756,,,
-36.07105094,2,456,16.37,0.9462933333333332,2324,6784,,,
-35.81071344,2,460,16.0,0.9458816666666667,2324,6836,,,
-35.86252296,2,464,16.25,0.945375,2327,6900,,,
-35.79349809,2,468,16.08,0.9449,2328,6960,,,
-35.573789819999995,3,472,15.98,0.9445516666666668,2328,7004,,,
-35.60591635,3,476,15.89,0.9437283333333333,2337,7108,,,
-35.67704609,3,480,16.06,0.9434116666666666,2337,7148,,,
-35.1644337,3,484,15.18,0.943,2340,7200,,,
-34.99109851,3,488,14.93,0.9425566666666666,2341,7256,,,
-35.048763959999995,3,492,15.13,0.94224,2340,7296,,,
-35.19917346,3,496,15.55,0.9408149999999998,2350,7476,,,
-35.56238011000001,3,500,16.11,0.9401816666666666,2350,7556,,,
-35.76194633,3,504,16.57,0.9396116666666666,2351,7628,,,
-35.64492572,3,508,16.65,0.9392000000000001,2352,7680,,,
-35.68736382,3,512,16.87,0.9383450000000001,2359,7788,,,
-36.086845909999994,3,516,17.3,0.9378383333333332,2361,7852,,,
-35.90922715,3,520,16.85,0.9375216666666666,2362,7892,,,
-36.01446555,3,524,16.62,0.937015,2363,7956,,,
-35.98799167999999,3,528,16.8,0.9366033333333333,2365,8008,,,
-36.024580949999994,3,532,16.71,0.9360016666666666,2368,8084,,,
-35.97583424,3,536,16.6,0.9356533333333334,2368,8128,,,
-35.73155229,3,540,16.47,0.9351783333333334,2369,8188,,,
-35.71430926,3,544,16.66,0.93464,2369,8256,,,
-35.67431176,3,548,16.68,0.9340383333333334,2373,8332,,,
-35.68271998,3,552,16.21,0.9337533333333333,2372,8368,,,
-35.876364020000004,3,556,16.63,0.9329299999999999,2374,8472,,,
-35.82975471,3,560,16.91,0.9325500000000001,2373,8520,,,
-35.750772659999996,3,564,16.58,0.9322016666666666,2374,8564,,,
-35.74478044000001,3,568,16.7,0.9316633333333334,2376,8632,,,
-35.689347940000005,3,572,16.72,0.9313466666666668,2374,8672,,,
-35.673230399999994,3,576,16.4,0.9308716666666668,2374,8732,,,
-35.48103689,3,580,16.18,0.9304600000000001,2374,8784,,,
-35.438774370000004,3,584,16.26,0.9300483333333334,2373,8836,,,
-35.41657926,3,588,16.35,0.9294783333333333,2373,8908,,,
-35.47128806,3,592,16.58,0.9290983333333335,2371,8956,,,
-35.355657900000004,3,596,16.23,0.9286233333333332,2372,9016,,,
-35.01322122,3,600,15.53,0.9280216666666666,2372,9092,,,
-34.86497265,3,604,15.21,0.927705,2372,9132,,,
-34.901618619999994,3,608,14.9,0.9273250000000001,2370,9180,,,
-34.79334883999999,3,612,14.63,0.9270400000000001,2367,9216,,,
-34.507423980000006,3,616,14.12,0.9267550000000001,2364,9252,,,
-34.622152449999994,3,620,14.22,0.9259950000000001,2362,9348,,,
-35.21054947999999,3,624,14.62,0.9255516666666668,2362,9404,,,
-35.20801348,4,628,14.49,0.9251400000000001,2362,9456,,,
-35.178906919999996,4,632,14.33,0.9247599999999999,2361,9504,,,
-35.1762653,4,636,14.43,0.9244116666666666,2361,9548,,,
-35.05106844,4,640,14.03,0.9241266666666667,2361,9584,,,
-34.932082799999996,4,644,13.79,0.92381,2361,9624,,,
-34.86805417,4,648,13.5,0.923335,2363,9684,,,
-34.7754779,4,652,13.5,0.9227650000000001,2367,9756,,,
-34.65614669000001,4,656,13.46,0.9225433333333333,2366,9784,,,
-34.69421316,4,660,13.26,0.9219416666666665,2370,9860,,,
-34.70035786,4,664,13.46,0.9214983333333332,2371,9916,,,
-34.69987423,4,668,13.67,0.9209283333333335,2374,9988,,,
-34.71663966,4,672,13.56,0.92058,2372,10032,0.001,2.6168901920318604,1
-34.842835570000005,4,676,13.67,0.9198833333333335,2360,10120,0.001,1.8861044645309448,7
-35.116918850000005,4,680,13.89,0.9196933333333333,2356,10144,0.001,0.4944632649421692,8
-35.09500726,4,684,13.82,0.91906,2345,10224,0.001,2.575709104537964,13
-35.25624142000001,4,688,13.84,0.9187116666666668,2341,10268,0.001,2.3302390575408936,16
-35.123944720000004,4,692,13.71,0.9182366666666666,2337,10328,0.001,3.022329807281494,20
-35.14301821,4,696,13.66,0.9174766666666666,2331,10424,0.001,2.0951924324035645,26
-35.25311616999999,4,700,13.9,0.9170016666666666,2325,10484,0.001,1.6385917663574219,30
-35.269158940000004,4,704,14.09,0.9164950000000001,2319,10548,0.001,2.32542085647583,34
-35.244638800000004,4,708,14.29,0.9158933333333334,2317,10624,0.001,1.8727328777313232,38
-35.31441637,4,712,14.37,0.9155766666666668,2312,10664,0.001,2.0949909687042236,41
-35.2921291,4,716,14.51,0.9151016666666666,2308,10724,0.001,1.4079445600509644,45
-35.17327713,4,720,14.41,0.9147533333333333,2306,10768,0.001,2.326559066772461,47
-34.89691882,4,724,14.61,0.9138666666666666,2300,10880,0.001,2.556187868118286,54
-35.017108369999995,4,728,14.66,0.9136133333333333,2297,10912,0.001,2.309290885925293,56
-35.066687959999996,4,732,14.67,0.9132333333333333,2292,10960,0.001,1.3996838331222534,59
-35.02262897999999,4,736,14.43,0.912885,2287,11004,0.001,2.0966532230377197,62
-35.04982352,4,740,14.73,0.9122833333333332,2283,11080,0.001,2.0855369567871094,67
-35.18058125,4,744,14.97,0.9116816666666666,2280,11156,0.001,2.3296947479248047,72
-35.1551154,4,748,15.03,0.9113016666666667,2277,11204,0.001,2.552175283432007,75
-35.26215292,4,752,15.11,0.9101933333333333,2271,11344,0.001,1.8635382652282715,83
-35.21159455,5,756,15.99,0.90975,2265,11400,0.001,0.9427403211593628,87
-35.311410540000004,5,760,16.07,0.9091799999999999,2263,11472,0.001,2.0877044200897217,91
-35.4730747,5,764,16.25,0.9083883333333334,2258,11572,0.001,1.651546835899353,98
-35.48496076,5,768,16.33,0.9079133333333333,2257,11632,0.001,1.8578455448150635,101
-35.581366859999996,5,772,16.37,0.9075016666666667,2253,11684,0.001,1.180863380432129,105
-35.33169755,5,776,16.51,0.9069950000000001,2250,11748,0.001,1.8662437200546265,109
-35.10550019,5,780,16.26,0.906615,2246,11796,0.001,2.08896541595459,112
-35.19386412,5,784,16.23,0.9060766666666668,2241,11864,0.001,1.6292390823364258,116
-35.075565850000004,5,788,16.87,0.9050316666666668,2234,11996,0.001,1.402945637702942,124
-35.2488071,5,792,17.19,0.9043033333333335,2228,12088,0.001,2.2989859580993652,130
-35.48477296000001,5,796,17.57,0.9039866666666668,2225,12128,0.001,2.3220977783203125,132
-35.30305183,5,800,17.38,0.9031633333333333,2219,12232,0.001,1.3910070657730103,139
-35.16852798,5,804,17.41,0.90272,2216,12288,0.001,1.8442060947418213,142
-35.16932783,5,808,18.14,0.9014216666666666,2208,12452,0.001,2.0630970001220703,153
-35.040839209999994,5,812,18.26,0.9006933333333332,2206,12544,0.001,0.9306581020355225,158
-35.231077049999996,5,816,18.83,0.9002499999999999,2202,12600,0.001,2.065676689147949,162
-35.2733555,5,820,18.73,0.8999333333333333,2199,12640,0.001,1.8481993675231934,164
-35.04818164,5,824,18.5,0.8993316666666666,2195,12716,0.001,2.0595357418060303,169
-34.807799179999996,5,828,18.82,0.8985716666666667,2191,12812,0.001,1.8319896459579468,175
-34.76730938,5,832,19.08,0.8977166666666666,2187,12920,0.001,2.980271339416504,182
-35.025570630000004,5,836,19.56,0.8972416666666667,2183,12980,0.001,1.3767621517181396,186
-35.0622739,5,840,19.42,0.8967033333333332,2181,13048,0.001,1.2512803077697754,190
-35.38081667,6,844,19.77,0.8960699999999999,2176,13128,0.001,1.8395109176635742,195
-35.46554874,6,848,20.0,0.895595,2173,13188,0.001,2.9781312942504883,199
-35.421436469999996,6,852,20.2,0.894835,2166,13284,0.001,1.6154394149780273,205
-35.43513792000001,6,856,19.04,0.8942016666666668,2162,13364,0.001,2.05888295173645,210
-35.57930007,6,860,19.48,0.8934416666666668,2158,13460,0.001,3.1890382766723633,216
-35.38128307,6,864,19.63,0.8931566666666668,2157,13496,0.001,1.5935003757476807,218
-35.672063949999995,6,868,19.8,0.8925233333333332,2153,13576,0.001,1.1533255577087402,223
-35.591916489999996,6,872,19.67,0.8918266666666668,2150,13664,0.001,1.8250521421432495,228
-35.63004949,6,876,19.57,0.8912883333333333,2146,13732,0.001,2.5280792713165283,233
-35.69010288,6,880,19.95,0.8908766666666667,2143,13784,0.001,2.9696338176727295,236
-35.647256250000005,6,884,20.3,0.8901483333333333,2139,13876,0.001,2.5111236572265625,242
-35.61808262,6,888,19.86,0.8895466666666666,2137,13952,0.001,1.625236988067627,246
-35.437523680000005,6,892,19.24,0.88923,2133,13992,0.001,2.065112352371216,249
-35.25958516,6,896,19.02,0.8883433333333333,2130,14104,0.001,0.719215989112854,256
-35.376925660000005,6,900,19.54,0.8878366666666667,2128,14168,0.001,1.1365386247634888,260
-35.44250273,6,904,19.48,0.8871083333333334,2124,14260,0.001,3.141810655593872,266
-35.53040190000001,6,908,19.0,0.8865066666666668,2121,14336,0.001,1.8007869720458984,270
-35.54706555999999,6,912,19.16,0.8859999999999999,2118,14400,0.001,1.1227021217346191,274
-35.247806049999994,6,916,18.34,0.8855566666666665,2115,14456,0.001,1.3615641593933105,278
-35.21593211,6,920,18.66,0.8852083333333334,2114,14500,0.001,1.5878874063491821,281
-35.27388295,6,924,18.86,0.8843533333333332,2114,14608,0.001,1.5883930921554565,287
-35.368490609999995,6,928,18.64,0.8837200000000001,2112,14688,0.001,2.6989688873291016,292
-35.35648409,7,932,18.58,0.88277,2110,14808,0.001,1.3462438583374023,300
-35.07258279999999,7,936,18.88,0.8817566666666667,2109,14936,0.001,1.3446885347366333,308
-35.41339763999999,7,940,19.62,0.8815666666666668,2108,14960,0.001,1.8022032976150513,309
-35.05668738,7,944,19.3,0.88106,1980,15024,0.001,1.5802236795425415,313
-34.89440873,7,948,19.21,0.8803,1980,15120,0.001,2.4683055877685547,319
-34.843464350000005,7,952,19.22,0.8797933333333334,1980,15184,0.001,1.8003795146942139,323
-34.83042101,7,956,19.33,0.8790650000000001,1980,15276,0.001,1.1379599571228027,329
-34.59977982,7,960,19.04,0.8785266666666667,1978,15344,0.001,2.2574501037597656,333
-34.64356645,7,964,18.93,0.8780516666666667,1966,15404,0.001,1.1382176876068115,337
-34.33770232,7,968,18.65,0.877735,1964,15444,0.001,2.0329437255859375,340
-34.342720990000004,7,972,18.56,0.8771650000000001,1963,15516,0.001,2.7029662132263184,344
-34.46663411,7,976,18.61,0.8767533333333333,1963,15568,0.001,0.705757200717926,347
-34.420566629999996,7,980,18.49,0.8759933333333334,1963,15664,0.001,2.25681471824646,353
-34.52448365,8,984,18.91,0.8755183333333334,1961,15724,0.001,1.5783827304840088,357
-34.51822834000001,8,988,18.28,0.8752333333333333,1960,15760,0.001,2.712324619293213,359
-34.55595513,8,992,18.55,0.8745050000000001,1958,15852,0.001,0.9064712524414062,365
-34.52593701999999,8,996,18.73,0.8739983333333334,1956,15916,0.001,2.48642635345459,369
-34.374842029999996,8,1000,18.0,0.873745,1956,15948,0.001,1.1407899856567383,371
-34.43184333,8,1004,17.95,0.8731433333333334,1954,16024,0.001,1.8103371858596802,376
-34.36496622,8,1008,17.64,0.8727316666666667,1954,16076,0.001,1.3728543519973755,379
-34.366389410000004,8,1012,17.24,0.8724466666666666,1953,16112,0.001,2.0170648097991943,381
-34.351736499999994,8,1016,17.3,0.8718133333333333,1951,16192,0.001,1.5474170446395874,386
-34.43242856,8,1020,17.47,0.8714016666666666,1949,16244,0.001,1.5587753057479858,390
-34.42394135,8,1024,17.39,0.8707366666666667,1946,16328,0.001,1.5513023138046265,395
-34.26756753,8,1028,17.41,0.8701666666666668,1945,16400,0.001,0.9114035964012146,399
-34.31432451,8,1032,17.46,0.8694383333333334,1943,16492,0.001,2.5257697105407715,405
-34.000404069999995,8,1036,16.83,0.8690266666666666,1942,16544,0.001,2.437896490097046,408
-34.05147321999999,8,1040,16.09,0.8686149999999999,1940,16596,0.001,1.7816287279129028,412
-34.04717487,8,1044,16.0,0.8683299999999999,1939,16632,0.001,0.8962400555610657,414
-34.038274799999996,8,1048,16.03,0.8676016666666668,1937,16724,0.001,1.7923332452774048,420
-34.052444769999994,8,1052,16.72,0.8663666666666666,1936,16880,0.001,1.7872847318649292,429
-34.09856936,8,1056,17.04,0.8657966666666665,1935,16952,0.001,1.3320701122283936,434
-34.114137129999996,8,1060,17.0,0.86529,1933,17016,0.001,1.5596377849578857,438
-34.057226699999994,8,1064,16.79,0.8645933333333333,1932,17104,0.001,1.128933310508728,443
-34.06997685,8,1068,16.92,0.86415,1931,17160,0.001,1.3499828577041626,447
-34.090955390000005,8,1072,17.28,0.86339,1929,17256,0.001,1.5635859966278076,453
-33.9264211,8,1076,17.67,0.8627883333333333,1927,17332,0.001,0.45252788066864014,458
-33.963735359999994,9,1080,17.48,0.8625033333333333,1926,17368,0.001,3.321382999420166,460
-33.85692634,9,1084,16.88,0.8620599999999999,1925,17424,0.001,2.246485710144043,463
-33.843248839999994,9,1088,17.0,0.8616800000000001,1924,17472,0.001,2.2210943698883057,466
-33.82449851,9,1092,16.9,0.8613316666666666,1923,17516,0.001,2.673241138458252,469
-33.797836149999995,9,1096,16.91,0.8605083333333334,1922,17620,0.001,1.562943935394287,476
-33.824211340000005,9,1100,16.96,0.8598750000000002,1921,17700,0.001,1.1236191987991333,481
-33.75328053,9,1104,17.26,0.8593683333333333,1920,17764,0.001,0.8913823962211609,485
-33.7945494,9,1108,17.31,0.8586083333333334,1919,17860,0.001,1.353493332862854,491
-33.79661794,9,1112,17.67,0.8579116666666666,1919,17948,0.001,1.7820771932601929,496
-33.97796442999999,9,1116,18.91,0.8568033333333334,1918,18088,0.001,2.194936752319336,505
-33.83117162,9,1120,19.03,0.8562016666666667,1917,18164,0.001,1.7702538967132568,510
-33.77402185,9,1124,18.98,0.8557266666666667,1916,18224,0.001,0.8875453472137451,513
-33.78367015,9,1128,18.71,0.8550616666666666,1916,18308,0.001,2.4078447818756104,519
-33.78504751,9,1132,18.69,0.8548083333333333,1914,18340,0.001,2.0057027339935303,521
-33.7597898,9,1136,18.69,0.853985,1914,18444,0.001,2.2177908420562744,527
-33.92067006,9,1140,19.14,0.8535416666666668,1913,18500,0.001,2.1829895973205566,531
-33.8842547,9,1144,19.05,0.8531616666666666,1913,18548,0.001,2.4296929836273193,534
-33.933735420000005,9,1148,18.96,0.8526866666666667,1912,18608,0.001,1.9882643222808838,537
-33.904581910000005,9,1152,18.18,0.8520533333333334,1911,18688,0.001,1.9920328855514526,542
-33.861376439999994,9,1156,18.09,0.8514833333333334,1911,18760,0.001,1.3399486541748047,547
-33.850710230000004,9,1160,18.16,0.8511666666666667,1911,18800,0.001,1.3033947944641113,549
-33.851830199999995,9,1164,17.9,0.8502166666666668,1911,18920,0.001,1.1152201890945435,557
-34.022116180000005,9,1168,18.47,0.8495516666666667,1911,19004,0.001,1.1227655410766602,562
-34.01024822,9,1172,18.24,0.8492983333333333,1910,19036,0.001,1.534615397453308,564
-34.02063510000001,9,1176,17.56,0.8488549999999999,1909,19092,0.001,2.1638553142547607,568
-33.95068114,10,1180,17.51,0.8484433333333334,1907,19144,0.001,1.114438533782959,571
-33.95544334,10,1184,17.74,0.8478416666666666,1906,19220,0.001,1.5438590049743652,576
-33.98891082,10,1188,18.01,0.8473033333333334,1906,19288,0.001,1.0983664989471436,580
-34.06083087,10,1192,18.35,0.8465750000000001,1906,19380,0.001,3.3159079551696777,586
-34.00723023,10,1196,18.55,0.8458150000000001,1906,19476,0.001,2.397763252258301,592
-34.10900459,10,1200,18.98,0.8451816666666665,1906,19556,0.001,2.909226417541504,597
-34.19105068,10,1204,18.96,0.844485,1906,19644,0.001,1.762404203414917,602
-34.163522459999996,10,1208,19.0,0.84363,1906,19752,0.001,1.3331607580184937,609
-34.28774611,10,1212,19.24,0.8427433333333333,1904,19864,0.001,1.1170198917388916,616
-34.32486509,10,1216,18.66,0.8423,1903,19920,0.001,1.7816778421401978,619
-34.4055768,10,1220,18.23,0.8415716666666666,1902,20012,0.001,1.7729307413101196,625
-34.42589184,10,1224,18.46,0.8408116666666666,1900,20108,0.001,2.1578643321990967,631
-34.53261326,10,1228,18.76,0.8403999999999999,1899,20160,0.001,1.5787266492843628,634
-34.436418769999996,10,1232,18.68,0.839925,1897,20220,0.001,2.4047858715057373,638
-34.48483141,10,1236,18.91,0.83888,1896,20352,0.001,1.3265633583068848,646
-34.52830881,10,1240,19.12,0.8384050000000001,1895,20412,0.001,2.6147208213806152,650
-34.49887037,10,1244,19.43,0.8376133333333334,1894,20512,0.001,1.5629634857177734,656
-34.49225315,10,1248,19.35,0.8369483333333333,1893,20596,0.001,1.277134656906128,662
-34.6718433,10,1252,19.63,0.8360933333333332,1892,20704,0.001,1.5502965450286865,668
-34.733307180000004,10,1256,19.81,0.835745,1892,20748,0.001,1.5422897338867188,671
-34.7184178,10,1260,19.84,0.8353966666666668,1891,20792,0.001,0.44872426986694336,674
-34.71909422,11,1264,19.66,0.8350166666666667,1890,20840,0.001,2.3367457389831543,677
-34.49542835,11,1268,19.15,0.8339716666666667,1889,20972,0.001,0.8934674263000488,685
-34.556877019999995,11,1272,19.71,0.83356,1889,21024,0.001,1.087253451347351,688
-34.547319089999995,11,1276,20.16,0.8326733333333333,1889,21136,0.001,1.286543607711792,695
-34.56672583999999,11,1280,20.67,0.8322616666666668,1888,21188,0.001,1.9515199661254883,699
-34.59903239,11,1284,20.5,0.8318816666666666,1887,21236,0.001,3.082653284072876,702
-34.592711279999996,11,1288,20.4,0.830995,1887,21348,0.001,0.6735888123512268,709
-34.49706899000001,11,1292,20.42,0.8306783333333334,1886,21388,0.001,1.7534068822860718,711
-34.58713303,11,1296,19.97,0.8302666666666667,1885,21440,0.001,1.53793203830719,714
-34.44669336,11,1300,19.43,0.8297916666666667,1884,21500,0.001,2.1758859157562256,718
-34.416583960000004,11,1304,19.23,0.8290949999999999,1883,21588,0.001,2.6286942958831787,724
-34.39970289,11,1308,19.18,0.8284616666666667,1881,21668,0.001,2.6630313396453857,729
-34.25144687,11,1312,19.08,0.828145,1881,21708,0.001,1.3152785301208496,731
-34.07261455,11,1316,18.5,0.8276700000000001,1879,21768,0.001,1.9669640064239502,735
-34.026809719999996,11,1320,18.66,0.8264666666666668,1878,21920,0.001,1.1166908740997314,744
-33.88904963000001,11,1324,18.85,0.8256749999999999,1877,22020,0.001,2.179011344909668,751
-33.6955507,11,1328,19.81,0.82463,1877,22152,0.001,2.135345458984375,759
-33.71066407,11,1332,19.72,0.82387,1876,22248,0.001,1.5311787128448486,765
-33.60246224,11,1336,19.56,0.8235533333333334,1876,22288,0.001,1.3172897100448608,767
-33.372925540000004,11,1340,19.46,0.82254,1876,22416,0.001,1.7209302186965942,775
-33.62962524,12,1344,20.46,0.8217166666666668,1875,22520,0.001,1.9502781629562378,782
-33.77980764,12,1348,20.39,0.8212733333333332,1874,22576,0.001,1.0866525173187256,785
-33.56470729,12,1352,19.73,0.8208300000000002,1873,22632,0.001,1.2963006496429443,789
-33.42521803,12,1356,19.45,0.8200699999999999,1872,22728,0.001,1.975963830947876,795
-33.356279060000006,12,1360,19.74,0.8189616666666667,1871,22868,0.001,0.6691798567771912,804
-33.45774653,12,1364,20.86,0.8185183333333333,1870,22924,0.001,1.5507649183273315,807
-33.444065200000004,12,1368,21.35,0.81722,1869,23088,0.001,1.499937891960144,817
-33.361603869999996,12,1372,21.43,0.8166816666666668,1868,23156,0.001,1.5578832626342773,822
-33.29468631,12,1376,21.18,0.8160800000000001,1867,23232,0.001,2.400660276412964,826
-33.29987955,12,1380,20.85,0.8156366666666668,1866,23288,0.001,2.608797788619995,830
-33.2419084,12,1384,20.88,0.8150033333333333,1866,23368,0.001,2.5420656204223633,835
-33.13419021,12,1388,21.11,0.81456,1865,23424,0.001,1.9743797779083252,838
-33.253670099999994,12,1392,20.97,0.8139266666666667,1864,23504,0.001,2.222245454788208,843
-33.149297929999996,12,1396,21.67,0.8130716666666666,1863,23612,0.001,1.7665246725082397,850
-33.158895519999994,12,1400,21.61,0.8127549999999999,1862,23652,0.001,0.8317928910255432,853
-33.01983474,12,1404,21.48,0.8121216666666667,1861,23732,0.001,2.636687994003296,858
-33.00849933000001,12,1408,21.47,0.8114883333333334,1860,23812,0.001,1.4596571922302246,863
-33.17641526999999,12,1412,21.33,0.8112033333333334,1860,23848,0.001,1.3080103397369385,865
-33.16928463,12,1416,21.13,0.8108549999999999,1858,23892,0.001,1.7188732624053955,868
-33.14915346,12,1420,21.09,0.8102216666666666,1857,23972,0.001,1.5422303676605225,873
-33.21226306,12,1424,20.82,0.8096833333333332,1855,24040,0.001,1.3396711349487305,877
-33.70818592,13,1428,19.85,0.8088916666666667,1854,24140,0.001,1.9728662967681885,883
-33.891894390000004,13,1432,20.12,0.8081633333333333,1852,24232,0.001,1.7088216543197632,889
-33.88723118,13,1436,20.24,0.8077833333333334,1851,24280,0.001,1.7123825550079346,892
-33.921131200000005,13,1440,20.16,0.8065166666666667,1850,24440,0.001,1.7386572360992432,902
-33.63268675,13,1444,19.51,0.8060733333333333,1848,24496,0.001,2.0316808223724365,905
-33.68795752,13,1448,19.99,0.8054083333333334,1847,24580,0.001,0.9056738018989563,911
-33.63526598,13,1452,20.14,0.8051550000000001,1846,24612,0.001,1.552222728729248,913
-33.782401889999996,13,1456,20.1,0.804585,1846,24684,0.001,1.516168236732483,917
-33.85633613,13,1460,19.7,0.8038883333333332,1845,24772,0.001,1.5498448610305786,923
-33.77047772,13,1464,19.2,0.8031600000000001,1845,24864,0.001,1.3021702766418457,928
-33.772585790000015,13,1468,18.47,0.8028750000000001,1844,24900,0.001,1.9963610172271729,931
-33.84406429,13,1472,17.94,0.8023683333333334,1843,24964,0.001,3.001551389694214,935
-33.880356,13,1476,17.83,0.8017666666666666,1842,25040,0.001,2.1396632194519043,939
-33.88385666,13,1480,18.06,0.8011966666666666,1841,25112,0.001,1.940585970878601,944
-33.921797950000006,13,1484,18.09,0.8007216666666667,1840,25172,0.001,2.1231729984283447,948
-33.97434589,13,1488,17.67,0.8001833333333332,1839,25240,0.001,1.9852322340011597,952
-33.843546319999994,13,1492,17.69,0.7999616666666667,1839,25268,0.001,1.7459042072296143,954
-33.77742018,13,1496,16.93,0.7996133333333334,1838,25312,0.001,3.7178549766540527,956
-33.79253884,13,1500,17.87,0.7981566666666667,1838,25496,0.001,1.5885134935379028,968
-33.74285831,13,1504,17.85,0.7977133333333334,1838,25552,0.001,1.5154625177383423,971
-33.68070069,13,1508,18.42,0.797175,1837,25620,0.001,1.4719034433364868,976
-33.49179049,13,1512,18.0,0.796985,1836,25644,0.001,1.9838930368423462,977
-33.458446290000005,14,1516,17.98,0.7964783333333335,1834,25708,0.001,1.7519932985305786,981
-33.45526905,14,1520,18.12,0.7958133333333333,1833,25792,0.001,1.7482978105545044,986
-33.53233214,14,1524,18.36,0.7950533333333334,1832,25888,0.001,1.5540416240692139,992
-33.103992760000004,14,1528,18.19,0.7944833333333333,1831,25960,0.001,0.8952595591545105,997
-33.12547287999999,14,1532,18.36,0.7939766666666668,1831,26024,0.001,1.328704833984375,1001
-33.13755243,14,1536,18.08,0.7926150000000001,1831,26196,0.001,1.3097962141036987,1012
-32.972864279999996,14,1540,18.54,0.79195,1831,26280,0.001,0.870466947555542,1017
-32.92695947,14,1544,18.48,0.791475,1830,26340,0.001,1.957112193107605,1021
-32.919477660000005,14,1548,18.6,0.7906516666666665,1829,26444,0.001,1.120120882987976,1027
-32.86337311,14,1552,19.19,0.7889733333333333,1828,26656,0.001,0.8916614651679993,1040
-32.544025389999995,14,1556,20.08,0.7887833333333334,1828,26680,0.001,2.3985769748687744,1042
-32.63518082,14,1560,20.13,0.7880550000000001,1827,26772,0.001,1.5154908895492554,1048
-32.607053,14,1564,20.06,0.7875800000000002,1826,26832,0.001,0.8926619291305542,1051
-32.59349375,14,1568,19.78,0.7871366666666668,1825,26888,0.001,1.9533092975616455,1055
-32.57747595,14,1572,19.97,0.78644,1825,26976,0.001,2.4138386249542236,1060
-32.581526649999994,14,1576,20.03,0.785965,1824,27036,0.001,1.9721773862838745,1064
-32.5974258,14,1580,20.29,0.7852366666666667,1823,27128,0.001,1.7648335695266724,1070
-32.528588629999994,14,1584,20.59,0.7842233333333333,1822,27256,0.001,2.1682353019714355,1078
-32.461961089999996,14,1588,20.91,0.7838433333333332,1821,27304,0.001,2.175825595855713,1081
-32.43479183,15,1592,20.96,0.783305,1821,27372,0.001,1.0909593105316162,1085
-32.45681538,15,1596,21.05,0.782545,1819,27468,0.001,2.1879730224609375,1091
-32.380168360000006,15,1600,20.71,0.7821966666666667,1818,27512,0.001,1.683226466178894,1094
-32.45495013,15,1604,20.84,0.7816583333333333,1817,27580,0.001,2.5880606174468994,1098
-32.56150143,15,1608,20.25,0.7810249999999999,1816,27660,0.001,1.7284901142120361,1103
-32.654138159999995,15,1612,20.75,0.7803283333333334,1815,27748,0.001,1.5606451034545898,1109
-32.68017616,15,1616,21.22,0.7794416666666667,1814,27860,0.001,1.3211476802825928,1116
-32.69624078,15,1620,21.44,0.7790616666666665,1814,27908,0.001,1.4704616069793701,1119
-32.74766856,15,1624,21.16,0.7781433333333333,1813,28024,0.001,1.5426150560379028,1126
-32.81796807,15,1628,21.63,0.7771299999999999,1812,28152,0.001,1.3200634717941284,1134
-32.603264839999994,15,1632,21.41,0.7766866666666665,1812,28208,0.001,2.332639455795288,1137
-32.596239909999994,15,1636,21.8,0.7760533333333334,1811,28288,0.001,2.1801376342773438,1142
-32.87894619,15,1640,20.48,0.77561,1810,28344,0.001,0.6893584728240967,1146
-32.88044499000001,15,1644,20.69,0.7751033333333335,1809,28408,0.001,1.0835649967193604,1150
-32.813638710000006,15,1648,20.63,0.7744699999999999,1809,28488,0.001,1.3347976207733154,1155
-32.758719299999996,15,1652,19.93,0.7739000000000001,1810,28560,0.001,1.72308349609375,1159
-32.94848041,15,1656,19.2,0.7731399999999999,1810,28656,0.001,1.7574875354766846,1165
-32.86985932,15,1660,19.6,0.7725383333333333,1809,28732,0.001,1.7155959606170654,1170
-32.790739720000005,15,1664,19.8,0.7713983333333334,1809,28876,0.001,2.6397390365600586,1179
-32.73419285000001,15,1668,20.24,0.77086,1809,28944,0.001,1.763122320175171,1183
-32.66687545,16,1672,20.35,0.7704799999999998,1808,28992,0.001,1.7361189126968384,1186
-32.6629909,16,1676,20.6,0.7700049999999999,1807,29052,0.001,2.2260894775390625,1190
-32.696041179999995,16,1680,20.05,0.7694666666666667,1806,29120,0.001,1.9557839632034302,1194
-32.84325052,16,1684,20.16,0.7684216666666668,1805,29252,0.001,1.3134514093399048,1203
-32.813523430000004,16,1688,20.23,0.767725,1805,29340,0.001,1.1333551406860352,1208
-32.977970629999994,16,1692,20.18,0.7672816666666666,1804,29396,0.001,0.8750112056732178,1212
-32.98996811000001,16,1696,21.39,0.7657299999999999,1804,29592,0.001,2.1022331714630127,1224
-32.86329366,16,1700,21.38,0.765065,1803,29676,0.001,3.44046688079834,1229
-32.792178220000004,16,1704,21.88,0.7641466666666668,1803,29792,0.001,0.9081621170043945,1236
-32.68520151,16,1708,22.02,0.7636716666666667,1802,29852,0.001,1.766809344291687,1240
-32.64775651,16,1712,21.89,0.7631966666666669,1801,29912,0.001,0.8711133003234863,1244
-32.698624620000004,16,1716,21.52,0.762785,1801,29964,0.001,1.3265713453292847,1247
-32.64941461,17,1720,21.25,0.7617716666666667,1745,30092,0.001,2.6031007766723633,1255
-32.48594593,17,1724,21.91,0.7608216666666665,1745,30212,0.001,2.8559513092041016,1263
-32.51078519,17,1728,21.54,0.7599983333333333,1745,30316,0.001,1.3462278842926025,1269
-32.54115273,17,1732,21.81,0.7597449999999999,1745,30348,0.001,1.327452301979065,1271
-32.536769389999996,17,1736,21.46,0.7588266666666666,1746,30464,0.001,1.9602011442184448,1278
-32.319548649999994,17,1740,22.84,0.7572750000000001,1747,30660,0.001,1.304362177848816,1291
-32.34200428,17,1744,22.73,0.75699,1747,30696,0.001,0.7053795456886292,1293
-32.44215696999999,17,1748,22.74,0.7564200000000001,1747,30768,0.001,1.3319153785705566,1297
-32.645361120000004,17,1752,22.83,0.756135,1747,30804,0.001,1.748920202255249,1300
-32.63311948,17,1756,22.54,0.7554383333333333,1747,30892,0.001,1.085348129272461,1305
-32.56704905,17,1760,22.78,0.7542983333333335,1748,31036,0.001,0.8839013576507568,1314
-32.75006285,17,1764,22.8,0.7538233333333333,1748,31096,0.001,1.4717904329299927,1318
-32.82004364,17,1768,22.31,0.7534433333333335,1748,31144,0.001,1.9478697776794434,1321
-32.87111586,17,1772,22.13,0.7527783333333333,1748,31228,0.001,1.078371286392212,1326
-32.91633832,17,1776,22.41,0.7518283333333333,1748,31348,0.001,1.7439477443695068,1334
-32.83135948,18,1780,23.16,0.7506250000000001,1749,31500,0.001,2.1915769577026367,1343
-32.70209371000001,18,1784,23.24,0.7498966666666667,1749,31592,0.001,1.071268081665039,1349
-32.741317640000005,18,1788,23.4,0.7496116666666667,1748,31628,0.001,1.0831855535507202,1351
-32.633686770000004,18,1792,22.85,0.7492,1748,31680,0.001,3.2106332778930664,1354
-32.605085990000006,18,1796,21.82,0.7483766666666667,1748,31784,0.001,2.0065557956695557,1361
-32.73202147,18,1800,21.75,0.7480916666666668,1747,31820,0.001,1.937305212020874,1363
-32.77000132,18,1804,21.05,0.7474583333333332,1747,31900,0.001,1.7250375747680664,1368
-32.87372749,18,1808,20.91,0.7468883333333335,1747,31972,0.001,2.0749502182006836,1373
-32.7741224,18,1812,20.99,0.7465716666666666,1746,32012,0.001,1.7572784423828125,1375
-32.80761674,18,1816,21.87,0.7450833333333335,1746,32200,0.001,1.130564570426941,1387
-32.8265915,18,1820,21.64,0.7447033333333334,1745,32248,0.001,1.9708032608032227,1390
-32.72062615,18,1824,21.27,0.7439433333333334,1744,32344,0.001,1.6793714761734009,1396
-32.680039879999995,18,1828,21.2,0.743405,1744,32412,0.001,1.1148954629898071,1400
-32.696906049999996,18,1832,20.84,0.7428983333333334,1743,32476,0.001,1.7633545398712158,1404
-32.64312447,18,1836,21.21,0.7420116666666667,1743,32588,0.001,0.6434391736984253,1411
-32.730557469999994,18,1840,20.26,0.7416950000000001,1743,32628,0.001,1.7432613372802734,1414
-32.689508329999995,18,1844,20.02,0.7414733333333333,1743,32656,0.001,1.7812399864196777,1415
-32.60903305,18,1848,19.68,0.74084,1742,32736,0.001,2.3683807849884033,1420
-32.379558870000004,18,1852,19.5,0.7404283333333332,1742,32788,0.001,2.6439764499664307,1424
-32.42214051,18,1856,20.0,0.7397316666666666,1742,32876,0.001,0.8733034133911133,1429
-32.52215053,18,1860,19.73,0.7389083333333334,1741,32980,0.001,1.2977876663208008,1436
-32.34274482,18,1864,19.28,0.7382433333333335,1741,33064,0.001,1.2961597442626953,1441
-32.31522064000001,19,1868,19.74,0.7377683333333334,1740,33124,0.001,1.5375458002090454,1445
-32.30006161,19,1872,19.67,0.7373566666666669,1740,33176,0.001,1.292377233505249,1448
-32.06419069,19,1876,20.33,0.7363433333333335,1739,33304,0.001,1.9679900407791138,1456
-32.14362477,19,1880,19.61,0.7350133333333335,1739,33472,0.001,1.0789095163345337,1466
-32.135213990000004,19,1884,19.3,0.7345066666666666,1739,33536,0.001,1.7246570587158203,1470
-32.07040910999999,19,1888,19.35,0.7336833333333335,1739,33640,0.001,2.4002323150634766,1477
-32.45129077,19,1892,20.24,0.7330183333333333,1739,33724,0.001,1.1521764993667603,1482
-32.584117760000005,19,1896,20.42,0.7326383333333335,1739,33772,0.001,1.3571752309799194,1485
-32.637994770000006,19,1900,19.9,0.7321950000000002,1738,33828,0.001,0.47923269867897034,1489
-32.63327411,19,1904,20.12,0.7314350000000001,1738,33924,0.001,1.1340728998184204,1495
-32.59855513,19,1908,20.41,0.7310233333333334,1737,33976,0.001,1.9078826904296875,1498
-32.66209831,19,1912,20.12,0.7307383333333334,1737,34012,0.001,1.2753114700317383,1500
-32.529299259999995,19,1916,19.63,0.7296933333333334,1737,34144,0.001,1.7523789405822754,1508
-32.59108755,19,1920,20.46,0.7287750000000002,1735,34260,0.001,1.0849045515060425,1516
-32.7824751,19,1924,19.96,0.7282366666666666,1733,34328,0.001,1.3242435455322266,1520
-32.81745516,19,1928,20.18,0.7276666666666667,1730,34400,0.001,2.1246607303619385,1524
-32.758882699999994,20,1932,20.68,0.7265266666666668,1726,34544,0.001,1.0242979526519775,1533
-32.810396510000004,20,1936,20.55,0.7259883333333335,1723,34612,0.001,1.7054712772369385,1538
-32.86287209000001,20,1940,21.16,0.7249116666666668,1719,34748,0.001,1.5329822301864624,1546
-32.87074979,20,1944,21.51,0.724215,1716,34836,0.001,1.996203899383545,1552
-33.25809860000001,20,1948,22.25,0.7231066666666668,1713,34976,0.001,1.102723479270935,1560
-33.23390538,20,1952,22.38,0.7229166666666667,1711,35000,0.001,1.3038437366485596,1562
-33.28938113,20,1956,21.97,0.7220616666666668,1707,35108,0.001,1.9703885316848755,1569
-33.31203326,20,1960,22.11,0.7214916666666668,1705,35180,0.001,1.0700881481170654,1573
-33.37842007999999,20,1964,22.2,0.7207316666666665,1701,35276,0.001,2.1145410537719727,1579
-33.42312642,20,1968,22.32,0.7197183333333335,1697,35404,0.001,1.1186655759811401,1587
-33.40738202,20,1972,23.33,0.7187683333333332,1693,35524,0.001,0.9026878476142883,1595
-33.83260806,21,1976,22.66,0.7182933333333333,1692,35584,0.001,1.3329938650131226,1598
-33.83898788999999,21,1980,22.33,0.7173750000000001,1690,35700,0.001,0.7052080631256104,1606
-34.01217285,21,1984,22.72,0.71709,1689,35736,0.001,1.2801833152770996,1608
-34.09069792999999,21,1988,22.14,0.7163933333333332,1689,35824,0.001,1.720635175704956,1613
-34.04835755,21,1992,22.37,0.7150950000000001,1687,35988,0.001,1.026188611984253,1624
-33.92028920999999,21,1996,22.98,0.7143983333333334,1687,36076,0.001,2.2340872287750244,1629
-33.85446153,21,2000,23.74,0.7131316666666666,1686,36236,0.001,1.737465739250183,1639
-33.91837966,21,2004,23.94,0.7127833333333333,1685,36280,0.001,1.7503058910369873,1642
-33.90060374,21,2008,23.93,0.7118966666666666,1685,36392,0.001,1.7610032558441162,1649
-33.8809287,21,2012,24.1,0.7108833333333333,1684,36520,0.001,0.4415619373321533,1657
-33.64755941,21,2016,24.62,0.7104716666666668,1684,36572,0.001,1.282599925994873,1660
-33.63820487,21,2020,23.8,0.7098066666666667,1684,36656,0.001,0.8643541932106018,1665
-33.6586886,21,2024,23.96,0.7095216666666666,1683,36692,0.001,2.3467917442321777,1668
-33.62991794,21,2028,23.87,0.7084450000000001,1682,36828,0.001,0.8997223973274231,1676
-33.65172263,21,2032,23.27,0.7079700000000001,1681,36888,0.001,0.2404881864786148,1680
-33.57375838,21,2036,23.41,0.7076850000000001,1681,36924,0.001,1.2128796577453613,1682
-33.56981073,22,2040,22.59,0.7072099999999999,1680,36984,0.001,1.35487699508667,1686
-33.48989130999999,22,2044,22.88,0.7057216666666668,1679,37172,0.001,1.2889991998672485,1698
-33.09233485000001,22,2048,22.84,0.7053100000000001,1679,37224,0.001,1.2975871562957764,1701
-33.12055894,22,2052,22.63,0.7049616666666666,1678,37268,0.001,1.9499653577804565,1704
-33.03774113,22,2056,23.14,0.7037266666666667,1678,37424,0.001,2.008985996246338,1713
-32.99403007,22,2060,23.37,0.7026183333333332,1677,37564,0.001,1.299035906791687,1722
-32.999500669999996,22,2064,23.8,0.7014783333333334,1676,37708,0.001,2.314455509185791,1731
-32.92856587000001,22,2068,23.4,0.7011616666666668,1676,37748,0.001,1.539171814918518,1734
-32.86665702,22,2072,23.04,0.7004016666666668,1675,37844,0.001,1.502949595451355,1740
-32.464105690000004,22,2076,23.09,0.6997366666666667,1675,37928,0.001,0.712935745716095,1745
-32.42773486,22,2080,23.11,0.6991983333333335,1674,37996,0.001,0.8760412335395813,1749
-32.21781678,22,2084,23.13,0.6985649999999999,1673,38076,0.001,2.1176328659057617,1754
-32.18405137,22,2088,23.39,0.69809,1673,38136,0.001,1.7808769941329956,1758
-31.889745129999998,22,2092,22.62,0.6972666666666668,1672,38240,0.001,2.2330405712127686,1764
-31.857725799999997,22,2096,21.9,0.69676,1672,38304,0.001,1.919576644897461,1768
-31.800246259999994,22,2100,21.99,0.6964433333333333,1672,38344,0.001,1.1118438243865967,1771
-31.793461810000004,23,2104,21.87,0.6951766666666668,1671,38504,0.001,1.1419183015823364,1781
-31.83451457,23,2108,21.73,0.694385,1671,38604,0.001,0.6935577392578125,1787
-31.943622089999995,23,2112,22.28,0.6935933333333334,1670,38704,0.001,1.5611053705215454,1793
-32.20967414,23,2116,22.15,0.6927066666666668,1670,38816,0.001,1.308585524559021,1800
-32.1435046,23,2120,22.74,0.6916933333333334,1670,38944,0.001,0.6582872271537781,1808
-32.07448581000001,23,2124,22.99,0.6913450000000001,1669,38988,0.001,2.2048122882843018,1811
-32.09860502000001,23,2128,23.31,0.6899516666666666,1668,39164,0.001,1.9716230630874634,1822
-32.14205038,23,2132,23.54,0.6892866666666668,1668,39248,0.001,0.867927610874176,1827
-32.09800537,23,2136,23.78,0.688305,1667,39372,0.001,1.3520746231079102,1835
-31.95572034,23,2140,24.65,0.68783,1666,39432,0.001,1.3175824880599976,1839
-32.443730699999996,23,2144,24.2,0.6864683333333335,1665,39604,0.001,0.6804277896881104,1850
-32.663395879999996,23,2148,24.53,0.6855816666666668,1665,39716,0.001,1.3335015773773193,1857
-32.72139997,23,2152,25.26,0.684695,1665,39828,0.001,2.0178167819976807,1864
-32.6856743,23,2156,24.89,0.6842200000000002,1664,39888,0.001,2.6279518604278564,1867
-32.672751909999995,24,2160,24.11,0.683365,1663,39996,0.001,1.9566272497177124,1874
-32.56748862,24,2164,24.05,0.6826366666666668,1662,40088,0.001,0.9074877500534058,1880
-32.52083456,24,2168,24.24,0.6821616666666668,1662,40148,0.001,1.5097352266311646,1884
-32.71550435,24,2172,23.96,0.6816866666666668,1661,40208,0.001,1.1418726444244385,1887
-32.88306962,24,2176,23.79,0.6802933333333332,1661,40384,0.001,1.3387830257415771,1898
-32.77453685999999,24,2180,24.71,0.6795966666666666,1660,40472,0.001,1.3069210052490234,1904
-32.740953309999995,24,2184,24.94,0.6788366666666669,1659,40568,0.001,1.5546756982803345,1910
-32.80771342,24,2188,24.82,0.6779816666666667,1658,40676,0.001,1.5353691577911377,1917
-32.63681908,24,2192,25.66,0.67719,1658,40776,0.001,1.9056612253189087,1923
-32.70588001000001,24,2196,25.51,0.6766833333333334,1657,40840,0.001,1.4279656410217285,1927
-32.69380955,24,2200,25.75,0.6759233333333334,1657,40936,0.001,1.5895051956176758,1933
-32.73877741,24,2204,25.87,0.6748150000000002,1656,41076,0.001,1.7810945510864258,1942
-32.732793109999996,24,2208,25.93,0.6741183333333335,1655,41164,0.001,0.918156087398529,1947
-32.65675753000001,24,2212,25.65,0.6732316666666668,1655,41276,0.001,1.7638323307037354,1954
-32.617607220000004,25,2216,25.83,0.6720600000000001,1654,41424,0.001,1.3199255466461182,1963
-32.67025959,25,2220,25.55,0.6713316666666667,1654,41516,0.001,2.179994821548462,1969
-32.631826530000005,25,2224,25.59,0.6709516666666666,1654,41564,0.001,1.7386982440948486,1972
-32.59900431,25,2228,25.15,0.6701916666666666,1653,41660,0.001,1.1269383430480957,1978
-32.567926469999996,25,2232,24.78,0.6695266666666668,1653,41744,0.001,1.2875531911849976,1983
-32.57876125,25,2236,24.75,0.66883,1652,41832,0.001,1.5789568424224854,1989
-32.69174877,25,2240,24.77,0.6677850000000001,1652,41964,0.001,1.9386917352676392,1997
-32.29957951,25,2244,24.88,0.6673733333333334,1651,42016,0.001,1.5272818803787231,2000
-32.102301409999995,25,2248,23.88,0.6667083333333335,1651,42100,0.001,1.3523156642913818,2006
-32.102688879999995,25,2252,24.14,0.6658216666666668,1651,42212,0.001,1.7027966976165771,2013
-32.11804559,25,2256,24.28,0.6650299999999999,1650,42312,0.001,1.7049331665039062,2019
-32.138410719999996,25,2260,24.86,0.6642066666666667,1651,42416,0.001,1.8914035558700562,2025
-32.23743997,25,2264,24.34,0.6639216666666667,1650,42452,0.001,1.8033543825149536,2028
-32.29507159,25,2268,24.08,0.6632566666666666,1650,42536,0.001,1.2844669818878174,2033
-32.188334090000005,25,2272,23.84,0.6627183333333334,1649,42604,0.001,1.1179485321044922,2037
-32.16481798,25,2276,23.9,0.661705,1649,42732,0.001,1.0717978477478027,2045
-32.12208819,25,2280,23.47,0.6613249999999999,1648,42780,0.001,2.4237546920776367,2048
-32.18426816000001,26,2284,22.78,0.6605650000000003,1648,42876,0.001,2.6402499675750732,2054
-32.35485033,26,2288,23.19,0.6597100000000001,1648,42984,0.001,1.9604741334915161,2061
-32.379029200000005,26,2292,23.02,0.6582216666666667,1647,43172,0.001,1.2862776517868042,2073
-32.03272861000001,26,2296,24.09,0.6573033333333332,1646,43288,0.001,1.752740740776062,2080
-31.764831650000005,26,2300,24.44,0.65629,1646,43416,0.001,0.721943736076355,2088
-31.70815328,26,2304,24.23,0.6558150000000003,1646,43476,0.001,1.1501190662384033,2092
-31.682329890000002,26,2308,23.59,0.6555616666666668,1645,43508,0.001,1.3491597175598145,2094
-31.62736006,26,2312,23.66,0.654865,1645,43596,0.001,0.8625065684318542,2099
-31.571174099999993,26,2316,23.4,0.6538833333333335,1644,43720,0.001,1.9428377151489258,2107
-31.5184237,26,2320,23.3,0.6528383333333335,1644,43852,0.001,0.8890092372894287,2115
-31.475307129999997,26,2324,23.35,0.65249,1643,43896,0.001,0.8779027462005615,2118
-31.4274762,26,2328,23.5,0.6514766666666667,1643,44024,0.001,1.5978633165359497,2126
-31.245674720000007,26,2332,23.95,0.65059,1642,44136,0.001,1.3747318983078003,2133
-31.319174550000003,26,2336,23.68,0.6499566666666667,1641,44216,0.001,1.3283945322036743,2138
-31.3194763,26,2340,23.26,0.6496083333333335,1641,44260,0.001,0.6803895235061646,2141
-31.321857030000004,27,2344,22.96,0.6489116666666668,1641,44348,0.001,0.8850698471069336,2146
-31.21488802,27,2348,23.37,0.6479933333333334,1640,44464,0.001,2.182006597518921,2153
-31.029082789999997,27,2352,23.2,0.6471066666666667,1640,44576,0.001,2.146224021911621,2160
-31.19755447,27,2356,24.07,0.6459350000000001,1640,44724,0.001,1.3000741004943848,2170
-31.119327489999996,27,2360,23.78,0.6448900000000001,1640,44856,0.001,1.747839093208313,2178
-31.103811959999998,27,2364,24.55,0.6444150000000001,1640,44916,0.001,1.3212531805038452,2182
-31.18061189,28,2368,24.83,0.6434016666666668,1604,45044,0.001,1.034336805343628,2190
-31.146519650000005,28,2372,25.09,0.6429583333333334,1604,45100,0.001,1.0728507041931152,2193
-31.132669629999995,28,2376,24.77,0.6418183333333334,1604,45244,0.001,2.2843141555786133,2202
-31.015657209999993,28,2380,25.48,0.6409633333333333,1604,45352,0.001,1.1114659309387207,2209
-31.008916400000004,28,2384,25.96,0.6403933333333331,1604,45424,0.001,1.538318395614624,2213
-30.800440130000005,28,2388,25.32,0.6396966666666667,1603,45512,0.001,1.736773133277893,2219
-30.90441328,28,2392,25.06,0.6390633333333335,1603,45592,0.001,2.2472898960113525,2224
-31.259222510000004,28,2396,24.3,0.6383983333333334,1602,45676,0.001,0.8217049837112427,2229
-31.49978564,28,2400,23.88,0.6375749999999998,1602,45780,0.001,1.9758942127227783,2236
-31.563662739999998,28,2404,23.58,0.6371633333333334,1602,45832,0.001,1.7363617420196533,2239
-31.660739940000003,28,2408,23.81,0.6363716666666666,1601,45932,0.001,1.943766474723816,2245
-31.580707079999996,28,2412,24.48,0.6353266666666666,1601,46064,0.001,0.6978495717048645,2253
-31.687655720000002,28,2416,24.49,0.6339016666666668,1600,46244,0.001,1.7417675256729126,2265
-31.654733159999996,28,2420,24.84,0.6332366666666666,1600,46328,0.001,1.7725237607955933,2270
-31.71827593,29,2424,24.65,0.6319700000000001,1600,46488,0.001,0.918048083782196,2280
-31.4801694,29,2428,25.19,0.6313366666666669,1599,46568,0.001,1.3077166080474854,2285
-31.47547257,29,2432,25.31,0.6305766666666666,1599,46664,0.001,0.6331433653831482,2291
-31.41209414,29,2436,25.94,0.6296266666666668,1599,46784,0.001,1.3249644041061401,2298
-31.4813214,29,2440,25.73,0.6288350000000001,1599,46884,0.001,1.2873543500900269,2305
-31.35891601,29,2444,26.39,0.6280433333333335,1599,46984,0.001,1.685194492340088,2311
-31.459466470000006,29,2448,26.3,0.6275366666666666,1598,47048,0.001,1.6748582124710083,2315
-31.584404880000008,29,2452,25.81,0.6270933333333333,1598,47104,0.001,3.18500018119812,2318
-31.438090020000008,29,2456,24.77,0.6264600000000001,1598,47184,0.001,0.8819977641105652,2323
-31.44737286,29,2460,24.48,0.6258583333333334,1597,47260,0.001,1.9358865022659302,2328
-31.317884729999996,29,2464,24.1,0.6252566666666668,1597,47336,0.001,2.51882004737854,2333
-31.31327752,29,2468,23.8,0.62456,1597,47424,0.001,1.9800294637680054,2338
-31.307470850000005,29,2472,23.92,0.6230083333333332,1596,47620,0.001,1.5450928211212158,2351
-30.83548492,29,2476,25.28,0.6225966666666667,1596,47672,0.001,0.835537314414978,2354
-31.140460669999996,29,2480,23.81,0.6216466666666667,1596,47792,0.001,2.592190742492676,2361
-30.90917356,29,2484,24.33,0.6210766666666665,1595,47864,0.001,1.610482931137085,2366
-30.936818669999997,30,2488,24.48,0.6199366666666668,1595,48008,0.001,1.8497004508972168,2375
-30.595143550000003,30,2492,25.27,0.6188283333333333,1594,48148,0.001,1.332234501838684,2384
-30.407061289999998,30,2496,25.43,0.61848,1594,48192,0.001,1.3655344247817993,2386
-30.514922659999996,30,2500,24.89,0.61772,1594,48288,0.001,1.2350575923919678,2392
-30.507121040000005,30,2504,24.83,0.6173083333333333,1594,48340,0.001,0.8303121328353882,2396
-30.413839279999998,30,2508,25.09,0.6167066666666667,1594,48416,0.001,1.4902637004852295,2400
-30.486762240000004,30,2512,24.73,0.6159466666666666,1593,48512,0.001,1.2774780988693237,2406
-30.32347969,30,2516,24.76,0.6148383333333336,1593,48652,0.001,1.2881450653076172,2415
-30.387420259999995,30,2520,24.12,0.6141100000000002,1592,48744,0.001,1.7400802373886108,2421
-30.322913860000003,30,2524,24.72,0.6129066666666668,1592,48896,0.001,1.0613796710968018,2430
-30.50983219,30,2528,25.0,0.6116400000000001,1592,49056,0.001,1.6364688873291016,2440
-30.746759660000002,30,2532,25.4,0.6102783333333335,1592,49228,0.001,0.6862866878509521,2451
-30.628415000000004,30,2536,25.4,0.6097716666666668,1591,49292,0.001,1.720946192741394,2455
-30.4813485,31,2540,25.66,0.6083466666666667,1591,49472,0.001,2.274289608001709,2466
-30.342464,31,2544,25.97,0.60765,1591,49560,0.001,1.0830565690994263,2472
-30.32971798,31,2548,25.9,0.6067316666666667,1590,49676,0.001,1.5209705829620361,2479
-30.32008066,31,2552,26.25,0.6060666666666669,1590,49760,0.001,1.9492753744125366,2484
-30.29914601,31,2556,26.16,0.6054333333333333,1590,49840,0.001,2.115283489227295,2489
-30.22001894,31,2560,26.77,0.6044833333333335,1590,49960,0.001,1.3587826490402222,2497
-30.023456079999995,31,2564,27.53,0.6035016666666666,1589,50084,0.001,0.7484208345413208,2505
-30.008445660000003,31,2568,27.52,0.6029950000000002,1589,50148,0.001,2.1568844318389893,2509
-30.001711869999998,31,2572,27.56,0.6019183333333332,1589,50284,0.001,2.199782371520996,2517
-30.444642669999997,31,2576,26.66,0.6013483333333334,1588,50356,0.001,2.397599935531616,2522
-30.459064310000002,31,2580,26.69,0.6009366666666667,1588,50408,0.001,2.452017068862915,2525
-30.70831688,31,2584,26.09,0.60024,1588,50496,0.001,1.3444476127624512,2530
-30.67945755,31,2588,25.39,0.5996383333333333,1588,50572,0.001,1.5601611137390137,2535
-30.858890129999995,31,2592,25.15,0.5993216666666668,1587,50612,0.001,1.8025366067886353,2538
-31.020777010000003,31,2596,24.97,0.5982450000000001,1587,50748,0.001,1.1528592109680176,2546
-30.865981340000005,32,2600,25.59,0.5976433333333335,1587,50824,0.001,2.2015414237976074,2551
-30.884194480000005,32,2604,25.66,0.5972950000000002,1586,50868,0.001,1.5261037349700928,2554
-30.935199790000002,32,2608,25.56,0.5965666666666668,1586,50960,0.001,1.5218793153762817,2559
-30.921387730000003,32,2612,25.23,0.59606,1586,51024,0.001,1.1110830307006836,2563
-31.136216750000003,32,2616,24.4,0.5953,1586,51120,0.001,1.1262564659118652,2569
-31.12695715,32,2620,24.74,0.5948250000000002,1585,51180,0.001,1.051530361175537,2573
-31.19504263,32,2624,23.96,0.594445,1585,51228,0.001,1.3185940980911255,2576
-31.25297825,32,2628,23.2,0.5934950000000001,1585,51348,0.001,2.116879940032959,2584
-31.24764788,32,2632,21.86,0.5931783333333334,1585,51388,0.001,1.5331306457519531,2586
-31.299015540000006,32,2636,21.83,0.5915633333333334,1585,51592,0.001,0.9946959614753723,2599
-31.393949069999998,32,2640,21.86,0.5910883333333334,1585,51652,0.001,1.389055609703064,2603
-31.843862559999998,32,2644,21.57,0.5906133333333334,1585,51712,0.001,2.147937059402466,2606
-31.779413219999995,32,2648,22.0,0.5895050000000001,1584,51852,0.001,1.1395492553710938,2615
-31.76817398,32,2652,21.58,0.5891566666666668,1584,51896,0.001,0.897627055644989,2618
-31.75818947,32,2656,21.56,0.5887766666666667,1584,51944,0.001,2.8389434814453125,2621
-31.846124239999998,32,2660,21.1,0.5879216666666667,1584,52052,0.001,1.782071828842163,2628
-32.04235936,32,2664,20.3,0.5871616666666666,1584,52148,0.001,1.1501322984695435,2634
-31.53646049,33,2668,21.26,0.5861483333333333,1584,52276,0.001,1.5750668048858643,2642
-31.5314995,33,2672,20.81,0.5858000000000001,1584,52320,0.001,3.278352975845337,2644
-31.364760469999993,33,2676,21.07,0.58447,1583,52488,0.001,1.9481332302093506,2655
-31.172492000000002,33,2680,21.57,0.5837416666666666,1583,52580,0.001,1.353434681892395,2661
-31.18205929,33,2684,21.55,0.5831716666666666,1583,52652,0.001,1.7601335048675537,2665
-31.257288900000002,33,2688,21.62,0.5824750000000001,1582,52740,0.001,2.210773229598999,2671
-31.319711979999997,33,2692,21.38,0.581715,1582,52836,0.001,0.4981463551521301,2677
-31.366949870000003,33,2696,22.11,0.5808283333333333,1582,52948,0.001,1.320831537246704,2684
-31.35550655,33,2700,22.41,0.5795933333333333,1582,53104,0.001,0.8986954689025879,2693
-31.07461402,33,2704,22.93,0.5788966666666666,1582,53192,0.001,1.1068432331085205,2699
-31.317152370000002,33,2708,23.57,0.5779466666666666,1582,53312,0.001,1.9568736553192139,2706
-31.29044609,33,2712,23.86,0.5768383333333335,1582,53452,0.001,2.866384983062744,2715
-31.16159652,33,2716,24.07,0.5760466666666666,1582,53552,0.001,1.3051825761795044,2721
-31.55140087,33,2720,23.77,0.575445,1582,53628,0.001,0.837283730506897,2726
-31.226444660000006,33,2724,24.68,0.5745583333333333,1582,53740,0.001,1.1283719539642334,2733
-31.12205721999999,34,2728,24.91,0.57383,1581,53832,0.001,0.8694994449615479,2739
-31.11036302,34,2732,25.33,0.5729750000000001,1581,53940,0.001,1.519522786140442,2746
-31.088150669999994,34,2736,25.39,0.5724683333333334,1580,54004,0.001,1.9030705690383911,2750
-31.082955450000004,34,2740,24.73,0.5715816666666667,1580,54116,0.001,2.1196017265319824,2757
-30.74880345,34,2744,24.86,0.5709483333333334,1579,54196,0.001,1.1311650276184082,2762
-30.79230313,34,2748,24.32,0.5697133333333334,1579,54352,0.001,1.965204119682312,2771
-30.68250815,34,2752,25.93,0.5678449999999999,1579,54588,0.001,0.8668408393859863,2786
-30.446211179999995,34,2756,26.79,0.5674016666666666,1579,54644,0.001,1.7728694677352905,2790
-30.371350189999998,34,2760,27.1,0.5667050000000002,1579,54732,0.001,0.4317500591278076,2795
-30.448284360000002,34,2764,27.03,0.5660083333333334,1578,54820,0.001,0.6458330154418945,2801
-30.977436080000004,34,2768,25.93,0.5653116666666667,1578,54908,0.001,0.9069821834564209,2806
-30.785414940000006,34,2772,26.66,0.5644883333333333,1577,55012,0.001,0.676386833190918,2813
-30.956106169999998,34,2776,26.21,0.5638233333333333,1577,55096,0.001,0.6871549487113953,2818
-31.15424826,34,2780,25.61,0.5633166666666668,1577,55160,0.001,1.3003463745117188,2822
-31.172619339999997,35,2784,25.67,0.5627783333333334,1577,55228,0.001,1.4940063953399658,2826
-31.00975608,35,2788,26.12,0.5622716666666667,1576,55292,0.001,1.3522083759307861,2830
-31.45422286,35,2792,26.45,0.5611633333333333,1576,55432,0.001,1.1356513500213623,2839
-31.24869418,35,2796,26.13,0.5603716666666667,1576,55532,0.001,1.9072716236114502,2845
-31.445808320000005,35,2800,25.48,0.5596116666666668,1576,55628,0.001,2.226224422454834,2851
-31.6262838,35,2804,25.62,0.55863,1576,55752,0.001,1.5439280271530151,2859
-31.31759223,35,2808,25.54,0.5571416666666666,1576,55940,0.001,1.7616326808929443,2871
-31.21040848,35,2812,26.37,0.5562233333333334,1576,56056,0.001,1.9910900592803955,2878
-31.632067360000004,35,2816,26.45,0.5555900000000001,1576,56136,0.001,0.8819625973701477,2883
-31.19314765,35,2820,27.09,0.5541333333333335,1577,56320,0.001,1.6579129695892334,2894
-31.269295509999996,35,2824,26.97,0.5534050000000001,1576,56412,0.001,2.5027503967285156,2900
-31.395592660000002,35,2828,26.65,0.5520116666666666,1576,56588,0.001,1.7774823904037476,2911
-31.153766230000006,35,2832,26.84,0.5514416666666668,1576,56660,0.001,1.3035935163497925,2916
-31.435913240000005,36,2836,27.55,0.5504916666666666,1576,56780,0.001,2.3801965713500977,2923
-31.37930865,36,2840,27.83,0.5497000000000001,1576,56880,0.001,1.12539541721344,2929
-31.544130730000003,36,2844,27.68,0.5485599999999999,1575,57024,0.001,2.5078186988830566,2938
-31.436633499999992,36,2848,28.27,0.5480216666666669,1575,57092,0.001,1.1196242570877075,2943
-31.567512459999993,36,2852,26.75,0.5473566666666667,1575,57176,0.001,0.8667087554931641,2948
-32.20678373,36,2856,26.22,0.5467233333333334,1574,57256,0.001,2.637938976287842,2953
-32.28809222,36,2860,25.87,0.5458999999999999,1574,57360,0.001,1.8676174879074097,2959
-32.23507016999999,36,2864,26.26,0.5455200000000001,1574,57408,0.001,2.200272560119629,2962
-32.26275364,36,2868,26.34,0.5447600000000001,1574,57504,0.001,1.945740818977356,2968
-32.46226583,36,2872,25.78,0.5436833333333335,1574,57640,0.001,1.2807179689407349,2977
-32.41112715,36,2876,25.98,0.54305,1574,57720,0.001,1.759645700454712,2982
-32.304506530000005,36,2880,26.71,0.5424166666666668,1574,57800,0.001,0.6417710781097412,2987
-32.24590734000001,36,2884,26.61,0.5415933333333333,1573,57904,0.001,1.4845515489578247,2993
-32.26054037,36,2888,26.75,0.5406433333333334,1573,58024,0.001,1.5081419944763184,3001
-31.80719659,36,2892,27.12,0.5395349999999999,1573,58164,0.001,0.9257165193557739,3010
-31.814652269999996,37,2896,26.95,0.538585,1573,58284,0.001,1.6523467302322388,3017
-31.337851720000003,37,2900,27.73,0.5376666666666667,1573,58400,0.001,2.745537757873535,3024
-31.41525923,37,2904,27.31,0.5370650000000001,1572,58476,0.001,1.541874647140503,3029
-31.48564226,37,2908,26.74,0.5361466666666668,1572,58592,0.001,0.2756422758102417,3036
-31.305528580000004,37,2912,26.86,0.5350700000000002,1572,58728,0.001,1.9035941362380981,3045
-31.032605450000002,37,2916,26.3,0.5346266666666666,1572,58784,0.001,1.6743525266647339,3048
-31.055959439999995,37,2920,26.22,0.5331699999999999,1572,58968,0.001,2.1062724590301514,3060
-31.195808590000006,37,2924,25.55,0.5326000000000002,1572,59040,0.001,0.823714554309845,3064
-31.354627909999998,37,2928,26.96,0.5311433333333333,1572,59224,0.001,1.3050616979599,3076
-31.21816893,37,2932,27.61,0.5296233333333334,1572,59416,0.001,1.5090523958206177,3088
-31.430209889999993,37,2936,27.74,0.5284833333333334,1572,59560,0.001,1.4325257539749146,3097
-31.27276891,37,2940,27.94,0.5277233333333334,1572,59656,0.001,0.43105968832969666,3103
-31.059195380000006,38,2944,28.23,0.5259816666666666,1572,59876,0.001,1.3003239631652832,3117
-31.2114467,38,2948,27.64,0.5247466666666667,1549,60032,0.001,0.7332867383956909,3126
-30.820232540000003,38,2952,28.66,0.523765,1549,60156,0.001,1.9915357828140259,3134
-29.970704689999998,38,2956,29.24,0.52329,1549,60216,0.001,1.4945964813232422,3138
-29.720608610000003,38,2960,30.45,0.5219283333333333,1550,60388,0.001,1.6444553136825562,3149
-29.75350319,38,2964,29.79,0.521485,1550,60444,0.001,1.6346029043197632,3152
-29.458130280000006,39,2968,30.31,0.5203450000000001,1550,60588,0.001,1.3242466449737549,3161
-29.387902380000003,39,2972,30.31,0.5196166666666666,1550,60680,0.001,2.953984022140503,3167
-29.42057539,39,2976,30.31,0.5186666666666668,1550,60800,0.001,0.9011404514312744,3174
-30.38313955999999,39,2980,31.16,0.5175266666666667,1550,60944,0.001,1.3006683588027954,3183
-30.605615309999997,39,2984,31.64,0.5168299999999999,1550,61032,0.001,1.5307457447052002,3189
-30.67757609,39,2988,31.43,0.5154366666666667,1550,61208,0.001,2.4033658504486084,3200
-30.600156889999997,39,2992,30.99,0.5137583333333333,1549,61420,0.001,1.9646544456481934,3213
-35.20105355,39,2996,33.66,0.5121749999999999,1550,61620,0.001,1.398881196975708,3226
-35.5843021,39,3000,32.5,0.5117950000000001,1550,61668,0.001,2.3479504585266113,3229
-35.30587413999999,39,3004,33.28,0.5105916666666668,1549,61820,0.001,2.0920767784118652,3238
-35.39708791,39,3008,32.87,0.5100533333333334,1549,61888,0.001,0.7143357992172241,3242
-35.563517690000005,40,3012,32.36,0.5090083333333335,1549,62020,0.001,0.9733455181121826,3251
-35.50363154,40,3016,33.83,0.50771,1549,62184,0.001,1.1608315706253052,3261
-35.8849062,40,3020,33.85,0.5068866666666668,1549,62288,0.001,0.47728094458580017,3267
-35.93144357,40,3024,34.13,0.5056516666666666,1549,62444,0.001,1.796167254447937,3277
-35.50132089,40,3028,33.42,0.5049866666666667,1549,62528,0.001,1.9985170364379883,3282
-35.76354365,40,3032,32.74,0.5039416666666667,1548,62660,0.001,1.3680214881896973,3291
-35.08907697,40,3036,32.16,0.5030866666666667,1548,62768,0.001,1.7421354055404663,3297
-35.251703150000004,40,3040,32.01,0.5018516666666668,1548,62924,0.001,2.41477632522583,3307
-35.158309290000005,40,3044,32.11,0.50087,1548,63048,0.001,1.0139602422714233,3315
-35.362329290000005,40,3048,31.48,0.50011,1548,63144,0.001,0.23545730113983154,3321
-35.42398949,40,3052,31.26,0.4988750000000002,1548,63300,0.001,2.0459344387054443,3331
-35.35871439,40,3056,31.49,0.49839999999999995,1548,63360,0.001,1.9518433809280396,3334
-35.439794830000004,40,3060,30.9,0.4976083333333333,1548,63460,0.001,1.2732813358306885,3341
-35.60320161,41,3064,31.26,0.49650000000000016,1548,63600,0.001,1.7256327867507935,3349
-35.83150381,41,3068,30.83,0.4955816666666666,1548,63716,0.001,1.5026136636734009,3357
-35.540885059999994,41,3072,31.64,0.49478999999999995,1547,63816,0.001,0.9106185436248779,3363
-35.37354094999999,41,3076,31.81,0.49422,1547,63888,0.001,1.1938093900680542,3367
-34.47881598000001,41,3080,30.71,0.4935550000000001,1547,63972,0.001,0.9696410298347473,3373
-34.2637938,41,3084,30.15,0.4929216666666666,1547,64052,0.001,1.8438009023666382,3378
-34.16407648,41,3088,30.47,0.4918766666666665,1547,64184,0.001,1.0426063537597656,3386
-34.31512431,41,3092,29.91,0.49118000000000006,1547,64272,0.001,0.5210912227630615,3391
-29.583830749999997,41,3096,27.54,0.4902300000000003,1547,64392,0.001,1.765580415725708,3399
-29.4808088,41,3100,28.18,0.4888366666666667,1547,64568,0.001,2.9997334480285645,3410
-28.960557140000002,41,3104,29.48,0.4878233333333334,1547,64696,0.001,1.325977087020874,3418
-29.536545110000002,41,3108,30.0,0.48643000000000014,1547,64872,0.001,2.175204038619995,3429
-29.45196305,42,3112,30.25,0.4851000000000001,1547,65040,0.001,1.5669625997543335,3439
-29.318475719999995,42,3116,29.58,0.4846250000000001,1546,65100,0.001,1.1362241506576538,3443
-28.997953129999996,42,3120,29.13,0.4836433333333333,1546,65224,0.001,0.8176445960998535,3451
-28.939421590000002,42,3124,29.37,0.4826616666666669,1546,65348,0.001,1.074892282485962,3459
-29.995613760000005,42,3128,29.03,0.4820283333333333,1546,65428,0.001,1.611557960510254,3464
-30.13175037,42,3132,28.67,0.4816166666666668,1546,65480,0.001,2.0809638500213623,3467
-30.347352939999997,42,3136,28.24,0.48012833333333327,1546,65668,0.001,0.9323304295539856,3479
-30.75508847,42,3140,28.34,0.47902,1546,65808,0.001,1.4184539318084717,3487
-32.08726867,42,3144,29.18,0.4777850000000001,1546,65964,0.001,1.1269323825836182,3497
-32.12326255,42,3148,29.45,0.47658166666666657,1546,66116,0.001,0.9958804845809937,3507
-32.17904439,42,3152,29.46,0.4757583333333334,1546,66220,0.001,0.9100359678268433,3513
-32.20616447,42,3156,30.02,0.47484000000000015,1546,66336,0.001,0.7246773838996887,3520
-32.353012809999996,42,3160,29.68,0.4739216666666668,1545,66452,0.001,1.822014331817627,3528
-32.23263935999999,43,3164,29.82,0.4732250000000001,1545,66540,0.001,1.8709403276443481,3533
-32.34905426,43,3168,30.33,0.47176833333333335,1546,66724,0.001,1.4948779344558716,3545
-32.38482096,43,3172,29.58,0.4710716666666669,1546,66812,0.001,1.3202569484710693,3550
-32.501161689999996,43,3176,29.52,0.4705016666666668,1546,66884,0.001,1.8054040670394897,3555
-32.094208290000005,43,3180,30.45,0.4688866666666668,1546,67088,0.001,0.661415159702301,3567
-32.06640556,43,3184,31.64,0.4671133333333335,1546,67312,0.001,1.5174864530563354,3581
-31.852218189999995,43,3188,32.87,0.4659416666666668,1545,67460,0.001,1.331122875213623,3591
-31.795088240000005,43,3192,33.03,0.46553,1545,67512,0.001,1.0997841358184814,3594
-31.95331304,43,3196,33.1,0.46359833333333333,1545,67756,0.001,0.8486343622207642,3609
-31.93092665,43,3200,33.24,0.4628066666666668,1544,67856,0.001,0.9379252195358276,3615
-32.33363685,44,3204,32.96,0.46147666666666676,1542,68024,0.001,0.9290631413459778,3626
-31.561123560000002,44,3208,32.71,0.4610333333333334,1541,68080,0.001,1.7813737392425537,3629
-31.796110040000002,44,3212,32.24,0.4596716666666668,1539,68252,0.001,1.1082139015197754,3640
-31.68597382,44,3216,31.76,0.4585633333333333,1538,68392,0.001,1.500958800315857,3649
-32.963155830000005,44,3220,32.67,0.4574866666666667,1536,68528,0.001,0.7232344150543213,3657
-32.70061418000001,44,3224,33.47,0.45625166666666683,1534,68684,0.001,1.5572712421417236,3667
-31.890403579999997,44,3228,33.19,0.4548266666666667,1532,68864,0.001,1.1099172830581665,3678
-31.493854780000003,45,3232,34.98,0.4536866666666669,1531,69008,0.001,0.913897693157196,3687
-31.30909413,45,3236,35.32,0.4524516666666667,1531,69164,0.001,0.6982378959655762,3697
-30.81156813,45,3240,36.45,0.45086833333333354,1530,69364,0.001,0.6169129610061646,3710
-29.6569676,45,3244,34.92,0.44922166666666663,1530,69572,0.001,0.4850010275840759,3723
-29.651154760000004,45,3248,35.45,0.44858833333333337,1530,69652,0.001,0.8379189372062683,3728
-29.878205240000003,45,3252,35.62,0.44763833333333347,1529,69772,0.001,0.9055048227310181,3735
-29.85094858,45,3256,34.9,0.4469416666666667,1529,69860,0.001,0.797677755355835,3741
-30.069669259999998,45,3260,35.17,0.44615000000000016,1529,69960,0.001,1.188440203666687,3747
-29.966498519999995,45,3264,35.3,0.4451050000000001,1529,70092,0.001,1.1803377866744995,3755
-30.065410389999997,45,3268,35.26,0.4444716666666666,1529,70172,0.001,1.4139389991760254,3760
-30.375616259999994,45,3272,35.28,0.44383833333333333,1529,70252,0.001,2.0262563228607178,3765
-30.31176511,46,3276,35.16,0.4429200000000001,1529,70368,0.001,1.3712036609649658,3772
-30.55653049,46,3280,34.11,0.4420966666666667,1529,70472,0.001,1.6621241569519043,3779
-30.45419709,46,3284,33.19,0.4418433333333335,1529,70504,0.001,0.9326612949371338,3781
-30.771831419999998,46,3288,31.25,0.4413683333333335,1528,70564,0.001,0.8977392911911011,3785
-30.602874510000003,46,3292,31.6,0.44019666666666657,1528,70712,0.001,1.0842238664627075,3794
-30.549372469999998,46,3296,31.51,0.4387716666666668,1528,70892,0.001,1.5724406242370605,3805
-31.0664655,46,3300,32.14,0.43775833333333336,1528,71020,0.001,2.3820910453796387,3813
-31.09932231,46,3304,31.11,0.437315,1528,71076,0.001,1.0282573699951172,3817
-31.449712860000005,46,3308,30.92,0.4360166666666666,1526,71240,0.001,1.7868632078170776,3827
-31.44513261,46,3312,31.03,0.4347500000000001,1526,71400,0.001,1.4493434429168701,3837
-32.4692249,46,3316,32.04,0.43361000000000005,1525,71544,0.001,2.585340738296509,3846
-30.65308391,46,3320,32.29,0.4323433333333334,1525,71704,0.001,1.2963218688964844,3856
-30.768356339999997,47,3324,31.98,0.4308550000000002,1526,71892,0.001,1.1122279167175293,3868
-30.736241900000003,47,3328,31.93,0.4300316666666667,1526,71996,0.001,1.7848172187805176,3874
-31.042230930000002,47,3332,30.84,0.428385,1526,72204,0.001,1.1174753904342651,3887
-31.494657569999994,47,3336,31.81,0.42721333333333333,1526,72352,0.001,1.742877721786499,3896
-31.772035099999997,47,3340,30.82,0.426485,1525,72444,0.001,1.1264796257019043,3902
-31.722876920000004,47,3344,31.09,0.42562999999999995,1525,72552,0.001,2.186424970626831,3909
-31.72144478,47,3348,30.84,0.42411,1525,72744,0.001,1.1551822423934937,3921
-31.536225599999998,47,3352,30.93,0.42249499999999995,1525,72948,0.001,1.2165560722351074,3934
-31.394168479999998,47,3356,32.87,0.42072166666666655,1525,73172,0.001,0.703640341758728,3948
-31.115045099999996,48,3360,32.65,0.4191066666666665,1525,73376,0.001,1.728177547454834,3960
-30.907185219999995,48,3364,32.78,0.41869500000000004,1525,73428,0.001,1.5638461112976074,3964
-30.43795956,48,3368,33.32,0.41799833333333336,1525,73516,0.001,1.7142993211746216,3969
-30.37472439,48,3372,33.48,0.4170166666666666,1525,73640,0.001,0.04873434454202652,3977
-30.324125600000002,48,3376,34.12,0.41584500000000013,1525,73788,0.001,1.2354788780212402,3986
-30.55688686,48,3380,33.93,0.4147683333333333,1525,73924,0.001,1.5264568328857422,3995
-30.68436604,48,3384,34.8,0.41385000000000005,1524,74040,0.001,2.2347817420959473,4002
-30.565652420000003,48,3388,35.34,0.4132166666666668,1524,74120,0.001,1.4379465579986572,4007
-30.512522379999997,48,3392,35.7,0.4121400000000002,1524,74256,0.001,0.7079498171806335,4015
-30.506145500000002,48,3396,36.36,0.4099866666666667,1524,74528,0.001,1.4938957691192627,4032
-30.21832619,48,3400,35.6,0.40960666666666656,1524,74576,0.001,1.1577215194702148,4035
-30.081846400000003,48,3404,35.62,0.4090050000000002,1524,74652,0.001,1.1748138666152954,4040
-29.682225399999997,49,3408,36.09,0.40799166666666686,1524,74780,0.001,1.0958925485610962,4048
-29.740451120000003,49,3412,35.84,0.4063450000000002,1524,74988,0.001,1.6730705499649048,4061
-28.76476476,49,3416,35.56,0.4050466666666668,1506,75152,0.001,1.363733172416687,4071
-29.1416888,49,3420,35.35,0.40390666666666675,1506,75296,0.001,1.1388778686523438,4080
-29.565322189999996,50,3424,35.37,0.4030516666666669,1506,75404,0.001,1.5685491561889648,4087
-28.606048820000005,50,3428,37.29,0.4005816666666667,1506,75716,0.001,0.6925140023231506,4107
-28.327593610000005,50,3432,37.35,0.39978999999999987,1506,75816,0.001,1.817553997039795,4113
-27.976571950000004,50,3436,36.32,0.39858666666666664,1506,75968,0.001,1.3224917650222778,4122
-27.53814926,50,3440,36.79,0.3971933333333334,1506,76144,0.001,1.398160696029663,4133
-27.37114413,50,3444,37.26,0.3964966666666666,1506,76232,0.001,1.190786361694336,4139
-27.46473716,50,3448,37.08,0.39551499999999984,1506,76356,0.001,0.9469342231750488,4147
-27.790366659999997,50,3452,36.21,0.39443833333333356,1506,76492,0.001,0.5467153787612915,4155
-27.961025200000005,50,3456,35.12,0.3934249999999999,1506,76620,0.001,1.3243168592453003,4163
-27.97325171,50,3460,34.87,0.3923483333333335,1506,76756,0.001,1.4386106729507446,4172
-28.108352780000004,51,3464,35.01,0.3902899999999999,1506,77016,0.001,0.6939267516136169,4188
-28.375832799999994,51,3468,35.9,0.38978333333333337,1506,77080,0.001,0.7281854748725891,4192
-28.47588936,51,3472,35.16,0.38911833333333357,1506,77164,0.001,0.8946935534477234,4197
-28.920078410000002,51,3476,34.82,0.3885166666666666,1506,77240,0.001,1.5601446628570557,4202
-28.911263610000002,51,3480,34.49,0.3880733333333335,1506,77296,0.001,0.5995937585830688,4205
-28.826979609999995,51,3484,34.27,0.3867433333333332,1506,77464,0.001,1.1322835683822632,4216
-28.53761993,51,3488,34.78,0.385065,1506,77676,0.001,1.2598848342895508,4229
-28.42074621,51,3492,34.49,0.3845266666666668,1506,77744,0.001,2.1980602741241455,4233
-28.30268633,51,3496,33.83,0.38389333333333353,1505,77824,0.001,1.3122508525848389,4238
-28.56180321999999,51,3500,33.58,0.3831650000000002,1505,77916,0.001,0.904124915599823,4244
-28.71896155,51,3504,33.65,0.3823416666666667,1505,78020,0.001,1.5483312606811523,4251
-28.82976922,51,3508,33.26,0.38129666666666673,1505,78152,0.001,0.7640556693077087,4259
-29.554822699999995,51,3512,33.27,0.3804733333333332,1505,78256,0.001,1.106804370880127,4265
-29.44193257,52,3516,33.04,0.3793966666666667,1505,78392,0.001,1.2791340351104736,4274
-29.265230410000004,52,3520,32.81,0.37680000000000013,1506,78720,0.001,1.1351041793823242,4294
-28.67229357,52,3524,34.29,0.37569166666666665,1506,78860,0.001,1.079560399055481,4303
-29.204257910000003,52,3528,33.25,0.37410833333333327,1506,79060,0.001,1.3847719430923462,4316
-30.22838045,52,3532,33.2,0.3725250000000001,1506,79260,0.001,1.0011894702911377,4328
-29.792754069999997,52,3536,34.09,0.3711633333333335,1506,79432,0.001,1.8309077024459839,4339
-29.928986039999998,52,3540,34.33,0.36901000000000006,1506,79704,0.001,0.9946180582046509,4356
-29.93084571,52,3544,35.1,0.3682500000000001,1506,79800,0.001,0.9020649194717407,4362
-29.882380079999994,53,3548,36.02,0.3664133333333335,1506,80032,0.001,0.7289157509803772,4376
-29.601528689999995,53,3552,36.26,0.36508333333333354,1506,80200,0.001,1.1797971725463867,4387
-29.500805970000002,53,3556,36.19,0.36479833333333345,1506,80236,0.001,1.1921982765197754,4389
-29.58925038,53,3560,35.95,0.3641650000000002,1506,80316,0.001,1.3715794086456299,4394
-29.33860889,53,3564,35.34,0.3631200000000002,1506,80448,0.001,0.7564725279808044,4402
-29.70935851,53,3568,35.48,0.3606183333333335,1506,80764,0.001,1.4784417152404785,4422
-29.003169719999995,53,3572,37.45,0.35976333333333343,1506,80872,0.001,1.0880029201507568,4429
-28.371160539999995,53,3576,37.74,0.35780000000000023,1507,81120,0.001,1.1469037532806396,4444
-28.387767589999996,53,3580,39.74,0.356375,1507,81300,0.001,2.7597382068634033,4456
-28.23333375,54,3584,39.98,0.3552666666666665,1507,81440,0.001,1.579837679862976,4464
-28.60022923,54,3588,39.65,0.35403166666666697,1507,81596,0.001,1.967587947845459,4474
-29.346204949999997,54,3592,40.21,0.35282833333333363,1507,81748,0.001,1.391768217086792,4484
-29.353767480000002,54,3596,40.38,0.3509916666666668,1507,81980,0.001,1.1431530714035034,4498
-28.441396149999996,54,3600,41.45,0.35042166666666674,1507,82052,0.001,1.8014740943908691,4503
-28.373180340000005,54,3604,41.67,0.34937666666666667,1506,82184,0.001,1.3063921928405762,4511
-28.43063584,54,3608,41.65,0.34852166666666673,1506,82292,0.001,0.9426884055137634,4518
-27.802409549999993,54,3612,42.39,0.3469700000000002,1506,82488,0.001,1.7309038639068604,4530
-27.322541979999997,54,3616,43.05,0.3453233333333334,1506,82696,0.001,2.284945011138916,4543
-27.49275615,54,3620,42.91,0.34427833333333346,1506,82828,0.001,0.6837002038955688,4551
-27.91407745,55,3624,40.48,0.34351833333333326,1506,82924,0.001,1.4638546705245972,4557
-28.058708250000006,55,3628,39.86,0.34285333333333334,1506,83008,0.001,1.1344475746154785,4562
-27.45763471,55,3632,39.39,0.34184000000000003,1506,83136,0.001,1.4592578411102295,4570
-27.96475535,55,3636,38.28,0.34155500000000016,1506,83172,0.001,1.298571228981018,4573
-28.120725200000003,55,3640,37.1,0.3404783333333333,1506,83308,0.001,1.4035602807998657,4581
-28.00324176,55,3644,36.42,0.33937000000000017,1506,83448,0.001,0.9134691953659058,4590
-28.236353490000006,55,3648,35.74,0.3370266666666667,1506,83744,0.001,1.7049694061279297,4608
-32.049075269999996,55,3652,37.78,0.33588666666666667,1506,83888,0.001,1.2932835817337036,4617
-32.03431143,55,3656,37.36,0.33509500000000014,1506,83988,0.001,1.4920854568481445,4624
-32.0286457,55,3660,37.64,0.33458833333333327,1506,84052,0.001,1.3118773698806763,4628
-32.16261019,55,3664,37.35,0.33297333333333334,1506,84256,0.001,1.7382938861846924,4640
-31.993065520000002,56,3668,37.01,0.33208666666666664,1506,84368,0.001,1.3634417057037354,4647
-32.50404068000001,56,3672,35.81,0.33066166666666674,1506,84548,0.001,1.4889930486679077,4659
-32.52691633,56,3676,36.0,0.32977500000000004,1506,84660,0.001,1.1219208240509033,4666
-32.63241361,56,3680,34.9,0.3288566666666667,1506,84776,0.001,1.246342420578003,4673
-33.26173543,56,3684,34.71,0.3278433333333335,1505,84904,0.001,0.8288337588310242,4681
-33.50165444,56,3688,34.56,0.32670333333333323,1505,85048,0.001,1.3978476524353027,4690
-32.36047018000001,56,3692,35.59,0.32474000000000003,1506,85296,0.001,1.2119289636611938,4705
-32.121517829999995,56,3696,35.76,0.3232200000000002,1506,85488,0.001,0.7754018306732178,4717
-32.382644649999996,56,3700,35.24,0.3219533333333332,1506,85648,0.001,0.6663553714752197,4727
-32.421740060000005,57,3704,35.91,0.3202116666666668,1506,85868,0.001,0.9450178742408752,4741
-32.10171842,57,3708,36.19,0.3196733333333335,1506,85936,0.001,0.8380993604660034,4745
-31.880115099999998,57,3712,35.88,0.3186916666666668,1506,86060,0.001,1.3863909244537354,4753
-32.66970351,57,3716,34.53,0.3178050000000001,1506,86172,0.001,1.1911834478378296,4760
-32.84528333,57,3720,33.9,0.3167916666666666,1506,86300,0.001,2.1914687156677246,4768
-31.68987105999999,57,3724,36.35,0.3143533333333334,1506,86608,0.001,1.1232562065124512,4787
-31.13312576,57,3728,38.47,0.3130550000000003,1506,86772,0.001,0.689578652381897,4798
-31.187894599999996,57,3732,38.0,0.31201000000000023,1505,86904,0.001,1.3797094821929932,4806
-31.044957089999993,57,3736,37.92,0.3107116666666667,1505,87068,0.001,1.5959992408752441,4816
-30.6216732,57,3740,39.09,0.30982500000000013,1506,87180,0.001,1.328599214553833,4823
-30.786480179999998,58,3744,39.24,0.308115,1506,87396,0.001,1.1426023244857788,4837
-28.735095560000005,58,3748,39.86,0.30665833333333337,1506,87580,0.001,2.228177785873413,4848
-24.91901625,58,3752,38.47,0.30444166666666683,1506,87860,0.001,1.5223767757415771,4866
-23.705210270000002,58,3756,40.54,0.3022883333333334,1506,88132,0.001,1.0154087543487549,4883
-23.625039769999994,58,3760,40.95,0.3007366666666669,1506,88328,0.001,1.4185371398925781,4895
-22.557951719999995,58,3764,42.78,0.2998500000000003,1506,88440,0.001,1.618351936340332,4902
-22.98402295,58,3768,41.9,0.2989950000000001,1506,88548,0.001,1.5273748636245728,4909
-23.162264240000003,58,3772,41.64,0.2978550000000001,1506,88692,0.001,1.317319631576538,4918
-23.369412669999996,58,3776,41.22,0.296905,1506,88812,0.001,1.7251293659210205,4925
-23.227123249999998,59,3780,40.3,0.29646166666666685,1505,88868,0.001,0.9054587483406067,4929
-22.514206180000002,59,3784,41.19,0.2947833333333335,1505,89080,0.001,1.5221314430236816,4942
-22.628782349999998,59,3788,41.82,0.29386499999999993,1505,89196,0.001,0.8344019651412964,4949
-23.239206729999996,59,3792,40.35,0.2922816666666668,1505,89396,0.001,1.7722387313842773,4962
-23.01352439,59,3796,42.11,0.29031833333333323,1505,89644,0.001,0.6534842848777771,4977
-23.26103918,59,3800,42.61,0.28759500000000005,1506,89988,0.001,1.1238752603530884,4999
-20.810458779999998,60,3804,43.71,0.2857900000000001,1487,90216,0.001,0.7031682729721069,5013
-20.931234540000002,60,3808,43.7,0.2836050000000001,1487,90492,0.001,0.6499859094619751,5030
-20.842826219999996,60,3812,44.93,0.28281333333333347,1487,90592,0.001,1.699166178703308,5036
-20.589948929999995,61,3816,46.2,0.2810083333333335,1487,90820,0.001,1.1602424383163452,5051
-21.84008873,61,3820,47.87,0.27901333333333356,1488,91072,0.001,0.3602308928966522,5066
-22.878839550000002,61,3824,47.6,0.27724000000000026,1488,91296,0.001,1.245279312133789,5080
-23.434579059999997,61,3828,45.85,0.2767016666666666,1488,91364,0.001,1.4658238887786865,5085
-23.454745949999996,61,3832,46.23,0.27511833333333346,1488,91564,0.001,1.2344753742218018,5097
-23.492642610000004,61,3836,46.96,0.27429499999999996,1488,91668,0.001,0.9393353462219238,5104
-23.89195886,61,3840,46.09,0.2735983333333335,1488,91756,0.001,1.581729769706726,5109
-23.965793570000002,61,3844,45.33,0.27185666666666675,1488,91976,0.001,1.2655891180038452,5123
-24.714961759999998,62,3848,46.66,0.26932333333333336,1488,92296,0.001,2.2024052143096924,5143
-24.684351579999998,62,3852,46.91,0.26812000000000014,1488,92448,0.001,0.9252418875694275,5152
-25.51872823,62,3856,45.5,0.26552333333333333,1488,92776,0.001,2.0467910766601562,5173
-25.14809106,62,3860,47.66,0.2642566666666668,1488,92936,0.001,0.31991052627563477,5183
-25.816858149999998,62,3864,45.7,0.26311666666666667,1488,93080,0.001,0.708422839641571,5192
-25.38172006,62,3868,46.83,0.26185000000000014,1488,93240,0.001,1.1249175071716309,5202
-25.157090810000003,62,3872,47.34,0.25972833333333334,1489,93508,0.001,1.8297040462493896,5219
-24.448594160000003,62,3876,48.96,0.25706833333333334,1489,93844,0.001,1.504270315170288,5240
-24.76827847,63,3880,51.49,0.25630833333333347,1489,93940,0.001,1.3330446481704712,5246
-24.909648959999995,63,3884,50.41,0.25529499999999994,1489,94068,0.001,0.9981508255004883,5254
-24.530437719999995,63,3888,49.59,0.2539650000000001,1489,94236,0.001,0.9145928621292114,5264
-24.309474929999997,63,3892,50.79,0.25127333333333335,1490,94576,0.001,1.173439621925354,5285
-24.15341855,63,3896,50.54,0.2496900000000002,1490,94776,0.001,1.7963855266571045,5298
-24.125105490000006,63,3900,50.48,0.24804333333333317,1490,94984,0.001,1.6370437145233154,5311
-26.371489529999998,63,3904,49.98,0.24623833333333356,1490,95212,0.001,0.7350316047668457,5325
-26.437963070000002,64,3908,50.55,0.2447816666666668,1490,95396,0.001,1.1282477378845215,5337
-26.07731814,64,3912,49.88,0.2436100000000001,1489,95544,0.001,1.0621851682662964,5346
-26.25903076,64,3916,49.68,0.2418366666666667,1489,95768,0.001,1.1186718940734863,5360
-24.375303009999993,64,3920,49.51,0.2400633333333334,1489,95992,0.001,1.0165987014770508,5374
-23.981153279999997,64,3924,48.56,0.23863833333333329,1489,96172,0.001,0.982108473777771,5385
-23.757505249999994,64,3928,48.92,0.23825833333333346,1489,96220,0.001,1.3788970708847046,5388
-24.533900489999994,64,3932,48.29,0.23708666666666678,1489,96368,0.001,0.3364394009113312,5397
-24.019880149999995,64,3936,50.14,0.2346166666666667,1489,96680,0.001,0.7639160752296448,5417
-24.02436891,65,3940,50.8,0.23290666666666682,1489,96896,0.001,1.3089394569396973,5430
-24.14554915,65,3944,51.7,0.23110166666666676,1489,97124,0.001,1.716001033782959,5445
-26.395826099999994,65,3948,51.29,0.22853666666666683,1489,97448,0.001,1.5351383686065674,5465
-27.416728499999994,65,3952,50.87,0.22742833333333345,1489,97588,0.001,0.9121670126914978,5474
-27.483685179999995,65,3956,51.94,0.22442000000000017,1490,97968,0.001,1.1503561735153198,5497
-27.65705215,65,3960,52.15,0.22210833333333346,1490,98260,0.001,1.040454387664795,5516
-27.568746970000003,66,3964,53.06,0.22046166666666667,1490,98468,0.001,1.7730088233947754,5529
-25.242396139999997,66,3968,53.82,0.21856166666666677,1490,98708,0.001,0.574736475944519,5544
-25.25400908999999,66,3972,54.29,0.21726333333333359,1490,98872,0.001,2.1206133365631104,5554
-26.17825074,66,3976,53.54,0.21536333333333324,1490,99112,0.001,1.5977637767791748,5569
-25.550345580000002,66,3980,53.39,0.2131466666666667,1490,99392,0.001,1.321146845817566,5586
-25.055438429999995,66,3984,54.62,0.21232333333333342,1490,99496,0.001,1.096850872039795,5593
-25.12788819,66,3988,54.3,0.2113733333333334,1490,99616,0.001,1.1415289640426636,5600
-25.128524110000004,66,3992,53.61,0.20985333333333356,1490,99808,0.001,0.8861407041549683,5612
-25.642306240000003,67,3996,51.99,0.20849166666666696,1490,99980,0.001,0.3241100609302521,5623
-25.54223586,67,4000,52.18,0.2068133333333334,1490,100192,0.001,0.7050797939300537,5636
-25.566195630000003,67,4004,51.19,0.20608499999999996,1490,100284,0.001,1.395929217338562,5642
-24.7837045,67,4008,52.03,0.20345666666666662,1491,100616,0.001,2.4968836307525635,5663
-25.05006328,67,4012,53.28,0.20114500000000002,1491,100908,0.001,0.16889384388923645,5681
-25.333488949999996,67,4016,53.78,0.19880166666666665,1491,101204,0.001,0.3282637298107147,5700
-25.75501219,68,4020,54.06,0.19677500000000003,1490,101460,0.001,1.3726812601089478,5716
-25.669977359999997,68,4024,54.09,0.1950333333333334,1489,101680,0.001,1.3987163305282593,5729
-25.57337944,68,4028,55.35,0.1940200000000002,1489,101808,0.001,1.7532683610916138,5737
-24.475155439999998,68,4032,56.97,0.1914233333333336,1488,102136,0.001,0.6165784597396851,5758
-24.778403250000007,68,4036,55.46,0.1904733333333335,1487,102256,0.001,1.062758207321167,5765
-24.21580281,68,4040,56.56,0.18797166666666665,1486,102572,0.001,1.2284808158874512,5785
-23.80331062,69,4044,56.43,0.1869900000000002,1486,102696,0.001,1.351608395576477,5793
-22.5860337,69,4048,54.92,0.18543833333333337,1486,102892,0.001,0.4826202094554901,5805
-21.58660614,69,4052,55.36,0.18357,1486,103128,0.001,1.5334763526916504,5820
-21.807316039999996,69,4056,54.54,0.18230333333333337,1486,103288,0.001,1.6473617553710938,5830
-21.63727959,69,4060,53.77,0.17996,1487,103584,0.001,0.9100726842880249,5848
-22.001947160000004,69,4064,54.35,0.17764833333333352,1488,103876,0.001,2.1433827877044678,5867
-24.64649012,69,4068,53.03,0.17647666666666684,1488,104024,0.001,0.8560220003128052,5876
-24.259266929999995,70,4072,53.79,0.17394333333333345,1488,104344,0.001,1.5816339254379272,5896
-23.76566644,70,4076,54.99,0.17254999999999987,1489,104520,0.001,0.8789260983467102,5907
-24.408137160000003,70,4080,53.73,0.17061833333333332,1489,104764,0.001,0.47303083539009094,5922
-24.642169109999994,71,4084,54.49,0.1677683333333334,1477,105124,0.001,0.481118381023407,5945
-24.765786540000004,71,4088,56.85,0.1664066666666668,1478,105296,0.001,0.9887734651565552,5955
-25.278664150000004,71,4092,58.29,0.16346166666666673,1478,105668,0.001,0.7395876049995422,5979
-25.608141729999996,71,4096,59.06,0.1617200000000002,1479,105888,0.001,1.0565019845962524,5992
-25.06065129,71,4100,59.94,0.15944000000000003,1479,106176,0.001,1.0541654825210571,6010
-25.238714060000003,71,4104,60.61,0.15842666666666694,1480,106304,0.001,1.6537017822265625,6018
-25.68756571000001,72,4108,60.65,0.15541833333333333,1480,106684,0.001,1.2935479879379272,6042
-25.056370239999996,72,4112,61.22,0.15269500000000014,1481,107028,0.001,0.7286731600761414,6064
-24.889492600000008,72,4116,62.17,0.15003500000000014,1482,107364,0.001,1.0410614013671875,6085
-25.001222620000007,72,4120,62.53,0.1474066666666668,1483,107696,0.001,0.5358556509017944,6105
-25.54121625,72,4124,61.51,0.14620333333333346,1483,107848,0.001,1.1960124969482422,6115
-25.724586640000002,72,4128,60.27,0.1452850000000001,1483,107964,0.001,0.9292604327201843,6122
-26.59329412,72,4132,60.73,0.14417666666666684,1483,108104,0.001,0.24808146059513092,6131
-26.22437956,73,4136,60.86,0.14205500000000004,1484,108372,0.001,2.0325865745544434,6148
-26.67858484,73,4140,60.33,0.14018666666666668,1484,108608,0.001,1.1536495685577393,6162
-26.91038434,73,4144,60.7,0.13790666666666673,1484,108896,0.001,1.5810507535934448,6180
-26.973158979999994,73,4148,62.92,0.13594333333333342,1485,109144,0.001,0.7571636438369751,6196
-27.051081810000007,73,4152,62.32,0.13461333333333336,1485,109312,0.001,0.9864272475242615,6206
-26.79065455,73,4156,62.06,0.13331500000000007,1485,109476,0.001,0.8075690269470215,6217
-26.941002360000002,73,4160,61.95,0.1307183333333335,1486,109804,0.001,1.144356369972229,6237
-26.307923960000004,73,4164,61.77,0.1293566666666669,1486,109976,0.001,0.793259859085083,6248
-26.20086843,74,4168,62.38,0.1275833333333336,1487,110200,0.001,1.7107614278793335,6262
-26.65060739,74,4172,62.52,0.12501833333333368,1487,110524,0.001,0.7958816289901733,6282
-27.55285053,74,4176,63.07,0.12172499999999997,1488,110940,0.001,0.6558391451835632,6308
-27.007603379999995,74,4180,63.75,0.12026833333333364,1488,111124,0.001,1.9001296758651733,6320
-26.886517039999998,74,4184,63.74,0.11779833333333323,1488,111436,0.001,1.1727573871612549,6339
-26.188409100000005,74,4188,63.46,0.11593000000000009,1489,111672,0.001,1.6235268115997314,6354
-26.06471133,75,4192,62.02,0.11371333333333333,1489,111952,0.001,2.0093772411346436,6371
-26.27707558,75,4196,62.03,0.11105333333333323,1489,112288,0.001,1.4923655986785889,6392
-26.542572710000005,75,4200,63.62,0.10874166666666685,1490,112580,0.001,0.7424400448799133,6411
-26.365862510000003,75,4204,64.18,0.1070000000000001,1490,112800,0.001,1.9901032447814941,6424
-26.84025036,75,4208,63.17,0.1052266666666668,1490,113024,0.001,1.4373252391815186,6438
-27.152586839999998,75,4212,62.15,0.10364333333333331,1491,113224,0.001,1.415718913078308,6451
-26.711447259999996,76,4216,60.46,0.10199666666666685,1491,113432,0.001,0.6325137615203857,6464
-26.59257805,76,4220,60.49,0.09876666666666689,1492,113840,0.001,1.0635323524475098,6489
-26.05398718,76,4224,62.61,0.09693000000000007,1492,114072,0.001,1.235680103302002,6504
-26.355710220000002,76,4228,63.54,0.09496666666666675,1493,114320,0.001,1.4781007766723633,6519
-24.99835759,76,4232,63.88,0.09325666666666665,1493,114536,0.001,1.3909029960632324,6533
-25.64951036,76,4236,64.49,0.0907233333333336,1494,114856,0.001,0.7924879193305969,6553
-26.505740859999996,76,4240,64.13,0.0894250000000002,1494,115020,0.001,0.9998583197593689,6563
-25.37669787,77,4244,65.29,0.08673333333333322,1495,115360,0.001,0.5735968351364136,6584
-24.875250379999997,77,4248,64.85,0.08407333333333322,1495,115696,0.001,1.0320966243743896,6605
-24.68714845000001,77,4252,67.07,0.08125499999999997,1496,116052,0.001,1.954001784324646,6628
-24.492388650000006,77,4256,67.83,0.07859499999999986,1496,116388,0.001,2.9048290252685547,6649
-24.56438498,77,4260,69.11,0.0757133333333333,1497,116752,0.001,1.755467414855957,6671
-24.595156799999994,78,4264,70.2,0.07321166666666667,1497,117068,0.001,1.6876258850097656,6691
-24.038403789999997,78,4268,71.58,0.07007666666666656,1498,117464,0.001,0.9798581600189209,6716
-23.943787089999997,78,4272,72.23,0.06760666666666681,1499,117776,0.001,0.889203667640686,6735
-23.994353729999997,78,4276,71.35,0.06469333333333338,1500,118144,0.001,1.0916601419448853,6758
-21.923473949999998,78,4280,72.9,0.062476666666666625,1500,118424,0.001,0.3726920485496521,6776
-22.33937299,79,4284,72.33,0.06035500000000016,1500,118692,0.001,1.4624624252319336,6793
-23.319791480000003,79,4288,72.58,0.05870833333333347,1500,118900,0.001,1.6858127117156982,6806
-23.52136582,79,4292,74.58,0.055700000000000194,1501,119280,0.001,0.4097951650619507,6829
-22.962755030000004,79,4296,74.31,0.05354666666666674,1501,119552,0.001,1.2524070739746094,6846
-23.649129110000004,79,4300,72.74,0.05177333333333334,1502,119776,0.001,1.4826993942260742,6860
-23.71359504,80,4304,72.16,0.05,1491,120076,0.001,1.8275818824768066,6879
-23.281667319999997,80,4308,74.34,0.05,1492,120484,0.001,1.4338842630386353,6905
-23.57794946,80,4312,74.43,0.05,1492,120736,0.001,1.3174115419387817,6920
-23.548817080000003,81,4316,76.11,0.05,1493,121028,0.001,2.649158000946045,6939
-23.27655441,81,4320,76.08,0.05,1493,121308,0.001,0.193744957447052,6956
-23.482024210000006,81,4324,76.33,0.05,1494,121684,0.001,0.3579866588115692,6980
-22.76185252,81,4328,78.05,0.05,1495,122016,0.001,1.3249719142913818,7000
-23.943628339999997,81,4332,78.32,0.05,1495,122364,0.001,0.7933459281921387,7022
-24.024129790000003,82,4336,79.81,0.05,1496,122812,0.001,1.719029426574707,7050
-23.392549669999998,82,4340,78.95,0.05,1496,123000,0.001,0.7032346725463867,7062
-24.374242329999998,82,4344,78.93,0.05,1497,123216,0.001,1.244593858718872,7075
-25.123913290000004,82,4348,79.7,0.05,1497,123592,0.001,0.7696490287780762,7099
-25.118602960000004,82,4352,77.67,0.05,1498,123840,0.001,1.8688790798187256,7114
-25.48898938,82,4356,78.68,0.05,1498,124264,0.001,1.6758761405944824,7141
-25.98356564,83,4360,78.31,0.05,1499,124572,0.001,1.331286907196045,7160
-25.47553995,83,4364,78.85,0.05,1500,124928,0.001,1.3560954332351685,7182
-25.8723299,83,4368,78.84,0.05,1500,125212,0.001,0.9250667095184326,7200
-26.073356329999996,83,4372,78.65,0.05,1501,125656,0.001,1.6084171533584595,7228
-25.442400900000003,83,4376,79.67,0.05,1501,126028,0.001,1.1492681503295898,7251
-27.55196588999999,84,4380,78.5,0.05,1502,126288,0.001,1.194941520690918,7267
-27.070751760000004,84,4384,77.55,0.05,1502,126504,0.001,1.655691385269165,7281
-31.30142572999999,84,4388,79.21,0.05,1502,126780,0.001,1.1927151679992676,7298
-28.845424660000003,84,4392,79.1,0.05,1503,127152,0.001,0.8271642923355103,7321
-28.834538069999997,84,4396,80.92,0.05,1503,127552,0.001,1.0610944032669067,7346
-28.92380211,85,4400,80.62,0.05,1504,128000,0.001,1.3191454410552979,7374
-29.43948092,85,4404,82.21,0.05,1504,128248,0.001,0.5684953331947327,7390
-29.773271000000005,85,4408,81.54,0.05,1504,128564,0.001,0.5701863765716553,7410
-30.211245169999998,85,4412,82.68,0.05,1505,128996,0.001,0.9924950003623962,7437
-30.007487369999993,85,4416,83.06,0.05,1505,129312,0.001,1.6164274215698242,7456
-30.43222881,85,4420,81.48,0.05,1506,129512,0.001,2.727583885192871,7469
-30.11441594,86,4424,81.99,0.05,1506,129812,0.001,1.0181572437286377,7488
-30.776969169999994,86,4428,82.02,0.05,1507,130220,0.001,0.8316214084625244,7513
-29.949943810000004,86,4432,82.24,0.05,1507,130568,0.001,1.6792197227478027,7535
-30.51731078,86,4436,81.56,0.05,1508,130996,0.001,1.6351847648620605,7562
-31.423848150000005,86,4440,82.26,0.05,1508,131220,0.001,1.5832488536834717,7576
-31.648424519999995,87,4444,82.86,0.05,1509,131628,0.001,1.9717638492584229,7601
-30.701518910000004,87,4448,82.94,0.05,1509,131908,0.001,0.9322646260261536,7619
-31.261594500000005,87,4452,84.31,0.05,1510,132284,0.001,1.0742781162261963,7642
-31.12144984,87,4456,84.51,0.05,1510,132668,0.001,1.1205731630325317,7666
-30.91174093,88,4460,84.89,0.05,1511,133052,0.001,1.560279130935669,7690
-31.41575647,88,4464,83.75,0.05,1512,133356,0.001,1.714605450630188,7709
-32.04465243999999,88,4468,84.09,0.05,1512,133796,0.001,1.216892123222351,7737
-32.302986430000004,88,4472,84.08,0.05,1512,133928,0.001,1.4495042562484741,7745
-32.96812035000001,88,4476,83.37,0.05,1513,134348,0.001,2.45770525932312,7771
-32.66387741,89,4480,84.79,0.05,1514,134792,0.001,0.8485326766967773,7799
-32.341187999999995,89,4484,86.74,0.05,1504,135140,0.001,2.1151139736175537,7821
-27.79076218,90,4488,85.15,0.05,1505,135496,0.001,1.133466124534607,7843
-29.158516499999998,90,4492,84.86,0.05,1505,135828,0.001,1.1698356866836548,7864
-28.55492937,90,4496,84.27,0.05,1505,136000,0.001,1.3210614919662476,7874
-28.194020730000002,90,4500,85.63,0.05,1506,136420,0.001,0.7030616402626038,7901
-27.802824640000004,90,4504,85.5,0.05,1507,136760,0.001,0.8531032800674438,7922
-27.80777151,90,4508,84.38,0.05,1507,137068,0.001,2.6636152267456055,7941
-27.38471427,91,4512,83.77,0.05,1508,137312,0.001,0.9001469612121582,7956
-27.6276554,91,4516,83.63,0.05,1508,137676,0.001,0.9843716025352478,7979
-27.01436564,91,4520,86.17,0.05,1509,138152,0.001,2.0862631797790527,8009
-27.65823913,91,4524,86.22,0.05,1509,138504,0.001,1.3648492097854614,8031
-27.569407229999992,91,4528,85.55,0.05,1509,138796,0.001,1.9657046794891357,8049
-27.315882339999998,92,4532,84.57,0.05,1508,139132,0.001,1.9088354110717773,8070
-27.317032390000005,92,4536,85.78,0.05,1507,139564,0.001,1.0811517238616943,8097
-25.83039641,92,4540,86.14,0.05,1506,139972,0.001,1.0732606649398804,8123
-24.759526849999993,93,4544,86.91,0.05,1504,140376,0.001,1.3258129358291626,8148
-24.504974639999997,93,4548,86.19,0.05,1504,140476,0.001,1.8302278518676758,8154
-24.723125250000002,93,4552,85.32,0.05,1505,140868,0.001,0.8677771091461182,8179
-24.59194344,93,4556,84.24,0.05,1505,141016,0.001,0.8848380446434021,8188
-23.94530851,93,4560,84.33,0.05,1505,141448,0.001,1.1803858280181885,8215
-23.384324690000003,94,4564,85.27,0.05,1506,141924,0.001,0.8818647861480713,8245
-23.071443159999998,94,4568,83.69,0.05,1506,142324,0.001,0.503223180770874,8270
-23.510253539999997,94,4572,85.96,0.05,1507,142724,0.001,0.6332558989524841,8295
-21.235937960000005,94,4576,86.12,0.05,1507,142896,0.001,1.367956519126892,8305
-21.862658659999997,95,4580,87.08,0.05,1508,143504,0.001,1.5017516613006592,8343
-22.780876479999993,95,4584,86.63,0.05,1508,143704,0.001,1.957542896270752,8356
-22.371930080000002,95,4588,87.58,0.05,1509,144212,0.001,1.0488693714141846,8388
-23.05534669,95,4592,87.25,0.05,1509,144512,0.001,1.1456645727157593,8406
-24.211774610000003,95,4596,87.14,0.05,1509,144792,0.001,1.1792562007904053,8424
-23.680401930000002,96,4600,86.56,0.05,1510,145068,0.001,1.8689171075820923,8441
-23.376375090000007,96,4604,85.0,0.05,1510,145404,0.001,1.0254154205322266,8462
-23.587802209999996,96,4608,86.05,0.05,1510,145632,0.001,0.9801875352859497,8476
-24.044833619999995,96,4612,85.96,0.05,1511,145916,0.001,0.23799718916416168,8494
-23.84183751,96,4616,85.1,0.05,1511,146220,0.001,1.8733829259872437,8513
-24.137883079999998,96,4620,84.17,0.05,1512,146564,0.001,0.4725821912288666,8535
-24.05744731999999,97,4624,83.82,0.05,1512,146812,0.001,1.656748652458191,8550
-23.570349189999998,97,4628,83.41,0.05,1512,147176,0.001,2.2942419052124023,8573
-23.77536449,97,4632,84.73,0.05,1513,147596,0.001,0.9228012561798096,8599
-23.561311160000006,97,4636,84.62,0.05,1513,147944,0.001,0.7094998359680176,8621
-23.477192210000002,97,4640,85.39,0.05,1514,148324,0.001,1.0426760911941528,8645
-20.432634710000002,98,4644,84.55,0.05,1514,148704,0.001,1.6534032821655273,8668
-20.67088667,98,4648,84.2,0.05,1515,149072,0.001,0.7376101016998291,8691
-20.350235759999997,98,4652,85.33,0.05,1515,149372,0.001,1.0820211172103882,8710
-20.384784110000002,98,4656,86.84,0.05,1515,149896,0.001,1.9440407752990723,8743
-18.355775710000003,99,4660,86.5,0.05,1503,150168,0.001,1.0733734369277954,8760
-18.27030229,100,4664,85.57,0.05,1503,150332,0.001,2.1473469734191895,8770
-17.90624065,100,4668,86.82,0.05,1503,150664,0.001,1.4737658500671387,8791
-15.891413590000003,100,4672,85.45,0.05,1503,151248,0.001,1.1157238483428955,8827
-17.6264244,100,4676,85.44,0.05,1503,151580,0.001,0.9901632070541382,8848
-17.09109441,100,4680,83.67,0.05,1503,151740,0.001,2.7000534534454346,8858
-16.32409688,101,4684,86.1,0.05,1503,152368,0.001,1.933899164199829,8897
-16.581555480000002,101,4688,85.86,0.05,1503,152768,0.001,0.6345427632331848,8922
-15.98413746,101,4692,86.58,0.05,1503,153156,0.001,1.0309728384017944,8947
-15.683867730000001,102,4696,88.5,0.05,1503,153732,0.001,1.2294354438781738,8983
-16.29691624,102,4700,90.67,0.05,1504,154164,0.001,0.8875601887702942,9010
-16.72911099,102,4704,92.13,0.05,1504,154616,0.001,1.4495875835418701,9038
-16.80406115,102,4708,91.49,0.05,1504,154856,0.001,2.126008987426758,9053
-17.359574849999998,103,4712,92.65,0.05,1504,155248,0.001,1.3507134914398193,9077
-17.27513265,103,4716,92.95,0.05,1504,155544,0.001,1.2991013526916504,9096
-17.434867139999998,103,4720,92.71,0.05,1504,155792,0.001,0.5272010564804077,9111
-17.67745586,103,4724,91.76,0.05,1504,156100,0.001,0.7748610377311707,9131
-18.23639263,104,4728,94.07,0.05,1504,156620,0.001,1.8672479391098022,9163
-17.585255959999998,104,4732,93.86,0.05,1504,157056,0.001,0.5123509168624878,9190
-17.06116086,104,4736,93.52,0.05,1504,157248,0.001,1.185232162475586,9202
-17.98752633,104,4740,92.51,0.05,1503,157784,0.001,0.7484137415885925,9236
-20.457305979999997,105,4744,94.47,0.05,1504,158320,0.001,0.28297847509384155,9269
-21.413493089999996,105,4748,96.71,0.05,1504,158636,0.001,0.7264503836631775,9289
-21.18628636,105,4752,97.71,0.05,1504,159408,0.001,0.9342902302742004,9337
-21.09883357,106,4756,99.91,0.05,1504,159788,0.001,1.3647886514663696,9361
-22.387187009999998,106,4760,100.99,0.05,1504,160312,0.001,1.9668365716934204,9394
-23.332867200000006,106,4764,102.34,0.05,1504,160780,0.001,1.050590991973877,9423
-22.814481760000003,107,4768,105.0,0.05,1504,161308,0.001,0.45780444145202637,9456
-22.86730159,107,4772,106.44,0.05,1504,161844,0.001,0.3225007653236389,9490
-23.0624046,107,4776,107.73,0.05,1504,162432,0.001,1.3912464380264282,9526
-24.51686403,108,4780,109.81,0.05,1504,163024,0.001,0.7296398282051086,9563
-27.423725540000007,108,4784,108.55,0.05,1504,163240,0.001,1.9515336751937866,9577
-27.895434960000003,108,4788,109.07,0.05,1504,163804,0.001,1.633782148361206,9612
-27.072064270000002,109,4792,109.15,0.05,1504,164004,0.001,2.2846760749816895,9625
-26.398600889999997,109,4796,107.06,0.05,1504,164500,0.001,0.691728413105011,9656
-25.962061939999998,109,4800,106.83,0.05,1504,164932,0.001,2.7267298698425293,9683
-24.97231586000001,110,4804,105.97,0.05,1490,165040,0.001,1.4894928932189941,9689
-19.6962907,111,4808,106.64,0.05,1491,165708,0.001,1.2313929796218872,9731
-18.425287469999997,111,4812,107.51,0.05,1491,166080,0.001,1.447229027748108,9754
-19.29747299,111,4816,107.97,0.05,1491,166376,0.001,1.2199138402938843,9773
-17.91868806,111,4820,109.48,0.05,1491,167000,0.001,2.1787502765655518,9812
-17.861019359999997,112,4824,110.16,0.05,1491,167220,0.001,0.5930026769638062,9826
-17.45996106,112,4828,110.1,0.05,1491,167672,0.001,0.26057636737823486,9854
-17.794308609999998,112,4832,110.91,0.05,1491,168204,0.001,1.2653228044509888,9887
-17.822823389999996,113,4836,113.11,0.05,1491,168592,0.001,1.105295181274414,9911
-16.54365016,113,4840,114.21,0.05,1491,169124,0.001,3.01193904876709,9945
-17.123615209999997,113,4844,115.11,0.05,1492,169916,0.001,1.0099555253982544,9994
-15.654571779999996,114,4848,115.09,0.05,1492,170432,0.001,0.9245645999908447,10026
-15.024983269999996,114,4852,115.97,0.05,1492,170784,0.001,1.936453104019165,10048
-14.578688579999998,114,4856,115.26,0.05,1492,171300,0.001,1.0380300283432007,10081
-15.18223111,115,4860,114.18,0.05,1492,171848,0.001,1.3229701519012451,10115
-14.635960590000002,115,4864,113.61,0.05,1492,172216,0.001,1.5475270748138428,10138
-14.664366519999996,115,4868,112.92,0.05,1492,172748,0.001,0.24321359395980835,10171
-15.456871980000003,116,4872,113.21,0.05,1492,173416,0.001,1.6537675857543945,10213
-15.76817936,116,4876,113.66,0.05,1491,173628,0.001,0.5606220960617065,10226
-13.597253760000001,116,4880,112.34,0.05,1489,174100,0.001,1.534737229347229,10256
-10.00274116,117,4884,112.74,0.05,1488,174472,0.001,1.2843503952026367,10279
-9.04436896,117,4888,110.78,0.05,1488,174684,0.001,1.7043042182922363,10292
-9.34210397,117,4892,111.85,0.05,1488,175256,0.001,2.353419303894043,10328
-9.516904989999999,118,4896,113.16,0.05,1488,175768,0.001,2.0457754135131836,10360
-9.199289019999998,118,4900,113.67,0.05,1488,176388,0.001,1.86726975440979,10399
-9.7002546,118,4904,117.02,0.05,1488,177004,0.001,1.7234091758728027,10437
-14.114583150000003,119,4908,119.69,0.05,1489,177532,0.001,0.5832542777061462,10470
-14.781579530000002,119,4912,118.56,0.05,1489,178172,0.001,1.1666147708892822,10510
-13.835175860000001,119,4916,120.78,0.05,1488,178344,0.001,1.2369922399520874,10521
-14.5877886,120,4920,121.19,0.05,1489,178980,0.001,2.6444644927978516,10561
-12.81167601,120,4924,123.92,0.05,1489,179616,0.001,2.1976399421691895,10600
-12.65633499,120,4928,123.25,0.05,1489,179872,0.001,0.5490756034851074,10616
-13.00773857,122,4932,123.03,0.05,1474,180300,0.001,1.4611527919769287,10643
-12.76112599,122,4936,120.56,0.05,1475,180712,0.001,0.5538410544395447,10669
-13.376291870000003,122,4940,120.62,0.05,1475,181152,0.001,0.8642022013664246,10696
-11.92222575,123,4944,118.92,0.05,1475,181520,0.001,2.215402364730835,10719
-11.970619210000002,123,4948,117.15,0.05,1475,181932,0.001,1.167206048965454,10745
-12.10010014,123,4952,117.17,0.05,1476,182596,0.001,1.8201857805252075,10787
-12.433324420000002,123,4956,115.32,0.05,1476,182780,0.001,1.245678186416626,10798
-12.4324212,124,4960,114.15,0.05,1475,183052,0.001,1.7282915115356445,10815
-12.880315150000003,124,4964,114.97,0.05,1476,183456,0.001,0.8117671012878418,10840
-11.122305179999998,124,4968,115.28,0.05,1476,184084,0.001,2.9529595375061035,10880
-8.036564089999999,124,4972,112.95,0.05,1476,184544,0.001,2.507291078567505,10908
-6.9504629,125,4976,113.72,0.05,1476,185292,0.001,1.2547105550765991,10955
-6.22355144,125,4980,114.87,0.05,1476,185672,0.001,0.8281431198120117,10979
-4.442268869999999,126,4984,115.29,0.05,1476,186112,0.001,1.525287389755249,11006
-4.994328499999998,126,4988,118.58,0.05,1477,186732,0.001,0.9439566135406494,11045
-5.753335719999999,126,4992,118.21,0.05,1477,187228,0.001,1.2842881679534912,11076
-5.3836735,127,4996,118.81,0.05,1477,187796,0.001,0.566970705986023,11112
-4.859789909999999,127,5000,119.42,0.05,1477,188240,0.001,1.0454297065734863,11139
-3.4982433699999995,127,5004,116.66,0.05,1477,188536,0.001,1.1518540382385254,11158
-2.9912526500000007,127,5008,115.12,0.05,1477,188964,0.001,0.8582000732421875,11185
-2.6244071100000017,128,5012,113.91,0.05,1477,189228,0.001,1.2808480262756348,11201
-1.8671933600000008,128,5016,112.34,0.05,1478,189956,0.001,0.8327575922012329,11247
-2.4410681,128,5020,113.26,0.05,1478,190296,0.001,1.5487388372421265,11268
-1.54283871,129,5024,113.23,0.05,1478,190972,0.001,1.0303306579589844,11310
-1.5559142099999994,129,5028,113.49,0.05,1478,191344,0.001,2.3969359397888184,11333
-2.0125866000000006,129,5032,113.8,0.05,1478,191804,0.001,0.7189433574676514,11362
-1.6172672699999993,129,5036,114.0,0.05,1478,191984,0.001,0.9237778186798096,11373
-2.532508829999998,130,5040,113.7,0.05,1479,192668,0.001,1.8524402379989624,11416
-4.109259989999999,130,5044,113.68,0.05,1479,192924,0.001,1.4248958826065063,11432
-2.5045607499999996,130,5048,113.03,0.05,1479,193176,0.001,0.6078743934631348,11448
-0.5450372399999993,131,5052,112.72,0.05,1479,193864,0.001,1.1716041564941406,11491
-1.3570591600000006,131,5056,112.56,0.05,1479,194020,0.001,0.6485087871551514,11501
-1.2931168700000009,131,5060,112.51,0.05,1479,194264,0.001,1.1291451454162598,11516
1.707718880000001,131,5064,112.24,0.05,1479,194656,0.001,2.1442246437072754,11540
-0.6366113599999982,132,5068,110.52,0.05,1469,195188,0.001,1.4369621276855469,11574
-3.9626161099999986,133,5072,111.6,0.05,1469,195804,0.001,1.4698477983474731,11612
-4.930464519999998,133,5076,111.64,0.05,1469,196228,0.001,0.7262203693389893,11639
-5.419304229999999,133,5080,109.63,0.05,1469,196548,0.001,0.8809681534767151,11659
-6.866957179999998,134,5084,109.69,0.05,1469,197072,0.001,1.1686506271362305,11691
-6.234411730000001,134,5088,106.98,0.05,1469,197416,0.001,1.4702202081680298,11713
-5.95770248,134,5092,109.47,0.05,1470,198312,0.001,0.606219470500946,11769
-7.364807339999999,135,5096,112.11,0.05,1470,199056,0.001,1.2137962579727173,11815
-7.847941609999998,135,5100,110.56,0.05,1470,199192,0.001,1.6371270418167114,11824
-9.36975227,135,5104,111.78,0.05,1470,199940,0.001,1.1523226499557495,11871
-10.10049786,136,5108,113.6,0.05,1470,200344,0.001,1.181103229522705,11896
-11.053404330000001,136,5112,115.18,0.05,1470,200880,0.001,0.6545841693878174,11929
-12.08366268,136,5116,115.1,0.05,1470,201276,0.001,1.0476970672607422,11954
-12.655889470000002,137,5120,113.97,0.05,1471,201552,0.001,0.5478780269622803,11971
-15.00444849,137,5124,111.77,0.05,1471,202204,0.001,0.7280341982841492,12012
-15.142566080000002,137,5128,114.87,0.05,1471,202688,0.001,1.171879768371582,12042
-15.03855804,138,5132,116.71,0.05,1471,203632,0.001,2.3119688034057617,12101
-15.018824510000002,138,5136,118.4,0.05,1471,203920,0.001,0.5708539485931396,12119
-14.188277910000002,138,5140,117.26,0.05,1471,204228,0.001,1.1795969009399414,12139
-11.339445509999997,139,5144,117.71,0.05,1471,204776,0.001,1.3718228340148926,12173
-13.251667419999999,139,5148,120.88,0.05,1472,205584,0.001,1.3453980684280396,12223
-16.424539059999997,139,5152,120.44,0.05,1472,205804,0.001,1.5614451169967651,12237
-16.30323414,140,5156,124.6,0.05,1471,206732,0.001,0.8480019569396973,12295
-16.12885369,140,5160,126.31,0.05,1469,207152,0.001,1.7321350574493408,12321
-19.083108209999995,141,5164,127.53,0.05,1468,207524,0.001,0.5735632181167603,12345
-18.774126719999998,141,5168,127.77,0.05,1468,208196,0.001,0.560007631778717,12387
-18.93821029,142,5172,130.99,0.05,1468,208660,0.001,0.9853424429893494,12416
-18.134281239999996,142,5176,126.77,0.05,1468,208808,0.001,1.1903165578842163,12425
-19.833787989999998,142,5180,125.19,0.05,1468,208940,0.001,0.2954923212528229,12433
-20.41033453,142,5184,123.8,0.05,1468,209396,0.001,2.5630602836608887,12462
-21.291304559999993,142,5188,124.48,0.05,1469,209776,0.001,0.44197919964790344,12485
-21.902411649999998,144,5192,122.88,0.05,1457,210256,0.001,0.5742919445037842,12515
-18.75325367,144,5196,118.54,0.05,1457,210716,0.001,2.392571449279785,12544
-18.96116906,144,5200,118.0,0.05,1458,211208,0.001,1.249992847442627,12575
-19.790809369999998,145,5204,120.27,0.05,1458,211792,0.001,0.5582592487335205,12611
-19.85893729,145,5208,118.63,0.05,1458,212156,0.001,1.206873893737793,12634
-18.74181049,145,5212,118.37,0.05,1458,212544,0.001,1.1807509660720825,12658
-18.618828179999998,145,5216,116.96,0.05,1458,212900,0.001,1.3890594244003296,12681
-18.23021206,146,5220,116.74,0.05,1458,213396,0.001,1.6279230117797852,12712
-17.578141839999997,146,5224,117.22,0.05,1458,213672,0.001,0.5499858260154724,12729
-17.998169450000002,146,5228,111.54,0.05,1458,213956,0.001,1.4368467330932617,12747
-18.087454209999997,147,5232,108.09,0.05,1458,214416,0.001,1.0650601387023926,12775
-19.382007459999997,147,5236,107.14,0.05,1458,214736,0.001,1.1085057258605957,12795
-20.790195820000005,147,5240,109.44,0.05,1458,215088,0.001,1.0190601348876953,12817
-24.046040469999998,147,5244,109.66,0.05,1458,215672,0.001,0.561028003692627,12854
-25.085342049999994,148,5248,107.0,0.05,1458,216084,0.001,2.153545379638672,12880
-24.493398490000004,148,5252,105.99,0.05,1459,216440,0.001,2.1684653759002686,12902
-24.214374879999994,148,5256,102.62,0.05,1459,216972,0.001,3.727004289627075,12935
-24.753638610000003,148,5260,104.15,0.05,1459,217384,0.001,2.1829748153686523,12961
-25.684221319999995,149,5264,104.67,0.05,1459,217856,0.001,1.1012753248214722,12990
-25.23841457,149,5268,103.69,0.05,1459,218368,0.001,0.5965992212295532,13022
-24.91885387,149,5272,99.43,0.05,1460,218720,0.001,0.6900148391723633,13044
-25.379377410000004,150,5276,101.46,0.05,1460,219116,0.001,1.315524935722351,13069
-24.755836239999997,150,5280,103.75,0.05,1460,219292,0.001,1.1814634799957275,13080
-25.917406370000002,150,5284,102.19,0.05,1460,219636,0.001,0.8827735185623169,13102
-25.77160311,150,5288,101.41,0.05,1460,219968,0.001,0.3160986602306366,13122
-25.713049189999996,150,5292,100.06,0.05,1460,220220,0.001,1.2036967277526855,13138
-27.872902840000005,151,5296,99.85,0.05,1460,220748,0.001,1.9728654623031616,13171
-28.259343040000005,151,5300,100.17,0.05,1460,221176,0.001,1.5681504011154175,13198
-27.290146879999998,151,5304,97.05,0.05,1460,221380,0.001,2.081815242767334,13211
-27.445488660000002,151,5308,94.39,0.05,1460,221536,0.001,3.452471971511841,13220
-27.80347824,151,5312,92.02,0.05,1461,221880,0.001,1.7837612628936768,13242
-28.62286071,152,5316,94.82,0.05,1461,222440,0.001,1.6246675252914429,13277
-27.894627319999998,152,5320,94.28,0.05,1461,222880,0.001,0.9971067905426025,13304
-28.974132729999997,152,5324,93.72,0.05,1461,222956,0.001,1.3581469058990479,13309
-29.091122449999993,152,5328,94.65,0.05,1461,223376,0.001,1.717545509338379,13335
-28.561634619999996,153,5332,95.53,0.05,1461,223752,0.001,1.3754372596740723,13359
-29.02614655,153,5336,94.01,0.05,1461,223988,0.001,2.7090697288513184,13374
-28.408320220000004,153,5340,91.08,0.05,1461,224460,0.001,0.9782447218894958,13403
-27.619383109999998,153,5344,90.95,0.05,1462,224752,0.001,2.0774643421173096,13421
-26.799984730000006,154,5348,92.65,0.05,1456,225200,0.001,2.5098326206207275,13449
-26.222446290000004,154,5352,92.63,0.05,1456,225600,0.001,1.430746078491211,13474
-26.81198588,154,5356,90.12,0.05,1456,225740,0.001,0.6074284315109253,13483
-26.563227629999997,155,5360,87.24,0.05,1456,226072,0.001,1.806617021560669,13504
-24.73514655,155,5364,85.52,0.05,1456,226500,0.001,1.4253743886947632,13531
-27.01069816,155,5368,86.21,0.05,1456,226848,0.001,0.48922741413116455,13552
-26.30696432,155,5372,86.51,0.05,1457,227276,0.001,0.6427150964736938,13579
-25.889428130000002,156,5376,85.56,0.05,1457,227588,0.001,1.5609807968139648,13599
-25.79997701,156,5380,84.01,0.05,1457,227720,0.001,0.932678759098053,13607
-25.84370848,156,5384,86.5,0.05,1457,228192,0.001,0.8720283508300781,13636
-25.116351059999996,156,5388,88.86,0.05,1457,228664,0.001,1.0149738788604736,13666
-24.685889880000005,157,5392,88.5,0.05,1457,229152,0.001,0.34258514642715454,13696
-24.8809769,157,5396,89.38,0.05,1457,229572,0.001,1.5846545696258545,13723
-24.818868459999997,157,5400,88.35,0.05,1457,229916,0.001,1.740479588508606,13744
-24.60314211,157,5404,88.07,0.05,1458,230312,0.001,0.6370645761489868,13769
-25.30656509,158,5408,90.45,0.05,1458,230680,0.001,1.9448474645614624,13792
-25.017596780000005,158,5412,91.68,0.05,1458,231036,0.001,1.8492366075515747,13814
-24.524047709999994,158,5416,91.18,0.05,1458,231544,0.001,2.158137083053589,13846
-25.66302556,159,5420,91.92,0.05,1458,231940,0.001,1.0422306060791016,13871
-25.97084605,159,5424,91.85,0.05,1458,232300,0.001,0.9052301645278931,13893
-25.614192239999998,159,5428,92.44,0.05,1458,232556,0.001,0.963925838470459,13909
-26.44601981,159,5432,92.41,0.05,1458,233080,0.001,0.8743218183517456,13942
-25.467856340000004,160,5436,93.73,0.05,1458,233632,0.001,1.498854160308838,13976
-25.755478409999995,160,5440,95.05,0.05,1458,233988,0.001,1.0794957876205444,13999
-27.02357516,160,5444,94.7,0.05,1458,234228,0.001,1.566190242767334,14014
-27.703473770000002,160,5448,93.84,0.05,1459,234892,0.001,0.38881003856658936,14055
-28.341209520000003,161,5452,96.68,0.05,1459,235504,0.001,2.220297336578369,14093
-27.744215129999997,161,5456,100.6,0.05,1459,236168,0.001,1.2615547180175781,14135
-28.17309766,161,5460,104.68,0.05,1459,236460,0.001,1.4175976514816284,14153
-28.37372559,162,5464,105.27,0.05,1459,236964,0.001,1.903893232345581,14185
-27.404774590000002,162,5468,105.0,0.05,1460,237476,0.001,0.411401629447937,14217
-28.577461109999998,162,5472,105.26,0.05,1460,237860,0.001,1.0175870656967163,14241
-28.569586329999996,163,5476,107.63,0.05,1460,238516,0.001,1.76244056224823,14282
-29.046519590000003,163,5480,110.06,0.05,1460,238780,0.001,1.4638570547103882,14298
-28.597453639999994,163,5484,110.35,0.05,1461,239440,0.001,0.9739640355110168,14339
-29.338396359999997,165,5488,111.51,0.05,1448,240100,0.001,0.39799144864082336,14381
-29.665438610000002,166,5492,115.02,0.05,1449,240848,0.001,0.7370954751968384,14427
-29.6716453,166,5496,117.54,0.05,1449,241288,0.001,1.4524809122085571,14455
-29.351494049999996,166,5500,120.77,0.05,1449,242028,0.001,0.4583509564399719,14501
-28.93686107,167,5504,121.32,0.05,1449,242360,0.001,1.7872350215911865,14522
-28.46366,167,5508,119.2,0.05,1449,242572,0.001,1.8013972043991089,14535
-27.2042897,167,5512,122.76,0.05,1449,243416,0.001,1.0798251628875732,14588
-27.54047473,168,5516,125.76,0.05,1450,244128,0.001,2.234419822692871,14632
-26.54939351,168,5520,128.48,0.05,1450,244660,0.001,0.7538862228393555,14666
-25.380690219999998,169,5524,131.32,0.05,1450,245540,0.001,1.4870110750198364,14721
-26.70885146,169,5528,131.86,0.05,1450,245864,0.001,1.1326110363006592,14741
-23.159459849999998,169,5532,133.18,0.05,1450,246480,0.001,0.8686209321022034,14779
-22.996888929999997,170,5536,133.19,0.05,1451,246704,0.001,0.9569711685180664,14793
-22.040628980000005,170,5540,133.69,0.05,1451,247468,0.001,1.5779733657836914,14841
-21.352029500000004,170,5544,135.55,0.05,1451,247660,0.001,1.2651747465133667,14853
-21.6692168,171,5548,137.78,0.05,1451,248652,0.001,0.6174700856208801,14915
-21.263074080000003,171,5552,138.93,0.05,1451,249468,0.001,1.6516690254211426,14966
-20.814536679999996,172,5556,140.03,0.05,1452,250044,0.001,1.5752601623535156,15002
-21.516257859999996,172,5560,138.98,0.05,1452,250532,0.001,1.0846388339996338,15033
-21.416108470000005,172,5564,138.13,0.05,1452,250844,0.001,1.246111512184143,15052
-20.13418133,173,5568,144.19,0.05,1452,251756,0.001,1.6561135053634644,15109
-18.787762479999998,173,5572,143.78,0.05,1453,252420,0.001,1.5274091958999634,15151
-17.73274671,174,5576,144.63,0.05,1453,252984,0.001,2.4641191959381104,15186
-17.63317478,174,5580,146.19,0.05,1452,253528,0.001,0.9429785013198853,15220
-18.547070969999996,174,5584,145.83,0.05,1452,253888,0.001,0.6729404926300049,15242
-18.07152655,174,5588,141.27,0.05,1452,254124,0.001,1.5220576524734497,15257
-15.594508649999998,175,5592,137.46,0.05,1452,254540,0.001,1.028076171875,15283
-15.196258069999997,175,5596,136.7,0.05,1453,254944,0.001,1.255101203918457,15308
-14.86768893,176,5600,133.17,0.05,1443,255468,0.001,2.3506507873535156,15341
-15.1357528,177,5604,133.82,0.05,1443,255640,0.001,1.0321636199951172,15352
-15.55041999,177,5608,139.65,0.05,1443,256644,0.001,1.2252593040466309,15415
-17.37753354,178,5612,143.36,0.05,1444,257568,0.001,1.5742384195327759,15472
-17.63952501,178,5616,140.15,0.05,1444,258040,0.001,1.0074089765548706,15502
-17.33598342,178,5620,137.51,0.05,1444,258540,0.001,1.5498515367507935,15533
-17.180904690000002,179,5624,136.11,0.05,1444,259256,0.001,1.3384581804275513,15578
-14.76488887,179,5628,138.85,0.05,1445,259796,0.001,1.6808044910430908,15612
-17.543142460000002,180,5632,140.68,0.05,1445,260628,0.001,0.7245491743087769,15664
-15.20967342,180,5636,140.69,0.05,1445,260844,0.001,2.1781044006347656,15677
-16.5691146,180,5640,139.67,0.05,1445,261268,0.001,1.4439817667007446,15704
-15.981979179999996,181,5644,140.05,0.05,1445,261832,0.001,0.6691004633903503,15739
-14.44276609,181,5648,139.18,0.05,1446,262492,0.001,0.8454670906066895,15780
-14.649562809999999,181,5652,137.16,0.05,1446,263084,0.001,1.6615513563156128,15817
-15.60516785,182,5656,135.51,0.05,1446,263496,0.001,2.090056896209717,15843
-15.094664550000003,182,5660,133.98,0.05,1446,263792,0.001,0.37044742703437805,15861
-15.619703690000003,182,5664,132.32,0.05,1446,264064,0.001,1.152854561805725,15878
-12.943112709999998,182,5668,126.6,0.05,1446,264532,0.001,1.733314037322998,15908
-13.57383139,183,5672,127.19,0.05,1446,265016,0.001,2.414356231689453,15938
-14.376965249999998,183,5676,124.23,0.05,1446,265312,0.001,1.0565497875213623,15956
-13.31374929,183,5680,122.73,0.05,1447,266060,0.001,1.4560426473617554,16003
-12.67759626,184,5684,126.57,0.05,1447,266632,0.001,1.7812764644622803,16039
-12.42343441,184,5688,129.17,0.05,1447,267012,0.001,1.436155080795288,16063
-14.37199179,184,5692,130.69,0.05,1447,267572,0.001,0.986211359500885,16098
-14.00447612,185,5696,129.93,0.05,1447,267912,0.001,0.4423382580280304,16119
-13.97821496,185,5700,130.79,0.05,1447,268572,0.001,1.2321734428405762,16160
-13.853605210000001,185,5704,131.64,0.05,1447,268892,0.001,0.4517466723918915,16180
-13.85555669,186,5708,125.87,0.05,1447,269280,0.001,1.297255516052246,16204
-13.266444,186,5712,119.91,0.05,1447,269720,0.001,1.1747279167175293,16232
-12.91623159,186,5716,119.49,0.05,1447,269956,0.001,0.9265298843383789,16247
-13.427092199999999,187,5720,118.4,0.05,1438,270380,0.001,0.6312623620033264,16273
-13.22425522,188,5724,117.96,0.05,1438,270848,0.001,1.8802542686462402,16302
-14.269002460000001,188,5728,116.24,0.05,1437,271452,0.001,0.47319090366363525,16340
-13.69510176,189,5732,115.8,0.05,1435,272040,0.001,1.4411321878433228,16377
-15.92702107,189,5736,115.45,0.05,1435,272264,0.001,0.9337377548217773,16391
-15.741141769999999,190,5740,119.42,0.05,1436,273168,0.001,1.1159048080444336,16447
-16.3043194,190,5744,117.14,0.05,1436,273628,0.001,0.6398311853408813,16476
-17.66704591,190,5748,114.79,0.05,1436,274104,0.001,1.396470069885254,16506
-17.39269413,191,5752,116.53,0.05,1436,274512,0.001,1.4422507286071777,16531
-16.84341792,191,5756,114.92,0.05,1436,275052,0.001,0.6568803787231445,16565
-16.551441529999998,191,5760,113.81,0.05,1436,275284,0.001,1.11259925365448,16580
-16.396527399999997,192,5764,116.51,0.05,1436,275796,0.001,0.5294787883758545,16612
-19.88896932,192,5768,115.15,0.05,1436,276160,0.001,0.9066475629806519,16634
-20.605179590000002,192,5772,115.46,0.05,1436,276468,0.001,0.5117169618606567,16654
-20.39353318,192,5776,114.97,0.05,1436,276812,0.001,0.6689984202384949,16675
-21.34492831,193,5780,114.4,0.05,1436,277448,0.001,2.085580825805664,16715
-21.35066997,193,5784,112.1,0.05,1436,277844,0.001,1.5279836654663086,16740
-22.025424080000004,193,5788,111.59,0.05,1437,278236,0.001,0.3353731632232666,16764
-22.99898167,193,5792,109.86,0.05,1437,278696,0.001,1.1334980726242065,16793
-23.797442259999997,194,5796,111.36,0.05,1437,279460,0.001,0.644162118434906,16841
-23.975208070000008,194,5800,115.6,0.05,1437,279852,0.001,0.9474870562553406,16865
-24.4970395,194,5804,112.92,0.05,1437,280160,0.001,0.6875759959220886,16884
-24.858882440000006,195,5808,112.23,0.05,1437,280528,0.001,1.0015473365783691,16907
-25.193411890000004,195,5812,113.18,0.05,1438,281028,0.001,1.7365895509719849,16939
-24.69145917,195,5816,112.45,0.05,1437,281396,0.001,1.3292324542999268,16962
-24.268848950000002,196,5820,113.69,0.05,1437,281972,0.001,0.47764095664024353,16998
-24.48358015000001,196,5824,117.11,0.05,1438,282744,0.001,1.3563556671142578,17046
-24.211784520000002,196,5828,117.64,0.05,1438,283016,0.001,0.3814394772052765,17063
-23.703080410000002,197,5832,116.44,0.05,1438,283556,0.001,1.2273783683776855,17097
-23.079786249999998,197,5836,115.46,0.05,1438,283844,0.001,0.686428427696228,17115
-21.413078080000005,197,5840,111.98,0.05,1438,284384,0.001,1.657007098197937,17148
-20.919493369999994,199,5844,115.39,0.05,1428,285404,0.001,1.567208170890808,17212
-21.07465258,200,5848,118.77,0.05,1428,285896,0.001,0.594137966632843,17243
-18.87431689,200,5852,118.3,0.05,1428,286520,0.001,0.3847636878490448,17282
-19.423244620000002,200,5856,120.06,0.05,1428,287012,0.001,1.4167373180389404,17313
-16.66983774,201,5860,122.51,0.05,1428,287388,0.001,1.2936804294586182,17336
-14.75034317,201,5864,122.48,0.05,1429,288220,0.001,2.3972697257995605,17388
-14.252037679999999,201,5868,127.5,0.05,1429,288748,0.001,0.39578115940093994,17421
-14.18975068,202,5872,127.25,0.05,1429,289264,0.001,0.2819189429283142,17453
-15.334898709999997,202,5876,128.97,0.05,1429,289740,0.001,1.0195157527923584,17483
-13.476140269999998,203,5880,131.02,0.05,1429,290324,0.001,0.885829746723175,17520
-13.89230659,203,5884,130.12,0.05,1430,290784,0.001,0.4219452738761902,17548
-13.290720999999998,203,5888,134.11,0.05,1430,291756,0.001,1.3783509731292725,17609
-12.96814976,204,5892,133.77,0.05,1430,292200,0.001,0.827651858329773,17637
-13.82703715,204,5896,134.62,0.05,1430,292608,0.001,1.7413266897201538,17662
-14.30874831,204,5900,129.83,0.05,1430,293104,0.001,0.968244731426239,17693
-14.6645235,205,5904,130.73,0.05,1430,293380,0.001,0.9674971699714661,17711
-14.71178086,205,5908,133.29,0.05,1430,293716,0.001,0.2996881604194641,17732
-15.031918629999998,205,5912,130.98,0.05,1430,294160,0.001,1.3954218626022339,17759
-15.130904050000002,205,5916,133.2,0.05,1430,294720,0.001,0.6590481400489807,17794
-15.4366219,206,5920,134.29,0.05,1431,295276,0.001,0.4508848786354065,17829
-15.857739779999998,206,5924,129.58,0.05,1431,295380,0.001,0.9904227256774902,17836
-16.083816589999998,206,5928,129.2,0.05,1431,296116,0.001,0.6744757294654846,17882
-18.478743240000004,207,5932,128.4,0.05,1431,296472,0.001,0.4007079601287842,17904
-18.38254044,207,5936,129.53,0.05,1431,296880,0.001,1.9746851921081543,17929
-18.89347933,207,5940,130.97,0.05,1431,297408,0.001,0.6452636122703552,17962
-19.656398760000002,208,5944,130.1,0.05,1431,298244,0.001,1.9656641483306885,18015
-18.96691495,208,5948,131.06,0.05,1431,298880,0.001,2.4240760803222656,18054
-21.47297543,208,5952,128.44,0.05,1431,299180,0.001,0.5985565185546875,18073
-20.409806880000005,209,5956,126.8,0.05,1431,299776,0.001,0.30835312604904175,18110
