rollout/ep_rew_mean,time/time_elapsed,time/episodes,rollout/ep_len_mean,rollout/exploration_rate,time/fps,time/total_timesteps,train/learning_rate,train/loss,train/n_updates
-33.240435500000004,0,4,9.25,0.9993983333333334,192,76,,,
-35.33556887500001,0,8,13.625,0.99886,342,144,,,
-35.44415225000001,0,12,14.416666666666666,0.9985116666666667,426,188,,,
-34.802298750000006,0,16,12.75,0.9982899999999999,474,216,,,
-34.56889210000001,0,20,11.75,0.9976883333333332,601,292,,,
-34.671379916666666,0,24,13.25,0.9972766666666668,680,344,,,
-34.93908492857143,0,28,13.5,0.9969283333333332,737,388,,,
-34.90626075,0,32,13.0625,0.996485,804,444,,,
-34.91811427777778,0,36,13.777777777777779,0.9958516666666667,900,524,,,
-34.79509070731707,0,40,13.804878048780488,0.9953766666666667,958,584,,,
-34.73620497727273,0,44,13.818181818181818,0.9950916666666667,989,620,,,
-34.6220778125,0,48,13.541666666666666,0.9946166666666667,1041,680,,,
-34.63532094230769,0,52,13.75,0.9942683333333332,1071,724,,,
-34.80495507142857,0,56,13.732142857142858,0.9936033333333334,1132,808,,,
-34.72046461666666,0,60,13.85,0.9933816666666666,1147,836,,,
-34.785873453125,0,64,13.828125,0.9926533333333335,1205,928,,,
-34.782834264705876,0,68,13.764705882352942,0.99183,1266,1032,,,
-34.855628930555554,0,72,14.652777777777779,0.991545,1276,1068,,,
-34.85270392105263,0,76,14.486842105263158,0.9909433333333333,1314,1144,,,
-34.7768534875,0,80,14.3,0.9906266666666667,1328,1184,,,
-34.68947841666667,0,84,14.035714285714286,0.9901199999999999,1357,1248,,,
-35.04030370454546,0,88,14.284090909090908,0.9897716666666666,1371,1292,,,
-35.09231565217391,0,92,14.347826086956522,0.9893283333333333,1389,1348,,,
-35.040216237113405,1,96,14.329896907216495,0.9886633333333334,1426,1432,,,
-35.10333336000001,1,100,14.5,0.98841,1437,1464,,,
-35.107096240000004,1,104,14.6,0.9879666666666667,1454,1520,,,
-35.009477360000005,1,108,14.39,0.9875233333333333,1472,1576,,,
-34.97413741,1,112,14.19,0.98727,1478,1608,,,
-34.960359909999994,1,116,14.38,0.9866683333333333,1502,1684,,,
-34.95777474,1,120,14.81,0.9858766666666667,1530,1784,,,
-35.00938247,1,124,14.49,0.9854333333333334,1539,1840,,,
-34.8603829,1,128,14.22,0.9850850000000001,1545,1884,,,
-34.875013620000004,1,132,14.3,0.9846099999999999,1550,1944,,,
-35.34870942,1,136,14.65,0.9843249999999999,1556,1980,,,
-35.53760826,1,140,14.91,0.9837233333333333,1572,2056,,,
-35.5535039,1,144,15.03,0.9830266666666667,1593,2144,,,
-35.573910760000004,1,148,15.24,0.9825833333333334,1606,2200,,,
-35.50393416,1,152,15.01,0.9819816666666668,1621,2276,,,
-35.49203068,1,156,15.2,0.9818233333333335,1620,2296,,,
-35.4844047,1,160,14.85,0.9814116666666667,1632,2348,,,
-35.424646540000005,1,164,14.85,0.981,1639,2400,,,
-35.4592345,1,168,14.9,0.9805883333333333,1648,2452,,,
-35.51847099,1,172,14.24,0.9801133333333333,1662,2512,,,
-35.47862333,1,176,14.33,0.9798283333333333,1665,2548,,,
-35.45222856,1,180,14.21,0.9794166666666666,1672,2600,,,
-35.52159743,1,184,14.39,0.9788783333333334,1681,2668,,,
-35.16246456,1,188,14.29,0.9784666666666667,1689,2720,,,
-35.19597895,1,192,14.36,0.9777699999999999,1705,2808,,,
-35.15981862,1,196,14.69,0.9772316666666667,1717,2876,,,
-35.00583938,1,200,14.27,0.9769466666666667,1721,2912,,,
-34.95964611,1,204,14.53,0.9763766666666667,1728,2984,,,
-34.93187827,1,208,14.53,0.9759016666666668,1737,3044,,,
-35.03284975,1,212,14.73,0.9756483333333333,1738,3076,,,
-35.05489155,1,216,14.57,0.9753633333333334,1739,3112,,,
-35.02714313999999,1,220,14.12,0.9750466666666667,1742,3152,,,
-34.92941038,1,224,14.05,0.9746983333333334,1745,3196,,,
-34.9830891,1,228,14.14,0.9740966666666668,1754,3272,,,
-35.00068763,1,232,14.51,0.9735583333333333,1765,3340,,,
-34.571993049999996,1,236,13.95,0.9734,1765,3360,,,
-34.38036146,1,240,13.52,0.9728616666666666,1774,3428,,,
-34.35950407,1,244,13.35,0.9724499999999998,1776,3480,,,
-34.597410190000005,1,248,13.43,0.9720383333333334,1779,3532,,,
-34.63109007,2,252,13.47,0.9716583333333333,1781,3580,,,
-34.49740519,2,256,13.32,0.9712149999999999,1786,3636,,,
-34.48949926,2,260,13.36,0.9705816666666667,1790,3716,,,
-34.48301423,2,264,13.67,0.9702966666666667,1791,3752,,,
-34.614124450000006,2,268,13.8,0.9695999999999999,1800,3840,,,
-34.437193140000005,2,272,14.02,0.9689666666666666,1806,3920,,,
-34.6272615,2,276,14.16,0.9686816666666667,1805,3956,,,
-34.69073209,2,280,14.4,0.9679533333333333,1809,4048,,,
-34.80807497,2,284,14.54,0.9675416666666665,1810,4100,,,
-34.81306743,2,288,14.22,0.9671933333333333,1811,4144,,,
-34.68106215999999,2,292,13.99,0.9663383333333333,1815,4252,,,
-34.689592880000006,2,296,14.31,0.965895,1815,4308,,,
-34.74357768,2,300,14.69,0.9653250000000001,1820,4380,,,
-34.741424329999994,2,304,14.63,0.964945,1822,4428,,,
-34.59556133,2,308,14.38,0.9645016666666667,1823,4484,,,
-34.732259109999994,2,312,14.5,0.9640899999999999,1826,4536,,,
-34.75329659,2,316,14.64,0.9636466666666667,1830,4592,,,
-34.85637377999999,2,320,14.87,0.9633616666666666,1829,4628,,,
-34.95856303000001,2,324,15.09,0.96276,1834,4704,,,
-34.93830499,2,328,15.12,0.962475,1833,4740,,,
-34.85205045,2,332,14.61,0.9621899999999999,1836,4776,,,
-34.743624839999995,2,336,14.7,0.9615883333333333,1841,4852,,,
-34.80569968,2,340,14.93,0.9610816666666667,1843,4916,,,
-34.8305087,2,344,15.18,0.9604166666666666,1845,5000,,,
-34.65905318,2,348,15.09,0.9601633333333334,1844,5032,,,
-34.64447465,2,352,15.0,0.959625,1849,5100,,,
-34.83992038,2,356,15.1,0.9589916666666667,1853,5180,,,
-35.110635370000004,2,360,15.59,0.9586433333333335,1855,5224,,,
-35.11240123,2,364,15.25,0.9581366666666666,1857,5288,,,
-34.9734496,2,368,15.06,0.9577249999999999,1860,5340,,,
-35.210833220000005,2,372,15.05,0.9567116666666668,1867,5468,,,
-35.01128629,2,376,15.15,0.9560783333333333,1872,5548,,,
-35.09960676000001,3,380,15.19,0.9553816666666668,1876,5636,,,
-35.52977287,3,384,15.93,0.9548749999999999,1879,5700,,,
-35.689988340000006,3,388,16.26,0.9544950000000001,1881,5748,,,
-35.63106346000001,3,392,15.89,0.9541783333333332,1884,5788,,,
-35.684271730000006,3,396,15.41,0.9537033333333332,1886,5848,,,
-35.748781339999994,3,400,15.42,0.9532283333333333,1888,5908,,,
-35.79156858,3,404,15.21,0.9528166666666666,1887,5960,,,
-35.91307999,3,408,15.42,0.9524683333333334,1888,6004,,,
-35.84420357,3,412,15.29,0.9518033333333332,1891,6088,,,
-35.79936736,3,416,15.33,0.95117,1891,6168,,,
-35.92996669,3,420,15.79,0.9506316666666668,1893,6236,,,
-35.72354523,3,424,15.76,0.9501566666666665,1895,6296,,,
-35.76087022,3,428,15.79,0.9497450000000001,1895,6348,,,
-35.758836720000005,3,432,16.12,0.9491433333333334,1896,6424,,,
-35.80571103,3,436,16.12,0.9485416666666665,1898,6500,,,
-36.05424823,3,440,16.28,0.9482249999999999,1899,6540,,,
-36.14006877,3,444,16.01,0.9478133333333334,1899,6592,,,
-36.183259830000004,3,448,16.08,0.9469583333333333,1905,6700,,,
-36.11420519,3,452,16.58,0.946515,1907,6756,,,
-36.07105094,3,456,16.37,0.9462933333333332,1905,6784,,,
-35.81071344,3,460,16.0,0.9458816666666667,1904,6836,,,
-35.86252296,3,464,16.25,0.945375,1906,6900,,,
-35.79349809,3,468,16.08,0.9449,1906,6960,,,
-35.573789819999995,3,472,15.98,0.9445516666666668,1904,7004,,,
-35.60591635,3,476,15.89,0.9437283333333333,1910,7108,,,
-35.67704609,3,480,16.06,0.9434116666666666,1908,7148,,,
-35.1644337,3,484,15.18,0.943,1908,7200,,,
-34.99109851,3,488,14.93,0.9425566666666666,1907,7256,,,
-35.048763959999995,3,492,15.13,0.94224,1908,7296,,,
-35.19917346,3,496,15.55,0.9408149999999998,1914,7476,,,
-35.56238011000001,3,500,16.11,0.9401816666666666,1914,7556,,,
-35.76194633,3,504,16.57,0.9396116666666666,1913,7628,,,
-35.64492572,4,508,16.65,0.9392000000000001,1912,7680,,,
-35.68736382,4,512,16.87,0.9383450000000001,1914,7788,,,
-36.086845909999994,4,516,17.3,0.9378383333333332,1913,7852,,,
-35.90922715,4,520,16.85,0.9375216666666666,1913,7892,,,
-36.01446555,4,524,16.62,0.937015,1913,7956,,,
-35.98799167999999,4,528,16.8,0.9366033333333333,1911,8008,,,
-36.024580949999994,4,532,16.71,0.9360016666666666,1911,8084,,,
-35.97583424,4,536,16.6,0.9356533333333334,1907,8128,,,
-35.73155229,4,540,16.47,0.9351783333333334,1908,8188,,,
-35.71430926,4,544,16.66,0.93464,1907,8256,,,
-35.67431176,4,548,16.68,0.9340383333333334,1908,8332,,,
-35.68271998,4,552,16.21,0.9337533333333333,1906,8368,,,
-35.876364020000004,4,556,16.63,0.9329299999999999,1909,8472,,,
-35.82975471,4,560,16.91,0.9325500000000001,1908,8520,,,
-35.750772659999996,4,564,16.58,0.9322016666666666,1907,8564,,,
-35.74478044000001,4,568,16.7,0.9316633333333334,1908,8632,,,
-35.689347940000005,4,572,16.72,0.9313466666666668,1906,8672,,,
-35.673230399999994,4,576,16.4,0.9308716666666668,1908,8732,,,
-35.48103689,4,580,16.18,0.9304600000000001,1908,8784,,,
-35.438774370000004,4,584,16.26,0.9300483333333334,1909,8836,,,
-35.41657926,4,588,16.35,0.9294783333333333,1908,8908,,,
-35.47128806,4,592,16.58,0.9290983333333335,1907,8956,,,
-35.355657900000004,4,596,16.23,0.9286233333333332,1907,9016,,,
-35.01322122,4,600,15.53,0.9280216666666666,1907,9092,,,
-34.86497265,4,604,15.21,0.927705,1907,9132,,,
-34.901618619999994,4,608,14.9,0.9273250000000001,1906,9180,,,
-34.79334883999999,4,612,14.63,0.9270400000000001,1905,9216,,,
-34.507423980000006,4,616,14.12,0.9267550000000001,1904,9252,,,
-34.622152449999994,4,620,14.22,0.9259950000000001,1906,9348,,,
-35.21054947999999,4,624,14.62,0.9255516666666668,1906,9404,,,
-35.20801348,4,628,14.49,0.9251400000000001,1906,9456,,,
-35.178906919999996,4,632,14.33,0.9247599999999999,1906,9504,,,
-35.1762653,5,636,14.43,0.9244116666666666,1906,9548,,,
-35.05106844,5,640,14.03,0.9241266666666667,1906,9584,,,
-34.932082799999996,5,644,13.79,0.92381,1906,9624,,,
-34.86805417,5,648,13.5,0.923335,1907,9684,,,
-34.7754779,5,652,13.5,0.9227650000000001,1909,9756,,,
-34.65614669000001,5,656,13.46,0.9225433333333333,1908,9784,,,
-34.69421316,5,660,13.26,0.9219416666666665,1907,9860,,,
-34.70035786,5,664,13.46,0.9214983333333332,1906,9916,,,
-34.69987423,5,668,13.67,0.9209283333333335,1906,9988,,,
-34.71663966,5,672,13.56,0.92058,1904,10032,0.0003,2.616797685623169,1
-34.842835570000005,5,676,13.67,0.9198833333333335,1895,10120,0.0003,1.9002848863601685,7
-35.116918850000005,5,680,13.89,0.9196933333333333,1892,10144,0.0003,0.4916973114013672,8
-35.166624569999996,5,684,13.8,0.9190916666666666,1887,10220,0.0003,2.58276629447937,13
-35.34394506,5,688,13.81,0.9187116666666668,1883,10268,0.0003,2.334885597229004,16
-35.215273780000004,5,692,13.73,0.9182683333333335,1877,10324,0.0003,3.0247018337249756,20
-35.22161209,5,696,13.6,0.9176666666666667,1872,10400,0.0003,2.3351528644561768,24
-35.37101013,5,700,13.67,0.9170650000000001,1866,10476,0.0003,2.106048583984375,29
-35.67264319,5,704,13.9,0.9165899999999999,1862,10536,0.0003,2.7864019870758057,33
-35.670781520000006,5,708,14.16,0.9161466666666666,1858,10592,0.0003,2.333085536956787,36
-35.68912312,5,712,14.23,0.91564,1853,10656,0.0003,1.1712493896484375,40
-35.58908701,5,716,14.39,0.9152916666666667,1849,10700,0.0003,1.8751784563064575,43
-35.45957617,5,720,14.36,0.9148166666666666,1844,10760,0.0003,2.339320182800293,47
-35.06673749,5,724,14.41,0.91374,1838,10896,0.0003,2.0909063816070557,55
-35.1103128,5,728,14.85,0.9133916666666667,1834,10940,0.0003,2.5661332607269287,58
-35.11483288,5,732,14.72,0.9130750000000001,1830,10980,0.0003,1.8689191341400146,61
-35.13195113999999,6,736,14.77,0.9126000000000002,1828,11040,0.0003,1.8723618984222412,64
-35.189669460000005,6,740,15.21,0.911935,1822,11124,0.0003,1.8757771253585815,70
-35.75204533,6,744,15.38,0.9114283333333335,1819,11188,0.0003,1.4111607074737549,74
-35.79940930000001,6,748,15.64,0.9107949999999999,1814,11268,0.0003,1.874387502670288,79
-35.861560250000004,6,752,16.21,0.9100983333333335,1811,11356,0.0003,2.564368486404419,84
-35.760572419999995,6,756,16.02,0.9098133333333334,1806,11392,0.0003,2.1039459705352783,86
-35.72328538,6,760,15.73,0.9094333333333333,1803,11440,0.0003,1.404305338859558,89
-35.98185329,6,764,15.82,0.9089266666666668,1797,11504,0.0003,3.0288097858428955,93
-36.05871431,6,768,15.79,0.9082933333333332,1793,11584,0.0003,1.6572691202163696,98
-36.306298659999996,6,772,15.83,0.9077233333333334,1789,11656,0.0003,1.7275667190551758,103
-36.26886953,6,776,16.25,0.907185,1786,11724,0.0003,2.0921428203582764,107
-35.978488999999996,6,780,16.14,0.9066783333333335,1783,11788,0.0003,1.6402678489685059,111
-36.02525055,6,784,16.19,0.9061716666666666,1780,11852,0.0003,1.1694121360778809,115
-35.8515762,6,788,16.6,0.9056333333333334,1776,11920,0.0003,2.327983856201172,119
-35.95454504999999,6,792,16.85,0.9046833333333333,1772,12040,0.0003,0.9854090809822083,127
-36.123295289999994,6,796,17.29,0.9042083333333333,1770,12100,0.0003,2.086195230484009,131
-35.99846167,6,800,17.21,0.9037333333333334,1768,12160,0.0003,2.522151231765747,134
-35.70053186999999,6,804,16.86,0.903195,1765,12228,0.0003,1.412380337715149,139
-35.63107207,6,808,16.82,0.90291,1763,12264,0.0003,1.8477346897125244,141
-35.6117987,7,812,16.87,0.9020233333333333,1758,12376,0.0003,2.5218000411987305,148
-35.9003686,7,816,17.53,0.9013583333333334,1755,12460,0.0003,2.299417495727539,153
-36.047396320000004,7,820,17.5,0.9004716666666667,1749,12572,0.0003,1.8508760929107666,160
-35.927982359999994,7,824,17.76,0.9001233333333335,1745,12616,0.0003,2.2899937629699707,163
-35.852084039999994,7,828,17.14,0.8995850000000001,1742,12684,0.0003,1.3827725648880005,167
-36.04790873,7,832,17.54,0.8992049999999999,1740,12732,0.0003,1.8306488990783691,170
-36.200813950000004,7,836,17.51,0.8988566666666666,1736,12776,0.0003,1.3910975456237793,173
-36.14094778,7,840,17.61,0.8979066666666667,1733,12896,0.0003,2.291790246963501,180
-35.686970220000006,7,844,17.67,0.8971149999999999,1728,12996,0.0003,2.5160322189331055,187
-36.21203102,7,848,17.99,0.8967350000000001,1726,13044,0.0003,1.2501413822174072,190
-36.335309009999996,7,852,17.58,0.8959750000000001,1723,13140,0.0003,0.9214732646942139,196
-36.43353321,7,856,17.83,0.8956583333333332,1721,13180,0.0003,2.5125091075897217,198
-36.488544450000006,7,860,18.07,0.8948983333333332,1719,13276,0.0003,1.3832920789718628,204
-36.32721297,7,864,17.99,0.894265,1717,13356,0.0003,2.5131676197052,209
-36.307913160000005,7,868,18.09,0.8935366666666666,1714,13448,0.0003,0.9316041469573975,215
-36.39688702,7,872,18.68,0.8932833333333332,1713,13480,0.0003,0.48614633083343506,217
-36.376987510000006,7,876,18.13,0.8926499999999999,1711,13560,0.0003,1.832966923713684,222
-36.573438499999995,7,880,18.3,0.8924283333333334,1709,13588,0.0003,1.1521599292755127,224
-36.43736800999999,7,884,18.31,0.8918266666666668,1708,13664,0.0003,1.37763512134552,228
-36.423063729999996,8,888,18.05,0.89132,1705,13728,0.0003,1.1584193706512451,232
-36.21405006,8,892,17.26,0.8908766666666667,1703,13784,0.0003,2.512002944946289,236
-36.20403371,8,896,17.18,0.8903066666666666,1700,13856,0.0003,1.9339690208435059,240
-36.05737789,8,900,17.14,0.8900216666666665,1697,13892,0.0003,2.96826434135437,243
-36.10884357,8,904,17.32,0.8896100000000001,1696,13944,0.0003,1.1750682592391968,246
-36.168594510000005,8,908,17.19,0.8889766666666665,1693,14024,0.0003,0.9452727437019348,251
-36.352839509999995,8,912,17.69,0.8883433333333333,1690,14104,0.0003,0.9228194355964661,256
-36.02220579,8,916,16.99,0.8879316666666666,1689,14156,0.0003,1.8226958513259888,259
-35.864115,8,920,16.86,0.88733,1686,14232,0.0003,1.596018671989441,264
-35.819633429999996,8,924,16.68,0.8868233333333334,1682,14296,0.0003,1.1574888229370117,268
-35.80035213000001,8,928,16.96,0.8861266666666666,1680,14384,0.0003,2.249406337738037,273
-35.608294289999996,8,932,17.03,0.8857466666666668,1678,14432,0.0003,2.0363574028015137,276
-35.44854922,8,936,16.8,0.8851766666666667,1676,14504,0.0003,2.022603988647461,281
-35.453474039999996,8,940,16.92,0.8846066666666667,1674,14576,0.0003,0.924286425113678,285
-35.4783269,8,944,17.02,0.8840683333333332,1671,14644,0.0003,0.692933201789856,290
-34.85891833,8,948,16.55,0.8831183333333333,1669,14764,0.0003,1.7914296388626099,297
-34.637315660000006,8,952,16.57,0.88239,1666,14856,0.0003,1.5866591930389404,303
-34.39739651,8,956,17.54,0.8817250000000001,1664,14940,0.0003,1.3510065078735352,308
-34.528068929999996,9,960,17.71,0.8812499999999999,1552,15000,0.0003,1.790522813796997,312
-34.17034763,9,964,17.5,0.8804266666666667,1552,15104,0.0003,1.5855478048324585,318
-34.12358989,9,968,17.52,0.8798883333333333,1552,15172,0.0003,1.5812368392944336,323
-34.06154212,9,972,17.34,0.879255,1551,15252,0.0003,2.2507317066192627,328
-33.99201119,9,976,17.39,0.8785899999999999,1551,15336,0.0003,2.259713649749756,333
-33.86456595,9,980,17.75,0.8781466666666669,1550,15392,0.0003,2.7054591178894043,336
-33.9175214,9,984,17.72,0.8778299999999999,1550,15432,0.0003,2.031248092651367,339
-33.92338897,9,988,17.49,0.8774816666666667,1548,15476,0.0003,1.1452977657318115,342
-33.82529648,10,992,17.38,0.8771016666666666,1548,15524,0.0003,1.367016077041626,345
-33.8625107,10,996,17.68,0.8762783333333334,1547,15628,0.0003,2.260615110397339,351
-33.871914350000004,10,1000,17.75,0.8755816666666666,1546,15716,0.0003,2.023449420928955,357
-33.81701918,10,1004,18.12,0.8752966666666666,1545,15752,0.0003,2.261425495147705,359
-33.79385135,10,1008,17.99,0.8750116666666665,1544,15788,0.0003,2.038350820541382,361
-33.62572813,10,1012,17.57,0.8742516666666666,1543,15884,0.0003,0.9190074801445007,367
-33.78067478,10,1016,17.69,0.8737133333333335,1542,15952,0.0003,0.9205507636070251,371
-33.76660347,10,1020,17.99,0.8733333333333333,1541,16000,0.0003,2.240159511566162,374
-33.74374988,10,1024,17.57,0.8730166666666667,1540,16040,0.0003,1.5815789699554443,377
-33.75958875,10,1028,17.46,0.8726683333333334,1539,16084,0.0003,1.3467257022857666,380
-33.73058261999999,10,1032,17.01,0.8723516666666669,1538,16124,0.0003,2.4718821048736572,382
-33.76762828,10,1036,17.3,0.8716550000000001,1537,16212,0.0003,1.1153894662857056,388
-33.74277601,10,1040,17.01,0.8712433333333334,1536,16264,0.0003,1.8014566898345947,391
-33.73526117,10,1044,16.91,0.8707366666666667,1535,16328,0.0003,1.3489587306976318,395
-33.70851846,10,1048,17.0,0.8702616666666666,1534,16388,0.0003,1.803170919418335,399
-33.722342600000005,10,1052,16.88,0.8696283333333333,1533,16468,0.0003,1.3451640605926514,404
-34.010817010000004,10,1056,15.94,0.8690583333333333,1532,16540,0.0003,1.7851696014404297,408
-33.846456520000004,10,1060,15.85,0.8686149999999999,1531,16596,0.0003,2.4593982696533203,412
-33.80430829,10,1064,15.64,0.8682666666666667,1530,16640,0.0003,1.5628639459609985,414
-33.82893615,10,1068,15.8,0.8674750000000001,1529,16740,0.0003,2.449523448944092,421
-33.77636693,11,1072,16.38,0.8663983333333333,1529,16876,0.0003,2.6730964183807373,429
-33.77918595,11,1076,16.61,0.8659233333333333,1528,16936,0.0003,1.120600700378418,433
-33.704085920000004,11,1080,16.16,0.8653533333333332,1528,17008,0.0003,2.2514145374298096,437
-33.66386543,11,1084,16.5,0.8646249999999999,1527,17100,0.0003,0.6905039548873901,443
-33.62987136000001,11,1088,16.64,0.8643400000000001,1526,17136,0.0003,2.6446828842163086,445
-33.68988881,11,1092,16.96,0.8635483333333333,1525,17236,0.0003,1.5624855756759644,452
-33.5810581,11,1096,17.33,0.8628516666666668,1524,17324,0.0003,1.3336695432662964,457
-33.58804988,11,1100,17.15,0.8625666666666668,1523,17360,0.0003,2.2091314792633057,459
-33.50056255,11,1104,16.7,0.8619333333333332,1523,17440,0.0003,1.1171083450317383,464
-33.52186447,11,1108,16.81,0.8614583333333333,1522,17500,0.0003,1.7789911031723022,468
-33.63246309,11,1112,17.12,0.8607933333333334,1522,17584,0.0003,1.1341038942337036,473
-33.54235215,11,1116,16.97,0.8602866666666666,1521,17648,0.0003,1.7957119941711426,477
-33.60922133,11,1120,17.61,0.8594633333333335,1519,17752,0.0003,1.7938401699066162,484
-33.61092688,11,1124,17.51,0.8587666666666667,1519,17840,0.0003,1.7919352054595947,489
-33.66728577999999,11,1128,17.85,0.8581966666666666,1518,17912,0.0003,2.2152607440948486,494
-33.85984776,11,1132,18.78,0.8571200000000001,1518,18048,0.0003,2.0182533264160156,502
-33.97173956,11,1136,19.43,0.8562333333333334,1517,18160,0.0003,1.779079794883728,509
-34.00087595,12,1140,19.59,0.8556633333333333,1516,18232,0.0003,1.7753621339797974,514
-33.885371279999994,12,1144,19.56,0.8549983333333334,1515,18316,0.0003,2.7630622386932373,519
-33.95784148999999,12,1148,19.75,0.8543649999999999,1514,18396,0.0003,0.6926172375679016,524
-34.12852198,12,1152,19.98,0.8539533333333335,1514,18448,0.0003,2.3960609436035156,527
-34.03263178,12,1156,19.67,0.853605,1513,18492,0.0003,2.2049779891967773,530
-34.03148298000001,12,1160,19.52,0.8531299999999999,1512,18552,0.0003,2.2016844749450684,534
-34.03342492000001,12,1164,19.55,0.8528766666666666,1511,18584,0.0003,0.8990499973297119,536
-34.07818995,12,1168,19.56,0.8522116666666667,1511,18668,0.0003,2.4273617267608643,541
-34.05562375,12,1172,18.44,0.8517683333333333,1510,18724,0.0003,2.22058367729187,545
-34.08303131,12,1176,18.57,0.8512616666666668,1509,18788,0.0003,1.5370019674301147,549
-34.073328540000006,12,1180,18.71,0.85028,1508,18912,0.0003,1.7647852897644043,556
-34.37008486,12,1184,18.9,0.8496149999999999,1508,18996,0.0003,1.9924229383468628,562
-34.3714678,12,1188,18.86,0.8492666666666666,1508,19040,0.0003,0.6791977286338806,564
-34.2894268,12,1192,18.7,0.8486966666666667,1507,19112,0.0003,1.1047147512435913,569
-34.35185647,12,1196,18.19,0.8481900000000001,1506,19176,0.0003,1.9814180135726929,573
-34.33453107999999,12,1200,18.66,0.8476516666666667,1505,19244,0.0003,2.0006635189056396,577
-34.39843712,12,1204,18.56,0.8472083333333333,1504,19300,0.0003,1.097931981086731,581
-34.48629362,12,1208,18.8,0.8465750000000001,1504,19380,0.0003,3.0935816764831543,586
-34.3224805,12,1212,18.59,0.8461949999999999,1503,19428,0.0003,2.0109763145446777,589
-34.326391109999996,13,1216,19.06,0.8451816666666665,1502,19556,0.0003,2.0008950233459473,597
-34.19572376,13,1220,18.69,0.8446433333333334,1499,19624,0.0003,2.199191093444824,601
-34.25979738,13,1224,18.84,0.8439783333333333,1498,19708,0.0003,2.4353888034820557,606
-34.347141820000004,13,1228,18.82,0.8435350000000001,1496,19764,0.0003,2.216311454772949,610
-34.162666099999996,13,1232,18.37,0.8425216666666668,1494,19892,0.0003,1.3293975591659546,618
-34.05504044,13,1236,18.01,0.8421733333333332,1494,19936,0.0003,1.947211503982544,620
-34.05036437,13,1240,17.73,0.8416033333333335,1493,20008,0.0003,2.6682562828063965,625
-34.09218154,13,1244,17.83,0.8409066666666667,1492,20096,0.0003,0.6885608434677124,630
-34.065108450000004,13,1248,17.76,0.8403366666666667,1491,20168,0.0003,0.6735719442367554,635
-33.87665006,13,1252,17.69,0.8399883333333334,1491,20212,0.0003,2.1998674869537354,638
-33.907984219999996,13,1256,17.75,0.8392916666666668,1491,20300,0.0003,2.845623731613159,643
-34.15949,13,1260,18.49,0.8384050000000001,1490,20412,0.0003,2.8479111194610596,650
-34.29921847,13,1264,18.91,0.837835,1489,20484,0.0003,2.965759754180908,655
-34.194293880000004,13,1268,18.6,0.8371700000000002,1489,20568,0.0003,1.334565281867981,660
-34.47631077999999,13,1272,19.3,0.8361250000000001,1488,20700,0.0003,1.5651514530181885,668
-34.48903026,13,1276,19.32,0.8358400000000001,1488,20736,0.0003,1.7402617931365967,670
-34.51238858,14,1280,19.19,0.835555,1481,20772,0.0003,1.5598512887954712,673
-34.24960226,14,1284,18.36,0.8349533333333334,1480,20848,0.0003,2.813896894454956,677
-34.31680661,14,1288,18.84,0.8339716666666667,1479,20972,0.0003,1.106938123703003,685
-34.31869593,14,1292,19.47,0.8334650000000001,1478,21036,0.0003,2.624652624130249,689
-34.32091054,14,1296,19.62,0.8326416666666667,1478,21140,0.0003,1.7657966613769531,696
-34.33608937,14,1300,19.67,0.8322616666666668,1477,21188,0.0003,1.9534012079238892,699
-34.24292065,14,1304,19.69,0.831755,1476,21252,0.0003,1.31326425075531,703
-34.08188565,14,1308,19.49,0.8311216666666668,1475,21332,0.0003,0.6821191906929016,708
-34.06860736000001,14,1312,19.65,0.83071,1475,21384,0.0003,1.7635893821716309,711
-34.15785374,14,1316,19.33,0.8301716666666669,1474,21452,0.0003,1.9957408905029297,715
-34.245598740000005,14,1320,18.8,0.8297916666666667,1474,21500,0.0003,2.6163125038146973,718
-34.14388449,14,1324,18.74,0.8291583333333334,1472,21580,0.0003,2.197216033935547,723
-33.982878660000004,14,1328,18.49,0.8285883333333334,1472,21652,0.0003,0.6776050329208374,728
-33.99406769999999,14,1332,18.64,0.8281766666666667,1471,21704,0.0003,0.8972657918930054,731
-33.91216324,14,1336,18.27,0.8276383333333333,1470,21772,0.0003,1.7637523412704468,735
-33.87547955,14,1340,18.4,0.8269416666666667,1469,21860,0.0003,2.186243772506714,741
-34.14901071,14,1344,18.41,0.8261499999999999,1469,21960,0.0003,2.8516712188720703,747
-34.236469809999996,15,1348,19.31,0.82463,1469,22152,0.0003,3.1586415767669678,759
-34.285352589999995,15,1352,19.42,0.8239650000000001,1468,22236,0.0003,0.9023345708847046,764
-34.23553702999999,15,1356,19.85,0.8236483333333335,1468,22276,0.0003,1.3385682106018066,767
-34.035822239999995,15,1360,19.27,0.82254,1467,22416,0.0003,2.181582450866699,775
-34.005234009999995,15,1364,20.08,0.8218116666666666,1466,22508,0.0003,1.7922645807266235,781
-34.02685953,15,1368,20.1,0.8213366666666667,1466,22568,0.0003,0.8827039003372192,785
-33.93254502,15,1372,19.73,0.8208300000000002,1465,22632,0.0003,1.1055997610092163,789
-33.8019647,15,1376,19.98,0.8199433333333335,1465,22744,0.0003,1.4997358322143555,796
-33.7634592,15,1380,19.89,0.8189616666666667,1464,22868,0.0003,1.3261550664901733,804
-33.68737107,15,1384,20.9,0.8182333333333334,1464,22960,0.0003,1.9970144033432007,809
-33.60156355,15,1388,21.03,0.8175049999999999,1464,23052,0.0003,2.636566162109375,815
-33.67385629,15,1392,20.9,0.8168083333333335,1463,23140,0.0003,1.5286343097686768,821
-33.64849929,15,1396,20.97,0.8161116666666668,1463,23228,0.0003,1.7511696815490723,826
-33.585569590000006,15,1400,20.84,0.8153199999999998,1463,23328,0.0003,1.538181185722351,832
-33.67231796,16,1404,21.56,0.81456,1462,23424,0.0003,1.081842064857483,838
-33.66614872,16,1408,21.33,0.8141800000000001,1462,23472,0.0003,2.5959596633911133,841
-33.789504859999994,16,1412,21.94,0.8131350000000002,1461,23604,0.0003,1.5655550956726074,850
-33.63097652,16,1416,21.79,0.8129766666666668,1461,23624,0.0003,1.7443500757217407,851
-33.58609225000001,16,1420,21.69,0.8124066666666667,1461,23696,0.0003,1.5203003883361816,855
-33.60369725,16,1424,22.04,0.8116149999999999,1460,23796,0.0003,1.960209846496582,862
-33.77455825999999,16,1428,22.21,0.811235,1459,23844,0.0003,1.5189012289047241,865
-33.77161255,16,1432,21.72,0.8107600000000001,1459,23904,0.0003,1.9194581508636475,868
-33.76641422,16,1436,21.92,0.81019,1458,23976,0.0003,1.553361177444458,873
-33.77784012,16,1440,21.98,0.8096833333333332,1458,24040,0.0003,0.6565262079238892,877
-33.42569038,16,1444,21.84,0.8088283333333334,1457,24148,0.0003,2.1825575828552246,884
-33.69305273,16,1448,22.34,0.8080683333333334,1457,24244,0.0003,1.1095967292785645,890
-33.67687649,16,1452,21.45,0.8076566666666667,1456,24296,0.0003,2.359072208404541,893
-33.586530010000004,16,1456,21.42,0.8063899999999999,1456,24456,0.0003,0.6576058864593506,903
-33.57170736,16,1460,21.52,0.8059783333333332,1456,24508,0.0003,2.184791326522827,906
-33.45405697,16,1464,20.77,0.80544,1456,24576,0.0003,1.33194100856781,910
-33.44893287,16,1468,20.7,0.8051550000000001,1455,24612,0.0003,1.5451014041900635,913
-33.33946051,16,1472,20.65,0.804585,1455,24684,0.0003,2.1571037769317627,917
-33.44373453,16,1476,20.31,0.8042366666666667,1454,24728,0.0003,1.5449578762054443,920
-33.52586563,17,1480,20.71,0.8032549999999999,1454,24852,0.0003,1.7323400974273682,928
-33.551265840000006,17,1484,19.67,0.8029383333333333,1454,24892,0.0003,1.3204104900360107,930
-33.69702658,17,1488,19.31,0.8024316666666668,1453,24956,0.0003,2.178515672683716,934
-33.651423529999995,17,1492,18.83,0.8017666666666666,1452,25040,0.0003,2.1755282878875732,939
-33.623241009999994,17,1496,18.96,0.80107,1451,25128,0.0003,1.777489185333252,945
-33.72160753,17,1500,18.72,0.800595,1450,25188,0.0003,1.7325520515441895,949
-33.688288889999995,17,1504,18.37,0.8002466666666667,1450,25232,0.0003,0.8901093006134033,951
-33.72511986999999,17,1508,18.26,0.79993,1450,25272,0.0003,1.9839290380477905,954
-33.583593359999995,17,1512,17.72,0.7989166666666667,1449,25400,0.0003,2.322685956954956,962
-33.63894897,17,1516,17.61,0.7980933333333332,1449,25504,0.0003,2.6246445178985596,968
-33.64451054999999,17,1520,18.25,0.7976183333333333,1448,25564,0.0003,3.565035820007324,972
-33.45548985,17,1524,18.5,0.7973650000000001,1448,25596,0.0003,2.197411298751831,974
-33.30787218,17,1528,18.2,0.7967,1448,25680,0.0003,1.5257816314697266,979
-33.28867319,17,1532,18.58,0.79613,1447,25752,0.0003,1.7005332708358765,984
-33.30448105,17,1536,18.57,0.7951483333333335,1446,25876,0.0003,1.3136520385742188,992
-33.354525040000006,17,1540,18.94,0.7945466666666667,1446,25952,0.0003,2.1706416606903076,996
-33.33405607,18,1544,19.17,0.7938816666666666,1446,26036,0.0003,2.1961097717285156,1002
-32.90169008,18,1548,18.7,0.7925833333333332,1446,26200,0.0003,1.973841905593872,1012
-32.845296080000004,18,1552,19.04,0.7920766666666667,1445,26264,0.0003,1.5350720882415771,1016
-33.026101180000005,18,1556,19.22,0.7915383333333332,1445,26332,0.0003,1.5588836669921875,1020
-33.01223296,18,1560,19.48,0.7905566666666668,1444,26456,0.0003,1.9446343183517456,1028
-32.833984810000004,18,1564,19.95,0.789005,1444,26652,0.0003,1.1020421981811523,1040
-32.90700721,18,1568,20.96,0.7885933333333333,1443,26704,0.0003,1.968192219734192,1043
-32.93536116999999,18,1572,20.97,0.7877700000000001,1443,26808,0.0003,1.3425151109695435,1050
-32.93191279,18,1576,21.14,0.7875483333333332,1442,26836,0.0003,0.9001420140266418,1052
-32.86367352,18,1580,20.54,0.7870416666666666,1442,26900,0.0003,0.8647996783256531,1056
-32.82021173000001,18,1584,20.32,0.7866616666666666,1441,26948,0.0003,2.1854517459869385,1059
-32.74046229,18,1588,20.43,0.7859333333333335,1441,27040,0.0003,1.3432559967041016,1064
-32.65770683000001,18,1592,21.24,0.7854266666666666,1441,27104,0.0003,1.4798046350479126,1068
-32.64873118,18,1596,20.9,0.7847933333333333,1440,27184,0.0003,1.2930792570114136,1073
-32.548748,18,1600,21.03,0.7840333333333334,1440,27280,0.0003,1.5096222162246704,1079
-32.497210460000005,18,1604,21.29,0.7834000000000001,1440,27360,0.0003,1.3077746629714966,1084
-32.49203789,19,1608,21.24,0.7828300000000001,1439,27432,0.0003,1.7235134840011597,1089
-32.50179609,19,1612,21.56,0.7823233333333333,1439,27496,0.0003,2.286902666091919,1093
-32.556122050000006,19,1616,20.9,0.7819750000000001,1438,27540,0.0003,1.507461667060852,1096
-32.59026662,19,1620,21.0,0.7812466666666666,1438,27632,0.0003,2.1699657440185547,1101
-32.865790909999994,19,1624,20.55,0.7807716666666668,1438,27692,0.0003,0.6399584412574768,1105
-32.960281099999996,19,1628,21.19,0.7802333333333333,1437,27760,0.0003,1.5344609022140503,1109
-32.98000934,19,1632,21.3,0.7792516666666668,1437,27884,0.0003,1.3415781259536743,1117
-32.98431627,19,1636,21.34,0.7787133333333334,1436,27952,0.0003,1.3110191822052002,1121
-32.974738190000004,19,1640,21.17,0.7779533333333334,1436,28048,0.0003,1.0868088006973267,1127
-33.058241100000004,19,1644,20.97,0.7771299999999999,1436,28152,0.0003,1.750027060508728,1134
-33.051596939999996,19,1648,20.95,0.7766233333333334,1435,28216,0.0003,1.7411102056503296,1138
-33.0842642,19,1652,20.45,0.7759583333333333,1435,28300,0.0003,1.3165072202682495,1143
-33.0357259,19,1656,20.17,0.7754200000000001,1435,28368,0.0003,2.5272650718688965,1147
-33.00456609,19,1660,19.97,0.7750716666666666,1435,28412,0.0003,1.335327386856079,1150
-33.20434624,19,1664,19.27,0.7743433333333332,1434,28504,0.0003,1.712620735168457,1156
-33.13760038,19,1668,18.27,0.7738050000000001,1434,28572,0.0003,1.0786070823669434,1160
-33.15271594,19,1672,18.63,0.7732033333333335,1433,28648,0.0003,1.3163048028945923,1165
-33.098817939999996,20,1676,18.62,0.772475,1433,28740,0.0003,1.9536691904067993,1171
-33.055778169999996,20,1680,19.26,0.7714616666666666,1433,28868,0.0003,1.4799127578735352,1179
-32.95905259999999,20,1684,19.83,0.7709550000000001,1433,28932,0.0003,1.5300785303115845,1183
-32.97082969,20,1688,19.96,0.7703533333333334,1432,29008,0.0003,2.6027913093566895,1187
-33.073642889999995,20,1692,19.49,0.7693716666666667,1432,29132,0.0003,2.0669708251953125,1195
-33.12610051,20,1696,19.94,0.769055,1432,29172,0.0003,1.5114614963531494,1198
-33.148078659999996,20,1700,20.2,0.7680416666666666,1431,29300,0.0003,1.0876132249832153,1206
-33.19368025,20,1704,19.7,0.7676616666666666,1431,29348,0.0003,1.5280919075012207,1209
-33.13948189,20,1708,20.04,0.7669333333333335,1430,29440,0.0003,1.5051690340042114,1214
-33.148275700000006,20,1712,20.54,0.7658883333333335,1430,29572,0.0003,1.7556565999984741,1223
-33.09123151000001,20,1716,21.14,0.7652233333333334,1430,29656,0.0003,2.3842484951019287,1228
-33.02750046,20,1720,21.53,0.7642733333333334,1429,29776,0.0003,2.8243446350097656,1235
-32.78898582,20,1724,21.9,0.7635766666666667,1429,29864,0.0003,0.875273585319519,1241
-32.743660049999995,20,1728,21.34,0.7629116666666668,1429,29948,0.0003,1.0686209201812744,1246
-32.77180418,21,1732,21.29,0.7621516666666668,1381,30044,0.0003,1.317195177078247,1252
-32.7879693,21,1736,21.9,0.7611700000000001,1382,30168,0.0003,1.1130421161651611,1260
-32.67683922000001,21,1740,21.86,0.7606316666666666,1382,30236,0.0003,1.7466185092926025,1264
-32.65979551,21,1744,21.95,0.7598716666666667,1382,30332,0.0003,1.9599745273590088,1270
-32.64963168,21,1748,21.93,0.7594283333333334,1382,30388,0.0003,0.6617096066474915,1274
-32.67470971,22,1752,21.97,0.7586683333333334,1382,30484,0.0003,1.9277338981628418,1280
-32.54439257000001,22,1756,22.2,0.7575600000000001,1382,30624,0.0003,2.1237385272979736,1288
-32.587107,22,1760,22.5,0.7569266666666666,1382,30704,0.0003,1.0910016298294067,1293
-32.5961533,22,1764,22.16,0.7562616666666667,1382,30788,0.0003,0.9673584699630737,1299
-32.59302678,22,1768,22.92,0.7553750000000001,1382,30900,0.0003,1.4904165267944336,1306
-32.49773579000001,22,1772,22.95,0.75452,1382,31008,0.0003,1.9480499029159546,1312
-32.48052724000001,22,1776,23.02,0.7539816666666666,1382,31076,0.0003,1.3232487440109253,1317
-32.75122203,22,1780,23.01,0.7536966666666668,1381,31112,0.0003,0.8846082091331482,1319
-32.89748934,22,1784,22.68,0.7531266666666667,1381,31184,0.0003,1.9152052402496338,1323
-32.86790808,22,1788,22.35,0.7526833333333334,1381,31240,0.0003,1.529862403869629,1327
-33.254257579999994,22,1792,22.51,0.7518916666666666,1381,31340,0.0003,1.9970998764038086,1333
-33.23148920999999,22,1796,22.25,0.7512266666666667,1381,31424,0.0003,2.3642733097076416,1338
-33.22444889,22,1800,22.5,0.7501500000000001,1381,31560,0.0003,0.8559183478355408,1347
-33.23025003,22,1804,22.9,0.7496433333333333,1381,31624,0.0003,1.9336061477661133,1351
-33.28052802,22,1808,22.75,0.7492,1381,31680,0.0003,1.9054772853851318,1354
-33.26403931,23,1812,21.99,0.7483449999999999,1381,31788,0.0003,1.504523515701294,1361
-33.19662821,23,1816,21.63,0.747965,1381,31836,0.0003,1.3166308403015137,1364
-33.23396657999999,23,1820,21.24,0.7472366666666668,1381,31928,0.0003,2.8181569576263428,1370
-33.3879583,23,1824,20.91,0.7467300000000001,1381,31992,0.0003,1.7133042812347412,1374
-33.27396053,23,1828,21.42,0.7454000000000001,1381,32160,0.0003,0.8515283465385437,1384
-33.19157488,23,1832,21.86,0.7448300000000001,1381,32232,0.0003,1.9437695741653442,1389
-33.06478885,23,1836,21.61,0.7443866666666668,1381,32288,0.0003,1.5268611907958984,1392
-33.10648029,23,1840,21.39,0.7436266666666668,1381,32384,0.0003,1.7334582805633545,1398
-33.10578363,23,1844,21.28,0.743025,1380,32460,0.0003,1.5129214525222778,1403
-33.07807081,23,1848,21.39,0.74236,1380,32544,0.0003,2.634152412414551,1408
-33.01691804,23,1852,21.6,0.7418533333333335,1380,32608,0.0003,1.7268052101135254,1412
-33.10217101999999,23,1856,20.72,0.7415049999999999,1380,32652,0.0003,1.7241655588150024,1415
-33.090925569999996,23,1860,20.71,0.7408083333333334,1380,32740,0.0003,2.3583922386169434,1421
-33.072288099999994,23,1864,20.73,0.7404916666666668,1380,32780,0.0003,2.117201089859009,1423
-33.08522435,23,1868,20.11,0.7397950000000001,1380,32868,0.0003,1.3207948207855225,1429
-33.206485289999996,23,1872,20.38,0.73875,1380,33000,0.0003,0.8586512804031372,1437
-33.19239981,23,1876,20.6,0.7382116666666667,1380,33068,0.0003,1.2977564334869385,1441
-32.92105805999999,23,1880,19.89,0.737705,1380,33132,0.0003,2.5411500930786133,1445
-32.900623859999996,24,1884,20.11,0.7365333333333334,1380,33280,0.0003,1.3203229904174805,1454
-32.804222589999995,24,1888,21.12,0.7361533333333332,1380,33328,0.0003,1.2891892194747925,1457
-32.40778211,24,1892,20.82,0.73533,1380,33432,0.0003,1.506148099899292,1464
-32.41061838,24,1896,20.7,0.7345383333333335,1380,33532,0.0003,1.2442247867584229,1470
-32.449623790000004,24,1900,20.47,0.7336833333333335,1380,33640,0.0003,1.5070019960403442,1477
-32.347489579999994,24,1904,20.83,0.7328916666666666,1380,33740,0.0003,1.5247676372528076,1483
-32.37629583,24,1908,21.02,0.7324166666666666,1380,33800,0.0003,1.6960111856460571,1487
-32.38927167000001,24,1912,21.15,0.7317516666666668,1379,33884,0.0003,2.553755521774292,1492
-32.63453132000001,24,1916,20.97,0.7313083333333334,1379,33940,0.0003,1.0501303672790527,1496
-32.591832919999995,24,1920,21.24,0.7304533333333334,1380,34048,0.0003,3.006223678588867,1502
-32.58088327,24,1924,21.61,0.7296933333333334,1380,34144,0.0003,1.319171667098999,1508
-32.67101931,24,1928,21.58,0.7287433333333335,1380,34264,0.0003,1.7035303115844727,1516
-32.71860835,24,1932,21.26,0.7283633333333335,1379,34312,0.0003,2.1713953018188477,1519
-32.8052047,24,1936,20.71,0.7276983333333336,1379,34396,0.0003,1.9244873523712158,1524
-32.87059661999999,25,1940,21.02,0.72678,1379,34512,0.0003,1.3472785949707031,1531
-32.87892972,25,1944,21.24,0.7263683333333333,1378,34564,0.0003,0.8937587141990662,1535
-32.96505314,25,1948,21.1,0.7256400000000001,1378,34656,0.0003,0.8758542537689209,1540
-33.002167320000005,25,1952,21.17,0.7248800000000002,1378,34752,0.0003,1.0844049453735352,1546
-32.98940135,25,1956,21.83,0.72374,1379,34896,0.0003,1.3266268968582153,1555
-33.24495646,25,1960,22.27,0.7230433333333334,1379,34984,0.0003,2.6438004970550537,1561
-33.27237533,25,1964,22.59,0.7226,1379,35040,0.0003,2.316540241241455,1564
-33.32255935,25,1968,22.62,0.7216500000000001,1378,35160,0.0003,1.4964590072631836,1572
-33.21077719,25,1972,22.3,0.7207950000000001,1378,35268,0.0003,2.5235726833343506,1579
-33.236898569999994,25,1976,21.99,0.7200983333333333,1378,35356,0.0003,1.856466293334961,1584
-33.13941335,25,1980,22.76,0.71937,1378,35448,0.0003,1.5025029182434082,1590
-33.00442426000001,25,1984,23.15,0.7185150000000001,1378,35556,0.0003,1.4688173532485962,1597
-33.00100655999999,25,1988,22.89,0.717945,1378,35628,0.0003,1.0273977518081665,1601
-33.03251648,25,1992,23.08,0.7173116666666668,1378,35708,0.0003,0.6946763396263123,1606
-33.02670161000001,25,1996,22.93,0.7168366666666666,1378,35768,0.0003,1.2490828037261963,1610
-32.91345518,26,2000,22.96,0.7152850000000001,1378,35964,0.0003,1.1312288045883179,1622
-32.96897945,26,2004,23.29,0.7145250000000001,1378,36060,0.0003,1.0568126440048218,1628
-32.95669442,26,2008,23.4,0.7136383333333334,1378,36172,0.0003,3.0471017360687256,1635
-32.89292715,26,2012,23.58,0.7130366666666668,1378,36248,0.0003,1.115368127822876,1640
-32.76523469,26,2016,23.86,0.7125299999999999,1378,36312,0.0003,1.5212252140045166,1644
-32.78555401,26,2020,23.44,0.7118016666666667,1377,36404,0.0003,0.6190782189369202,1650
-32.747548650000006,26,2024,23.91,0.7106300000000001,1378,36552,0.0003,1.498495101928711,1659
-32.57067806,26,2028,23.52,0.7100916666666668,1377,36620,0.0003,0.6500229835510254,1663
-32.58495673,26,2032,23.88,0.7095850000000001,1377,36684,0.0003,1.9252681732177734,1667
-32.58241943,26,2036,24.13,0.7086033333333335,1377,36808,0.0003,1.1140152215957642,1675
-32.57580191,26,2040,23.35,0.7081283333333335,1377,36868,0.0003,2.715219020843506,1679
-32.50077768,26,2044,23.62,0.7076533333333335,1377,36928,0.0003,2.138170003890991,1682
-32.510031170000005,26,2048,23.64,0.7071466666666667,1377,36992,0.0003,0.8517637848854065,1686
-32.510557829999996,26,2052,23.73,0.7056899999999999,1377,37176,0.0003,1.5135692358016968,1698
-32.40958478,27,2056,23.88,0.7053100000000001,1377,37224,0.0003,3.231076717376709,1701
-32.14760505,27,2060,23.26,0.7045816666666668,1377,37316,0.0003,2.1752264499664307,1707
-31.9996708,27,2064,23.77,0.7036633333333335,1377,37432,0.0003,1.0665239095687866,1714
-31.916629120000003,27,2068,23.77,0.702555,1377,37572,0.0003,2.5751585960388184,1723
-31.79939244,27,2072,24.2,0.701605,1377,37692,0.0003,1.3021403551101685,1730
-31.637508670000003,27,2076,24.82,0.7012566666666666,1376,37736,0.0003,2.603614330291748,1733
-31.716814189999994,27,2080,24.46,0.7002750000000001,1376,37860,0.0003,2.7753400802612305,1741
-31.720558850000003,27,2084,24.13,0.6996733333333334,1376,37936,0.0003,1.9568527936935425,1745
-31.765134220000004,27,2088,23.83,0.6987866666666668,1376,38048,0.0003,1.291522741317749,1752
-31.629734390000007,27,2092,24.0,0.6984700000000001,1376,38088,0.0003,1.3290934562683105,1755
-31.692584650000004,27,2096,23.91,0.6979950000000001,1376,38148,0.0003,1.0802887678146362,1759
-31.85315291,27,2100,23.25,0.6968233333333332,1376,38296,0.0003,1.2376824617385864,1768
-31.786228710000003,27,2104,22.98,0.6964433333333333,1376,38344,0.0003,1.1135668754577637,1771
-31.6481474,27,2108,23.3,0.6950816666666667,1376,38516,0.0003,0.8816584944725037,1782
-31.606633009999996,28,2112,22.96,0.694385,1376,38604,0.0003,0.6933505535125732,1787
-31.713312329999994,28,2116,23.58,0.6936883333333332,1376,38692,0.0003,2.153285026550293,1793
-31.68163715,28,2120,23.66,0.6931500000000002,1376,38760,0.0003,1.0880995988845825,1797
-31.745561499999997,28,2124,23.4,0.6926433333333333,1375,38824,0.0003,1.1020902395248413,1801
-31.938074200000003,28,2128,23.41,0.6915983333333333,1376,38956,0.0003,1.6857656240463257,1809
-31.865635909999995,28,2132,23.14,0.6911550000000002,1375,39012,0.0003,2.5492327213287354,1813
-31.847608490000002,28,2136,23.45,0.6899516666666666,1376,39164,0.0003,1.4825292825698853,1822
-31.77380489,28,2140,24.03,0.6893816666666668,1375,39236,0.0003,1.7332351207733154,1827
-31.756124929999995,28,2144,24.04,0.6879883333333333,1376,39412,0.0003,1.1087872982025146,1838
-31.647842620000006,28,2148,24.64,0.6874500000000001,1376,39480,0.0003,1.2980644702911377,1842
-31.896521940000003,28,2152,24.72,0.686215,1376,39636,0.0003,0.8782824277877808,1852
-31.85617738,28,2156,24.6,0.6853283333333333,1375,39748,0.0003,1.5183866024017334,1859
-31.703476019999997,28,2160,25.26,0.6842516666666667,1376,39884,0.0003,2.587984085083008,1867
-31.770390080000002,29,2164,25.11,0.6836816666666667,1376,39956,0.0003,1.2887113094329834,1872
-31.71189542,29,2168,25.37,0.6822883333333334,1375,40132,0.0003,1.2726731300354004,1883
-31.893402529999992,29,2172,24.99,0.6818450000000001,1375,40188,0.0003,1.5249826908111572,1886
-31.88481542,29,2176,24.92,0.6813066666666667,1375,40256,0.0003,2.155766487121582,1890
-31.9208622,29,2180,25.22,0.6801349999999999,1375,40404,0.0003,0.8554979562759399,1900
-32.026171749999996,29,2184,25.53,0.6790266666666668,1375,40544,0.0003,1.7788983583450317,1908
-31.998956319999998,29,2188,25.72,0.6786783333333335,1375,40588,0.0003,0.659515917301178,1911
-31.997659889999994,29,2192,25.6,0.6779183333333334,1375,40684,0.0003,1.9521567821502686,1917
-31.868099110000003,29,2196,26.35,0.6771266666666668,1375,40784,0.0003,1.0756386518478394,1923
-31.85521111,29,2200,25.85,0.6764933333333334,1375,40864,0.0003,1.2616220712661743,1928
-31.853744000000003,29,2204,26.0,0.6755433333333334,1375,40984,0.0003,2.1183359622955322,1936
-31.834916639999996,29,2208,25.94,0.6747516666666667,1375,41084,0.0003,1.0715113878250122,1942
-31.83288125,29,2212,25.95,0.6741183333333335,1375,41164,0.0003,0.6442334651947021,1947
-31.769189930000003,30,2216,25.64,0.6732633333333333,1375,41272,0.0003,1.4363468885421753,1954
-31.698750920000002,30,2220,26.34,0.6720916666666668,1375,41420,0.0003,2.147657632827759,1963
-31.676969569999997,30,2224,26.43,0.6713000000000001,1375,41520,0.0003,2.588113784790039,1969
-31.669372519999992,30,2228,26.21,0.6709833333333333,1375,41560,0.0003,1.4289252758026123,1972
-31.66659134,30,2232,26.31,0.6701283333333334,1375,41668,0.0003,1.851271152496338,1979
-31.641701899999994,30,2236,26.15,0.6693049999999999,1375,41772,0.0003,1.517669916152954,1985
-31.669014150000002,30,2240,25.92,0.6688616666666666,1375,41828,0.0003,1.078599214553833,1989
-31.642387310000004,30,2244,26.01,0.6677533333333334,1375,41968,0.0003,1.4912129640579224,1997
-31.754381750000004,30,2248,25.5,0.6674366666666668,1375,42008,0.0003,1.2814983129501343,2000
-31.51760432,30,2252,24.8,0.6669933333333334,1374,42064,0.0003,1.5412129163742065,2003
-31.738246759999996,30,2256,24.91,0.6657900000000001,1374,42216,0.0003,1.6015318632125854,2013
-31.839245319999996,30,2260,24.72,0.6650616666666668,1374,42308,0.0003,1.9268097877502441,2019
-31.874253249999995,30,2264,24.55,0.66408,1374,42432,0.0003,1.5718480348587036,2026
-31.93005876,30,2268,24.35,0.6637316666666667,1374,42476,0.0003,0.6527849435806274,2029
-32.01550578,30,2272,23.6,0.663225,1374,42540,0.0003,1.0445451736450195,2033
-32.02178128999999,31,2276,23.37,0.6627816666666666,1373,42596,0.0003,0.8486228585243225,2037
-32.043844050000004,31,2280,23.19,0.6615466666666667,1373,42752,0.0003,1.0830638408660889,2046
-31.9466892,31,2284,23.27,0.6609766666666665,1373,42824,0.0003,2.4389498233795166,2051
-31.97397967,31,2288,23.09,0.6600583333333334,1373,42940,0.0003,1.1259163618087769,2058
-32.228691209999994,31,2292,23.59,0.6588233333333334,1373,43096,0.0003,1.6899080276489258,2068
-32.20563222,31,2296,23.0,0.6578733333333333,1373,43216,0.0003,1.5286285877227783,2075
-32.020560020000005,31,2300,23.92,0.656765,1373,43356,0.0003,1.965302586555481,2084
-31.914933219999998,31,2304,24.97,0.6559416666666666,1373,43460,0.0003,1.3097401857376099,2091
-32.06497792,31,2308,24.4,0.65553,1373,43512,0.0003,0.6690442562103271,2094
-32.0015543,31,2312,24.45,0.6549283333333336,1373,43588,0.0003,0.41919565200805664,2099
-31.942249609999998,31,2316,24.83,0.6538200000000001,1373,43728,0.0003,1.4822654724121094,2107
-31.92045666,31,2320,24.03,0.6529016666666667,1373,43844,0.0003,0.8472999930381775,2115
-31.91319612,31,2324,24.1,0.6526483333333333,1372,43876,0.0003,1.57021164894104,2117
-31.8976655,32,2328,23.77,0.6519199999999999,1373,43968,0.0003,0.8358930945396423,2122
-31.86896946,32,2332,23.93,0.65097,1373,44088,0.0003,1.0890222787857056,2130
-31.678745120000002,32,2336,24.4,0.6501466666666667,1373,44192,0.0003,1.9652737379074097,2136
-31.697049670000002,32,2340,24.12,0.6498616666666666,1372,44228,0.0003,0.2517639100551605,2139
-31.76862862,32,2344,23.45,0.6495766666666666,1372,44264,0.0003,1.528954029083252,2141
-31.756209520000002,32,2348,23.02,0.6489750000000002,1372,44340,0.0003,0.8712109327316284,2146
-31.65787073,32,2352,23.66,0.6478983333333334,1372,44476,0.0003,1.3042527437210083,2154
-31.346149809999993,32,2356,23.9,0.6462516666666667,1373,44684,0.0003,0.616468608379364,2167
-31.85135136,32,2360,24.61,0.6458083333333333,1372,44740,0.0003,1.1099975109100342,2171
-31.858443,32,2364,24.76,0.6448266666666665,1372,44864,0.0003,1.945511817932129,2178
-31.903070910000007,32,2368,24.39,0.6441933333333334,1372,44944,0.0003,1.3112672567367554,2183
-31.928378170000006,33,2372,25.15,0.643275,1342,45060,0.0003,0.8987229466438293,2191
-31.942535419999995,33,2376,25.16,0.6429583333333334,1342,45100,0.0003,1.4705740213394165,2193
-31.90924055,33,2380,24.69,0.6417866666666667,1343,45248,0.0003,3.1292779445648193,2202
-31.806471330000004,33,2384,24.63,0.6408366666666668,1343,45368,0.0003,1.2678816318511963,2210
-31.850892279999993,33,2388,25.36,0.64033,1343,45432,0.0003,1.7846237421035767,2214
-31.689542409999994,33,2392,24.84,0.6396016666666666,1343,45524,0.0003,1.3497860431671143,2220
-31.730788469999997,33,2396,24.83,0.6390633333333335,1343,45592,0.0003,1.1141053438186646,2224
-31.95407025,33,2400,24.1,0.6385566666666667,1343,45656,0.0003,0.8719310760498047,2228
-32.0906583,34,2404,22.39,0.6382083333333334,1343,45700,0.0003,1.0693877935409546,2231
-32.05002121999999,34,2408,22.93,0.6372583333333333,1344,45820,0.0003,3.431260347366333,2238
-32.08609044,34,2412,22.71,0.6365933333333333,1344,45904,0.0003,0.8186618089675903,2243
-32.18845825,34,2416,22.98,0.6355483333333334,1344,46036,0.0003,2.137648344039917,2252
-32.17396992,34,2420,23.7,0.6341866666666667,1344,46208,0.0003,1.0835685729980469,2262
-31.96608158,34,2424,23.75,0.6333633333333333,1344,46312,0.0003,1.4868775606155396,2269
-31.919590579999998,34,2428,24.01,0.63273,1344,46392,0.0003,0.8386527895927429,2274
-31.708340740000004,34,2432,24.49,0.63159,1344,46536,0.0003,0.6606425642967224,2283
-31.934841339999995,34,2436,23.72,0.6308933333333335,1344,46624,0.0003,2.1502106189727783,2288
-31.561726919999998,34,2440,24.6,0.6301966666666667,1344,46712,0.0003,1.0557984113693237,2294
-31.56202308,34,2444,24.86,0.6295316666666666,1344,46796,0.0003,1.082231044769287,2299
-31.435574609999993,34,2448,25.71,0.62855,1344,46920,0.0003,1.7614524364471436,2307
-31.441110810000005,34,2452,25.49,0.6280433333333335,1344,46984,0.0003,1.512176752090454,2311
-31.70896706,34,2456,24.81,0.6274733333333334,1344,47056,0.0003,2.0949788093566895,2315
-31.203268450000007,35,2460,23.66,0.6270299999999999,1344,47112,0.0003,1.5197584629058838,2319
-31.20482189,35,2464,23.66,0.6263966666666666,1344,47192,0.0003,0.25669723749160767,2324
-31.13970206,35,2468,23.43,0.625605,1344,47292,0.0003,1.2916395664215088,2330
-31.044487299999997,35,2472,23.15,0.6251616666666666,1344,47348,0.0003,0.4683084189891815,2334
-30.99070717,35,2476,23.43,0.6233883333333333,1344,47572,0.0003,0.6639994382858276,2348
-30.93292769,35,2480,24.45,0.6226916666666666,1344,47660,0.0003,1.313047170639038,2353
-30.913517639999995,35,2484,24.73,0.6218049999999999,1345,47772,0.0003,1.271150827407837,2360
-30.9177869,35,2488,24.31,0.62114,1345,47856,0.0003,1.3071322441101074,2365
-30.835846630000002,35,2492,24.94,0.6199366666666668,1345,48008,0.0003,1.3278223276138306,2375
-30.808682140000002,35,2496,25.03,0.6186699999999999,1345,48168,0.0003,1.4892263412475586,2385
-30.38373848,35,2500,25.91,0.6180683333333332,1345,48244,0.0003,3.088122844696045,2390
-30.40134458,35,2504,26.14,0.6176249999999999,1345,48300,0.0003,2.1935150623321533,2393
-30.40045943,35,2508,25.61,0.6171500000000001,1345,48360,0.0003,1.1160047054290771,2397
-30.39625345,35,2512,25.26,0.6166750000000001,1345,48420,0.0003,1.3263087272644043,2401
-30.346058109999998,36,2516,24.65,0.61582,1345,48528,0.0003,2.1625277996063232,2407
-30.743091419999995,36,2520,24.71,0.6148066666666666,1345,48656,0.0003,1.3003888130187988,2415
-30.759996619999992,36,2524,24.46,0.6141416666666668,1345,48740,0.0003,1.3266409635543823,2421
-30.733575060000003,36,2528,24.75,0.6129383333333334,1345,48892,0.0003,2.1320457458496094,2430
-31.06477352,36,2532,24.57,0.6118933333333334,1345,49024,0.0003,2.592808485031128,2438
-31.298354089999993,36,2536,25.45,0.6112283333333333,1345,49108,0.0003,1.0749255418777466,2444
-31.515095329999998,36,2540,25.57,0.6100566666666667,1345,49256,0.0003,2.3867764472961426,2453
-31.54188115,36,2544,25.86,0.6086633333333333,1345,49432,0.0003,1.869657039642334,2464
-31.42430902,36,2548,26.65,0.6077450000000002,1345,49548,0.0003,1.3254914283752441,2471
-31.520766790000003,36,2552,26.32,0.6072066666666667,1345,49616,0.0003,0.8926543593406677,2475
-31.495039699999996,36,2556,26.55,0.6065099999999999,1344,49704,0.0003,1.5063972473144531,2481
-31.51020497,37,2560,26.66,0.605845,1345,49788,0.0003,1.7732627391815186,2486
-31.45699135,37,2564,26.69,0.6053700000000002,1344,49848,0.0003,0.892051100730896,2490
-31.486828599999996,37,2568,26.87,0.603755,1345,50052,0.0003,0.46167710423469543,2503
-31.250892240000002,37,2572,27.37,0.60328,1345,50112,0.0003,0.45486071705818176,2506
-31.234093220000005,37,2576,27.15,0.6026783333333334,1345,50188,0.0003,1.087392807006836,2511
-31.18787054,37,2580,26.78,0.6017599999999999,1345,50304,0.0003,2.14874529838562,2518
-31.375908580000004,37,2584,26.34,0.6010633333333334,1345,50392,0.0003,1.9276890754699707,2524
-31.37274286,37,2588,26.19,0.6001766666666668,1344,50504,0.0003,2.2979769706726074,2531
-31.371256230000004,37,2592,25.71,0.5996066666666667,1345,50576,0.0003,1.5616352558135986,2535
-31.39026426,37,2596,25.55,0.5991949999999999,1344,50628,0.0003,1.2877185344696045,2539
-31.742153240000007,37,2600,24.96,0.5982766666666668,1345,50744,0.0003,2.2080020904541016,2546
-31.66073255,37,2604,25.43,0.5974533333333335,1345,50848,0.0003,1.768454670906067,2552
-31.773995969999998,37,2608,25.6,0.5970416666666668,1344,50900,0.0003,2.5937206745147705,2556
-31.779288700000002,37,2612,26.06,0.59625,1345,51000,0.0003,1.9287163019180298,2562
-31.75815374,37,2616,25.63,0.5956800000000002,1344,51072,0.0003,2.0508623123168945,2566
-31.407589929999993,38,2620,25.2,0.5948883333333334,1344,51172,0.0003,0.37780749797821045,2573
-31.586497169999998,38,2624,25.04,0.5946033333333333,1344,51208,0.0003,2.002962589263916,2575
-31.679403460000003,38,2628,24.99,0.5934950000000001,1344,51348,0.0003,1.8603389263153076,2584
-31.48337436,38,2632,24.63,0.5931466666666666,1344,51392,0.0003,1.8600449562072754,2586
-31.242361529999997,38,2636,23.75,0.591595,1344,51588,0.0003,1.5015718936920166,2599
-31.488749450000004,38,2640,23.48,0.5909616666666668,1344,51668,0.0003,1.107171893119812,2604
-31.17972066,38,2644,24.35,0.58979,1345,51816,0.0003,0.25702834129333496,2613
-31.19677676,38,2648,23.61,0.5892200000000001,1345,51888,0.0003,0.6454262733459473,2617
-31.172230839999997,38,2652,23.3,0.5887766666666667,1345,51944,0.0003,1.3021697998046875,2621
-31.12410887,38,2656,23.26,0.5879216666666667,1344,52052,0.0003,1.0884201526641846,2628
-31.085448760000006,38,2660,23.14,0.5871933333333332,1344,52144,0.0003,0.6520974040031433,2633
-30.787650399999997,38,2664,23.96,0.5861166666666666,1344,52280,0.0003,1.7759944200515747,2642
-30.72175846,38,2668,23.99,0.5856733333333334,1344,52336,0.0003,1.932455062866211,2645
-30.73642634,39,2672,24.02,0.5843749999999999,1344,52500,0.0003,1.95293390750885,2656
-30.797016759999998,39,2676,23.91,0.5837416666666666,1344,52580,0.0003,1.5607142448425293,2661
-30.892925250000005,39,2680,23.42,0.5832350000000002,1344,52644,0.0003,1.9854931831359863,2665
-30.92946256,39,2684,22.99,0.5824750000000001,1344,52740,0.0003,2.4312305450439453,2671
-30.918943649999996,39,2688,22.76,0.581715,1344,52836,0.0003,1.5367783308029175,2677
-30.849978550000007,39,2692,24.08,0.5806383333333334,1344,52972,0.0003,0.6972022652626038,2685
-30.856130399999998,39,2696,24.73,0.5792766666666667,1344,53144,0.0003,1.5247184038162231,2696
-30.880300529999996,39,2700,24.56,0.5784533333333335,1344,53248,0.0003,0.9153183698654175,2702
-31.24963033,39,2704,24.91,0.5780099999999999,1344,53304,0.0003,1.5397344827651978,2706
-30.981607789999998,39,2708,25.44,0.5764266666666666,1344,53504,0.0003,1.570349931716919,2718
-31.007555520000004,39,2712,25.68,0.5755083333333335,1344,53620,0.0003,1.2461949586868286,2726
-30.719309720000005,39,2716,26.31,0.5750650000000002,1344,53676,0.0003,1.129220962524414,2729
-30.732840310000007,40,2720,26.1,0.5740516666666666,1345,53804,0.0003,1.119429349899292,2737
-30.56920371,40,2724,26.7,0.5731966666666667,1345,53912,0.0003,1.3042049407958984,2744
-30.534612069999998,40,2728,26.42,0.572595,1345,53988,0.0003,3.0457875728607178,2749
-30.938280790000004,40,2732,26.81,0.5717399999999999,1345,54096,0.0003,1.557052731513977,2755
-30.936605489999998,40,2736,26.98,0.5710116666666666,1345,54188,0.0003,1.7130918502807617,2761
-30.801893890000002,40,2740,26.27,0.57003,1345,54312,0.0003,1.218678593635559,2769
-31.342137179999998,40,2744,26.18,0.5684150000000001,1345,54516,0.0003,1.1089558601379395,2782
-30.83607141,40,2748,27.16,0.5677183333333333,1345,54604,0.0003,1.512346863746643,2787
-30.872770690000003,40,2752,27.22,0.567275,1345,54660,0.0003,0.9102659225463867,2791
-30.85194512999999,40,2756,27.13,0.5667683333333333,1345,54724,0.0003,1.9769103527069092,2795
-30.946598329999997,40,2760,27.17,0.5660083333333334,1345,54820,0.0003,0.8694248795509338,2801
-31.087241400000003,40,2764,26.63,0.5650583333333332,1345,54940,0.0003,1.0700609683990479,2808
-31.152256640000004,40,2768,26.61,0.5644883333333333,1345,55012,0.0003,1.312002420425415,2813
-31.47466347,40,2772,25.73,0.5636333333333334,1345,55120,0.0003,1.720731258392334,2819
-31.47174329000001,41,2776,25.65,0.563095,1345,55188,0.0003,1.7854244709014893,2824
-31.433699230000002,41,2780,26.46,0.5625883333333335,1345,55252,0.0003,1.3072712421417236,2828
-31.362598690000006,41,2784,27.02,0.5613850000000001,1345,55404,0.0003,1.7029789686203003,2837
-31.17912701,41,2788,27.74,0.5603716666666667,1345,55532,0.0003,1.6626988649368286,2845
-31.28761395,41,2792,26.44,0.5599283333333334,1345,55588,0.0003,1.486891269683838,2849
-31.33865902,41,2796,25.89,0.5587566666666668,1345,55736,0.0003,0.891076385974884,2858
-31.690737779999996,41,2800,26.51,0.5575216666666668,1345,55892,0.0003,1.2879436016082764,2868
-31.26272431,41,2804,26.52,0.5565083333333334,1345,56020,0.0003,1.8835679292678833,2876
-31.55848924,41,2808,26.86,0.5554950000000001,1345,56148,0.0003,1.1106252670288086,2884
-31.845045380000002,41,2812,27.0,0.5545766666666667,1345,56264,0.0003,1.5637753009796143,2891
-32.05532485,41,2816,26.48,0.5538483333333335,1345,56356,0.0003,1.700762152671814,2897
-32.02299725,41,2820,26.86,0.5527083333333334,1345,56500,0.0003,0.8438824415206909,2906
-31.989458669999998,42,2824,26.51,0.5522333333333334,1345,56560,0.0003,0.8632923364639282,2909
-32.0201972,42,2828,26.63,0.5511249999999999,1345,56700,0.0003,1.920791506767273,2918
-31.652924279999997,42,2832,26.9,0.55046,1345,56784,0.0003,1.3484865427017212,2923
-31.60194242,42,2836,27.22,0.5495100000000002,1345,56904,0.0003,1.8969169855117798,2931
-31.674699680000003,42,2840,27.41,0.5482116666666668,1345,57068,0.0003,1.527052879333496,2941
-31.229523960000005,42,2844,27.19,0.5478633333333335,1345,57112,0.0003,1.0528494119644165,2944
-31.987907309999997,42,2848,25.95,0.546945,1345,57228,0.0003,1.9079819917678833,2951
-31.9387626,42,2852,26.33,0.5463749999999998,1345,57300,0.0003,0.6326891183853149,2956
-31.923771900000002,42,2856,26.55,0.5456466666666666,1345,57392,0.0003,1.471419095993042,2961
-31.90455591,42,2860,26.41,0.5451716666666666,1345,57452,0.0003,1.1038591861724854,2965
-32.395796790000006,42,2864,26.19,0.5441900000000002,1345,57576,0.0003,1.2803754806518555,2973
-32.35077012,42,2868,25.99,0.5437149999999998,1345,57636,0.0003,1.9489561319351196,2977
-32.0988134,42,2872,26.56,0.5429233333333332,1345,57736,0.0003,1.7455655336380005,2983
-32.092428319999996,42,2876,26.88,0.5423533333333332,1345,57808,0.0003,1.4558444023132324,2987
-32.13141483,43,2880,26.46,0.5410550000000001,1345,57972,0.0003,1.8580306768417358,2998
-32.16054627,43,2884,26.39,0.5401683333333334,1345,58084,0.0003,1.3818252086639404,3005
-32.575678139999994,43,2888,26.18,0.5388383333333334,1345,58252,0.0003,1.2735998630523682,3015
-34.46173365,43,2892,27.94,0.5376983333333334,1345,58396,0.0003,1.0410975217819214,3024
-34.615896729999996,43,2896,27.68,0.53697,1344,58488,0.0003,0.6495460271835327,3030
-34.26261608,43,2900,26.91,0.5363050000000001,1344,58572,0.0003,0.8962095975875854,3035
-34.23046827,43,2904,26.34,0.5355133333333333,1344,58672,0.0003,2.1643028259277344,3041
-33.90825921,43,2908,26.05,0.5346266666666666,1344,58784,0.0003,1.2826703786849976,3048
-33.40471457,43,2912,26.44,0.5338033333333334,1345,58888,0.0003,1.0817668437957764,3055
-33.8898089,43,2916,26.24,0.5327900000000001,1344,59016,0.0003,2.3886795043945312,3063
-33.97327775,44,2920,26.57,0.5312066666666668,1344,59216,0.0003,0.7076838612556458,3075
-33.99022806,44,2924,26.72,0.5303833333333334,1344,59320,0.0003,1.7073638439178467,3082
-34.0723338,44,2928,27.2,0.5294016666666667,1344,59444,0.0003,1.5006322860717773,3090
-33.95591333,44,2932,27.51,0.5287683333333334,1344,59524,0.0003,2.186879873275757,3095
-33.87718379,44,2936,27.42,0.527755,1344,59652,0.0003,2.188206672668457,3103
-33.592490839999996,44,2940,27.44,0.5266783333333334,1344,59788,0.0003,1.4961873292922974,3111
-33.774041159999996,44,2944,27.11,0.5254750000000001,1344,59940,0.0003,1.497623085975647,3121
-34.104240219999994,45,2948,28.14,0.5240499999999999,1324,60120,0.0003,1.3017985820770264,3132
-33.743091490000005,45,2952,28.79,0.5234166666666666,1324,60200,0.0003,1.1084330081939697,3137
-33.63188622,45,2956,29.32,0.5218966666666668,1325,60392,0.0003,1.2804533243179321,3149
-33.606715910000005,45,2960,29.49,0.5215166666666666,1325,60440,0.0003,1.5573575496673584,3152
-33.55315901,45,2964,29.8,0.5204083333333335,1325,60580,0.0003,1.7251256704330444,3161
-33.66535144,45,2968,30.58,0.519585,1325,60684,0.0003,2.7765228748321533,3167
-33.86486015,45,2972,30.06,0.5191416666666666,1325,60740,0.0003,1.0698570013046265,3171
-33.88670984000001,45,2976,30.22,0.5176533333333333,1325,60928,0.0003,0.24636739492416382,3182
-33.761783830000006,45,2980,30.21,0.5172416666666666,1325,60980,0.0003,1.5299406051635742,3186
-33.83929306,46,2984,29.68,0.5164816666666667,1325,61076,0.0003,0.5097548961639404,3192
-33.97252278999999,46,2988,29.35,0.5152466666666667,1326,61232,0.0003,1.8236005306243896,3201
-31.97468897,46,2992,29.83,0.5136316666666667,1326,61436,0.0003,1.3139193058013916,3214
-31.862940460000004,46,2996,30.92,0.5119533333333335,1326,61648,0.0003,1.2036126852035522,3227
-31.69371291,46,3000,31.11,0.5116049999999999,1326,61692,0.0003,2.1939427852630615,3230
-31.68367119,46,3004,31.83,0.5105599999999999,1326,61824,0.0003,2.3232028484344482,3238
-31.88104636,46,3008,31.56,0.5095466666666668,1326,61952,0.0003,2.401667594909668,3246
-31.722288780000003,46,3012,31.8,0.5078999999999999,1327,62160,0.0003,0.9154840707778931,3259
-31.365300390000005,46,3016,31.6,0.5067916666666668,1327,62300,0.0003,1.0497925281524658,3268
-31.576407600000003,47,3020,31.81,0.5057466666666668,1327,62432,0.0003,1.5118725299835205,3276
-31.71441381,47,3024,32.89,0.5053033333333334,1327,62488,0.0003,0.8835868835449219,3280
-31.58020867,47,3028,32.14,0.5039100000000001,1327,62664,0.0003,1.5576059818267822,3291
-31.65454860000001,47,3032,31.5,0.5032766666666666,1327,62744,0.0003,2.1921331882476807,3296
-31.873216759999995,47,3036,31.89,0.5023583333333334,1327,62860,0.0003,0.48232516646385193,3303
-32.018367440000006,47,3040,32.35,0.5014716666666668,1327,62972,0.0003,1.5288364887237549,3310
-32.21197170999999,47,3044,32.49,0.5002683333333333,1327,63124,0.0003,1.1620312929153442,3320
-31.709049400000005,47,3048,31.66,0.4997933333333334,1327,63184,0.0003,2.343994617462158,3323
-32.142651719999996,47,3052,31.23,0.4986533333333334,1327,63328,0.0003,1.3137946128845215,3332
-32.27707949999999,47,3056,30.88,0.4975766666666668,1327,63464,0.0003,0.886318027973175,3341
-32.215572179999995,47,3060,31.2,0.49656333333333336,1327,63592,0.0003,1.0698776245117188,3349
-32.257414170000004,47,3064,30.81,0.495835,1327,63684,0.0003,0.678801417350769,3355
-32.31166713,48,3068,31.07,0.4948216666666668,1327,63812,0.0003,1.2758193016052246,3363
-32.262798360000005,48,3072,31.63,0.49390333333333336,1327,63928,0.0003,1.0993366241455078,3370
-32.234106260000004,48,3076,31.74,0.4932700000000001,1327,64008,0.0003,1.0143948793411255,3375
-32.359753350000005,48,3080,31.34,0.4925733333333333,1326,64096,0.0003,0.8658931255340576,3380
-32.10390417,48,3084,31.88,0.49165500000000006,1326,64212,0.0003,1.9997795820236206,3388
-31.76971552,48,3088,31.57,0.4907366666666667,1326,64328,0.0003,1.8977138996124268,3395
-31.93087183,48,3092,30.6,0.48994499999999996,1326,64428,0.0003,0.9171544909477234,3401
-31.51425436,48,3096,30.53,0.48845666666666687,1326,64616,0.0003,0.2428775131702423,3413
-31.56179228,48,3100,30.77,0.48680999999999996,1326,64824,0.0003,0.8177066445350647,3426
-31.3692364,48,3104,30.71,0.48614500000000005,1326,64908,0.0003,0.9308180809020996,3431
-31.249521620000007,49,3108,30.95,0.4851633333333333,1326,65032,0.0003,2.1392438411712646,3439
-31.365140570000005,49,3112,30.74,0.4841183333333333,1326,65164,0.0003,1.5126818418502808,3447
-31.228835049999997,49,3116,31.33,0.48329500000000014,1326,65268,0.0003,1.1004371643066406,3454
-30.916257580000007,49,3120,30.58,0.4820283333333333,1326,65428,0.0003,1.4222537279129028,3464
-31.357564900000003,49,3124,29.72,0.4814900000000002,1326,65496,0.0003,1.9393577575683594,3468
-31.399625179999997,49,3128,29.57,0.4800333333333334,1324,65680,0.0003,1.5538766384124756,3479
-31.599806540000003,49,3132,30.11,0.4787666666666667,1322,65840,0.0003,2.128378391265869,3489
-31.25371381,49,3136,31.24,0.4780066666666667,1321,65936,0.0003,1.5271029472351074,3495
-31.636755979999997,50,3140,30.88,0.4769300000000001,1320,66072,0.0003,1.1780940294265747,3504
-31.392302680000004,50,3144,30.44,0.476645,1319,66108,0.0003,1.1658879518508911,3506
-31.66248409,50,3148,30.82,0.47512500000000013,1318,66300,0.0003,1.0566414594650269,3518
-31.501218849999997,50,3152,30.96,0.4743016666666666,1317,66404,0.0003,1.0979621410369873,3525
-31.552668860000004,50,3156,30.65,0.4736366666666668,1317,66488,0.0003,1.5350315570831299,3530
-31.48322668,50,3160,30.69,0.47271833333333324,1317,66604,0.0003,0.4667891561985016,3537
-31.245277729999998,50,3164,30.61,0.4715466666666668,1317,66752,0.0003,1.31836998462677,3546
-30.921385940000004,50,3168,29.86,0.47088166666666664,1316,66836,0.0003,1.3459352254867554,3552
-30.843596690000005,50,3172,30.07,0.47028000000000003,1316,66912,0.0003,1.332236647605896,3556
-30.55475203,50,3176,30.74,0.46850666666666674,1316,67136,0.0003,0.7118271589279175,3570
-30.420213259999997,51,3180,32.01,0.46727166666666675,1316,67292,0.0003,1.120680570602417,3580
-30.49662099,51,3184,32.09,0.46597333333333335,1316,67456,0.0003,1.1086945533752441,3590
-30.37142334,51,3188,32.66,0.4654666666666668,1316,67520,0.0003,1.2808858156204224,3594
-30.225286529999995,51,3192,31.69,0.4643900000000002,1316,67656,0.0003,0.9418168067932129,3603
-30.921847759999995,51,3196,31.43,0.46331333333333335,1316,67792,0.0003,2.6204946041107178,3611
-31.241905679999995,51,3200,31.81,0.4620466666666668,1316,67952,0.0003,2.3430309295654297,3621
-31.370250029999998,51,3204,30.97,0.46141333333333356,1316,68032,0.0003,0.29265066981315613,3626
-31.377220010000002,51,3208,31.12,0.4606850000000001,1316,68124,0.0003,2.0814337730407715,3632
-31.836960640000008,51,3212,31.07,0.45938666666666683,1316,68288,0.0003,1.7298030853271484,3642
-31.856365850000003,51,3216,31.26,0.45843666666666694,1316,68408,0.0003,1.3073002099990845,3650
-31.79252874,52,3220,31.33,0.4571700000000001,1316,68568,0.0003,0.8614518046379089,3660
-31.778014140000003,52,3224,31.64,0.45672666666666684,1316,68624,0.0003,0.48136189579963684,3663
-31.74234723,52,3228,31.73,0.45508000000000015,1316,68832,0.0003,1.4723197221755981,3676
-31.495397660000002,52,3232,32.61,0.4540983333333334,1316,68956,0.0003,0.4787346422672272,3684
-31.66741438,52,3236,32.09,0.45200833333333335,1316,69220,0.0003,1.7236617803573608,3701
-31.46099501,52,3240,32.39,0.4516283333333332,1316,69268,0.0003,1.2904245853424072,3704
-30.889777539999997,52,3244,33.73,0.4490316666666667,1316,69596,0.0003,2.0349087715148926,3724
-30.430519669999995,52,3248,33.93,0.4484300000000001,1316,69672,0.0003,2.22290301322937,3729
-30.503361180000006,53,3252,33.71,0.44738500000000003,1316,69804,0.0003,1.8711168766021729,3737
-30.3004563,53,3256,34.04,0.4464666666666668,1316,69920,0.0003,1.290889024734497,3744
-30.33607109,53,3260,33.99,0.44577,1316,70008,0.0003,2.4813613891601562,3750
-30.257459460000003,53,3264,34.44,0.4445350000000001,1316,70164,0.0003,1.542305827140808,3760
-30.396104010000002,53,3268,34.75,0.44383833333333333,1316,70252,0.0003,1.665856122970581,3765
-30.42407668,53,3272,34.38,0.4429200000000001,1316,70368,0.0003,1.0568610429763794,3772
-30.718261059999996,53,3276,33.12,0.44228666666666683,1316,70448,0.0003,1.1362956762313843,3777
-30.650049900000003,53,3280,32.35,0.4418433333333335,1316,70504,0.0003,2.5493898391723633,3781
-30.756042580000003,53,3284,31.73,0.4414633333333333,1316,70552,0.0003,1.5552054643630981,3784
-30.67616332,53,3288,31.27,0.44051333333333353,1316,70672,0.0003,1.712634563446045,3791
-30.63084354,53,3292,31.5,0.43930999999999987,1316,70824,0.0003,1.9354403018951416,3801
-30.157328449999994,53,3296,31.05,0.438075,1316,70980,0.0003,1.7207295894622803,3811
-30.003973819999995,53,3300,31.33,0.43744166666666673,1316,71060,0.0003,0.4652196168899536,3816
-30.087654399999998,54,3304,32.37,0.4357633333333335,1317,71272,0.0003,1.4250390529632568,3829
-29.98089324,54,3308,32.53,0.43494,1316,71376,0.0003,1.6090766191482544,3835
-30.00095572,54,3312,32.44,0.43389500000000003,1316,71508,0.0003,0.8763737082481384,3844
-29.99548546,54,3316,32.01,0.4328816666666667,1316,71636,0.0003,1.1700310707092285,3852
-29.86171565,54,3320,32.35,0.43205833333333343,1316,71740,0.0003,1.2648289203643799,3858
-29.20146016,54,3324,32.31,0.43041166666666686,1316,71948,0.0003,1.9119566679000854,3871
-29.42114991,54,3328,32.47,0.42993666666666686,1316,72008,0.0003,1.1589807271957397,3875
-29.27850108,54,3332,31.78,0.42898666666666674,1316,72128,0.0003,1.80336594581604,3882
-29.3596925,54,3336,30.52,0.42835333333333336,1316,72208,0.0003,1.589681625366211,3887
-29.664853299999994,54,3340,30.0,0.42715000000000014,1316,72360,0.0003,1.0431113243103027,3897
-30.12539814,55,3344,29.03,0.4261050000000002,1316,72492,0.0003,1.195072889328003,3905
-30.02038904,55,3348,29.16,0.42496500000000004,1316,72636,0.0003,1.3616015911102295,3914
-29.95888972,55,3352,29.38,0.42379333333333336,1316,72784,0.0003,1.5052459239959717,3923
-30.297612689999998,55,3356,29.17,0.4230333333333334,1316,72880,0.0003,1.8548599481582642,3929
-29.938661430000007,55,3360,30.27,0.4213233333333335,1316,73096,0.0003,1.3379124402999878,3943
-29.946706730000002,55,3364,30.88,0.42018333333333346,1316,73240,0.0003,1.5652735233306885,3952
-29.81948009,55,3368,30.94,0.419075,1316,73380,0.0003,1.2720212936401367,3961
-29.93581953,55,3372,29.94,0.41882166666666687,1316,73412,0.0003,1.6904006004333496,3963
-30.513098280000005,55,3376,31.02,0.41828333333333345,1316,73480,0.0003,1.3765051364898682,3967
-30.67272336,55,3380,30.77,0.41698499999999994,1316,73644,0.0003,0.6993626952171326,3977
-30.58722391,56,3384,31.43,0.41613,1316,73752,0.0003,1.7332998514175415,3984
-30.522152300000002,56,3388,32.0,0.41495833333333343,1317,73900,0.0003,2.1610000133514404,3993
-30.36296608,56,3392,32.22,0.4143566666666666,1316,73976,0.0003,1.4865541458129883,3998
-30.278892099999993,56,3396,31.29,0.41328,1316,74112,0.0003,0.48624131083488464,4006
-30.28164059,56,3400,31.61,0.4123300000000001,1316,74232,0.0003,0.9400113821029663,4014
-30.22861875,56,3404,31.93,0.41017666666666663,1317,74504,0.0003,0.7185187935829163,4031
-30.3580213,56,3408,31.47,0.40960666666666656,1316,74576,0.0003,1.375994086265564,4035
-30.844788079999997,56,3412,31.75,0.4089733333333333,1316,74656,0.0003,1.9587602615356445,4040
-30.68940356000001,56,3416,32.38,0.4078333333333335,1316,74800,0.0003,1.0867615938186646,4049
-30.586640150000004,57,3420,32.5,0.4049833333333336,1300,75160,0.0003,1.0802795886993408,4072
-30.857688630000002,57,3424,32.69,0.4041283333333332,1300,75268,0.0003,0.6819919943809509,4079
-30.30198904,57,3428,33.34,0.4032733333333334,1301,75376,0.0003,1.111246109008789,4085
-30.822689010000005,58,3432,33.86,0.40130999999999983,1301,75624,0.0003,1.2547930479049683,4101
-30.18392491,58,3436,35.13,0.4004550000000001,1301,75732,0.0003,1.0555224418640137,4108
-29.457857599999997,58,3440,35.67,0.3987449999999999,1301,75948,0.0003,1.0774682760238647,4121
-29.286584289999997,58,3444,36.13,0.3978900000000002,1301,76056,0.0003,0.5500076413154602,4128
-29.483298490000003,58,3448,35.46,0.39681333333333335,1301,76192,0.0003,0.8909675478935242,4136
-29.39441361,58,3452,35.52,0.39599000000000006,1301,76296,0.0003,1.325754165649414,4143
-29.19026059000001,58,3456,35.82,0.39510333333333336,1301,76408,0.0003,1.9058284759521484,4150
-29.09055191,58,3460,36.07,0.3937100000000001,1301,76584,0.0003,1.658166527748108,4161
-29.256842229999997,58,3464,34.63,0.3930450000000001,1301,76668,0.0003,0.9983223676681519,4166
-29.30283164,59,3468,35.3,0.3912083333333335,1301,76900,0.0003,1.700874924659729,4181
-28.984996140000003,59,3472,36.36,0.39013166666666654,1301,77036,0.0003,2.130502462387085,4189
-28.15580827000001,59,3476,36.41,0.3893083333333335,1301,77140,0.0003,1.1470723152160645,4196
-28.61971101,59,3480,35.8,0.3888650000000001,1301,77196,0.0003,1.645384669303894,4199
-28.614893960000007,59,3484,35.63,0.38800999999999997,1301,77304,0.0003,1.01002836227417,4206
-28.66938173,59,3488,35.91,0.3867750000000001,1301,77460,0.0003,1.4694846868515015,4216
-29.030384569999995,59,3492,35.48,0.38610999999999995,1301,77544,0.0003,0.43130823969841003,4221
-28.79445368,59,3496,35.87,0.38478000000000023,1301,77712,0.0003,1.3344035148620605,4231
-28.613852859999998,59,3500,35.89,0.38389333333333353,1301,77824,0.0003,1.0990747213363647,4238
-28.64003431,59,3504,35.08,0.3827533333333335,1301,77968,0.0003,1.1394062042236328,4247
-28.721690350000003,59,3508,35.11,0.38212000000000024,1301,78048,0.0003,1.533499002456665,4252
-28.24024088,60,3512,34.62,0.3812650000000001,1301,78156,0.0003,1.6122018098831177,4259
-28.162128610000003,60,3516,34.44,0.37990333333333326,1301,78328,0.0003,2.0145750045776367,4270
-28.317663550000002,60,3520,34.71,0.37895333333333336,1301,78448,0.0003,0.8803349733352661,4277
-28.225116659999994,60,3524,34.51,0.3766733333333334,1301,78736,0.0003,1.504741907119751,4295
-28.54985642,60,3528,34.87,0.37543833333333354,1301,78892,0.0003,1.342252254486084,4305
-27.864902079999997,60,3532,34.69,0.37414000000000014,1302,79056,0.0003,1.7197270393371582,4315
-27.722014609999995,60,3536,35.22,0.3719233333333334,1302,79336,0.0003,1.2459739446640015,4333
-28.000327969999997,61,3540,34.88,0.37018166666666674,1302,79556,0.0003,1.223913550376892,4347
-28.06738017,61,3544,35.93,0.36894666666666687,1302,79712,0.0003,0.8493995666503906,4356
-28.311863780000003,61,3548,36.64,0.36749,1302,79896,0.0003,1.524398684501648,4368
-28.323581989999994,61,3552,37.26,0.36663500000000004,1302,80004,0.0003,2.115239381790161,4375
-28.176396090000004,61,3556,37.3,0.3650199999999999,1302,80208,0.0003,1.1025773286819458,4387
-28.27486861,61,3560,36.61,0.36397499999999994,1302,80340,0.0003,1.1080834865570068,4396
-28.671508130000003,61,3564,37.43,0.36315166666666676,1302,80444,0.0003,0.5061971545219421,4402
-28.755445560000002,61,3568,37.59,0.361441666666667,1302,80660,0.0003,1.038716435432434,4416
-29.2852612,62,3572,37.84,0.36001666666666654,1302,80840,0.0003,0.9497566819190979,4427
-29.32603078,62,3576,38.07,0.3585600000000001,1302,81024,0.0003,1.3282033205032349,4438
-28.684386950000004,62,3580,39.43,0.3567233333333333,1303,81256,0.0003,0.7282803654670715,4453
-31.972350390000006,62,3584,41.33,0.3548233333333335,1303,81496,0.0003,0.47782230377197266,4468
-31.547338820000004,62,3588,42.45,0.35339833333333337,1303,81676,0.0003,1.1101197004318237,4479
-31.54440407,62,3592,41.89,0.35285999999999995,1303,81744,0.0003,1.4354428052902222,4483
-31.605032159999993,62,3596,41.85,0.35149833333333336,1303,81916,0.0003,0.5992888808250427,4494
-31.577620129999996,62,3600,42.14,0.3503900000000001,1303,82056,0.0003,2.5626630783081055,4503
-31.939621510000002,63,3604,42.06,0.3496300000000002,1303,82152,0.0003,1.2841795682907104,4509
-31.945274169999998,63,3608,41.68,0.34918666666666676,1303,82208,0.0003,1.5981698036193848,4512
-31.423218419999998,63,3612,42.29,0.34776166666666675,1303,82388,0.0003,0.5440558791160583,4524
-31.210149079999997,63,3616,43.16,0.34551333333333334,1304,82672,0.0003,1.032470941543579,4541
-31.295029649999993,63,3620,43.27,0.3446583333333333,1303,82780,0.0003,1.5144189596176147,4548
-31.40752105,63,3624,42.32,0.34361333333333344,1303,82912,0.0003,1.1366138458251953,4556
-31.459867900000003,63,3628,41.19,0.34272666666666673,1304,83024,0.0003,1.5250605344772339,4563
-31.474743250000003,63,3632,41.33,0.3418716666666668,1304,83132,0.0003,1.6440458297729492,4570
-32.27188284000001,63,3636,39.5,0.3412383333333334,1304,83212,0.0003,0.7062724828720093,4575
-32.246915650000005,63,3640,39.44,0.3400350000000001,1304,83364,0.0003,1.4292078018188477,4585
-32.4819263,64,3644,38.32,0.3383883333333334,1304,83572,0.0003,0.7010301947593689,4598
-32.16147462,64,3648,38.78,0.33658333333333346,1304,83800,0.0003,1.284597396850586,4612
-31.764580340000002,64,3652,39.25,0.3354433333333334,1304,83944,0.0003,0.702307939529419,4621
-31.862391479999996,64,3656,38.93,0.3349683333333333,1304,84004,0.0003,2.4254753589630127,4625
-32.280405169999995,64,3660,39.01,0.33414500000000025,1304,84108,0.0003,0.03792526572942734,4631
-32.043752090000005,64,3664,38.07,0.33278333333333354,1304,84280,0.0003,2.3464484214782715,4642
-31.73792981,64,3668,37.97,0.3313583333333332,1304,84460,0.0003,1.2636089324951172,4653
-31.72756321,64,3672,37.33,0.3304083333333334,1304,84580,0.0003,0.9432089924812317,4661
-31.722223150000005,64,3676,37.21,0.32949000000000006,1304,84696,0.0003,1.9391690492630005,4668
-31.62115181,65,3680,37.3,0.32793833333333355,1304,84892,0.0003,1.7519116401672363,4680
-29.019581650000006,65,3684,36.77,0.32581666666666664,1305,85160,0.0003,1.9661948680877686,4697
-28.785920710000006,65,3688,36.84,0.3244233333333334,1305,85336,0.0003,1.1067839860916138,4708
-28.36860295000001,65,3692,37.84,0.32293499999999997,1305,85524,0.0003,2.2627530097961426,4720
-28.538061030000005,65,3696,37.44,0.32166833333333356,1305,85684,0.0003,0.8991325497627258,4730
-28.90425071,65,3700,37.82,0.32002166666666665,1305,85892,0.0003,0.6291919946670532,4743
-25.964012369999995,65,3704,38.45,0.3192933333333332,1305,85984,0.0003,1.0787612199783325,4748
-25.948339459999996,65,3708,38.67,0.31831166666666677,1305,86108,0.0003,1.1072450876235962,4756
-26.144470390000002,66,3712,38.66,0.3166650000000001,1305,86316,0.0003,0.5352271199226379,4769
-26.392981280000004,66,3716,39.04,0.3148916666666668,1306,86540,0.0003,2.0390052795410156,4783
-26.05779939,66,3720,38.92,0.3134666666666668,1306,86720,0.0003,0.9240449666976929,4794
-26.03175899,66,3724,38.88,0.3123583333333335,1306,86860,0.0003,0.9074293971061707,4803
-25.450393730000002,66,3728,40.27,0.3110600000000001,1306,87024,0.0003,1.7948222160339355,4813
-25.49988097,66,3732,39.92,0.3103316666666667,1306,87116,0.0003,1.250065803527832,4819
-25.641728989999997,66,3736,40.16,0.3089700000000001,1306,87288,0.0003,0.9441676139831543,4830
-25.587524500000004,66,3740,40.25,0.3079250000000001,1306,87420,0.0003,1.896623969078064,4838
-25.08331362,67,3744,40.32,0.30586666666666673,1306,87680,0.0003,1.3605420589447021,4854
-25.345991419999997,67,3748,41.59,0.30447333333333326,1306,87856,0.0003,0.7427741289138794,4865
-26.10117183,67,3752,40.52,0.30326999999999993,1306,88008,0.0003,1.2210341691970825,4875
-25.950422950000004,67,3756,40.93,0.3011799999999999,1306,88272,0.0003,1.4006558656692505,4891
-24.782618749999997,67,3760,42.77,0.3001033333333336,1306,88408,0.0003,1.0892630815505981,4900
-24.763627530000004,67,3764,42.87,0.2993433333333334,1306,88504,0.0003,1.7195490598678589,4906
-25.110969600000004,67,3768,41.86,0.29877333333333334,1306,88576,0.0003,0.6837227940559387,4910
-25.28156474,67,3772,41.33,0.2979183333333335,1306,88684,0.0003,0.8979829549789429,4917
-25.362509609999996,67,3776,41.16,0.29684166666666667,1306,88820,0.0003,0.6541609168052673,4926
-25.78645461999999,68,3780,39.97,0.29598666666666684,1306,88928,0.0003,0.7501951456069946,4932
-24.2657524,68,3784,39.81,0.2944666666666669,1306,89120,0.0003,1.3693747520446777,4944
-24.880692399999997,68,3788,38.77,0.29345333333333334,1306,89248,0.0003,1.2505147457122803,4952
-25.60638376,68,3792,38.84,0.2923450000000001,1306,89388,0.0003,0.6884929537773132,4961
-25.203682840000006,68,3796,39.94,0.29038166666666687,1306,89636,0.0003,0.7495647668838501,4977
-24.548039129999992,68,3800,39.6,0.28813333333333324,1307,89920,0.0003,0.8626570701599121,4994
-26.613346319999994,69,3804,40.31,0.28740500000000013,1295,90012,0.0003,1.0984903573989868,5000
-26.08461266,69,3808,41.36,0.28522000000000003,1295,90288,0.0003,1.0125728845596313,5017
-26.17099627,69,3812,41.39,0.28408000000000033,1295,90432,0.0003,1.1201194524765015,5026
-26.35321233,69,3816,40.79,0.28268666666666675,1296,90608,0.0003,1.3748952150344849,5037
-26.1994604,70,3820,41.15,0.2806599999999999,1296,90864,0.0003,1.1909089088439941,5053
-26.023537809999997,70,3824,42.53,0.2775883333333333,1296,91252,0.0003,0.7317477464675903,5078
-27.637989700000002,70,3828,44.09,0.2764483333333334,1296,91396,0.0003,2.3156723976135254,5087
-27.758816829999997,70,3832,43.95,0.2748649999999999,1296,91596,0.0003,1.1267939805984497,5099
-27.278475869999998,70,3836,44.81,0.27404166666666685,1296,91700,0.0003,0.4272347092628479,5106
-27.465204560000004,70,3840,44.39,0.2733133333333334,1297,91792,0.0003,1.1392337083816528,5111
-27.409642119999997,71,3844,45.02,0.2703366666666668,1297,92168,0.0003,1.8162448406219482,5135
-26.631135069999996,71,3848,44.41,0.2688800000000001,1297,92352,0.0003,1.160230278968811,5146
-26.047832619999994,71,3852,44.86,0.2676766666666668,1297,92504,0.0003,1.548978567123413,5156
-25.672188209999998,71,3856,45.64,0.2656183333333334,1297,92764,0.0003,0.696905255317688,5172
-26.024489079999995,71,3860,45.2,0.26447833333333337,1297,92908,0.0003,1.6372689008712769,5181
-26.428821579999994,71,3864,44.94,0.2636550000000001,1297,93012,0.0003,1.1371108293533325,5188
-26.466742679999996,71,3868,45.76,0.26216666666666677,1297,93200,0.0003,1.3659981489181519,5199
-26.07783686999999,71,3872,45.91,0.2615333333333335,1297,93280,0.0003,2.9403626918792725,5204
-26.02606369,72,3876,45.79,0.25998166666666667,1297,93476,0.0003,2.1847310066223145,5217
-25.160791829999997,72,3880,47.49,0.2572583333333335,1298,93820,0.0003,0.06840050965547562,5238
-25.20855243,72,3884,48.48,0.25646666666666695,1298,93920,0.0003,2.572040319442749,5244
-25.210022079999998,72,3888,48.31,0.2554216666666669,1298,94052,0.0003,1.1859991550445557,5253
-24.826340169999998,72,3892,47.51,0.2545983333333335,1298,94156,0.0003,1.4161471128463745,5259
-25.701628140000004,72,3896,47.04,0.2527616666666668,1298,94388,0.0003,0.49164342880249023,5274
-23.452825920000006,72,3900,49.02,0.25038666666666665,1298,94688,0.0003,1.362559199333191,5292
-23.906744950000007,73,3904,47.91,0.24921500000000008,1298,94836,0.0003,0.8983603715896606,5302
-24.067518900000003,73,3908,48.58,0.24683999999999995,1298,95136,0.0003,0.7152695059776306,5320
-23.770491770000003,73,3912,49.67,0.24506666666666665,1298,95360,0.0003,1.1149029731750488,5334
-23.541637389999995,73,3916,49.12,0.2436100000000001,1298,95544,0.0003,1.135072112083435,5346
-23.750153130000005,73,3920,48.71,0.24262833333333356,1298,95668,0.0003,1.3264678716659546,5354
-23.35390266,73,3924,48.5,0.2408233333333334,1298,95896,0.0003,0.9914556741714478,5368
-21.766148329999996,73,3928,46.12,0.23933500000000008,1298,96084,0.0003,0.9089370369911194,5380
-21.28608722,74,3932,47.1,0.23844833333333337,1298,96196,0.0003,0.7674087882041931,5387
-21.642539470000006,74,3936,46.76,0.23563,1299,96552,0.0003,1.756516456604004,5409
-19.333896760000002,74,3940,49.47,0.2340783333333335,1299,96748,0.0003,0.486217200756073,5421
-20.20280001,74,3944,49.18,0.23217833333333338,1299,96988,0.0003,1.732582449913025,5436
-20.662291810000003,74,3948,48.07,0.23037333333333354,1299,97216,0.0003,0.9113977551460266,5450
-20.647057959999998,74,3952,48.85,0.22850500000000007,1299,97452,0.0003,2.1915321350097656,5465
-21.67476761,75,3956,48.23,0.22765000000000024,1299,97560,0.0003,1.9359047412872314,5472
-21.809157200000005,75,3960,47.31,0.2270483333333333,1299,97636,0.0003,1.5276681184768677,5477
-21.21516964,75,3964,47.94,0.22429333333333346,1300,97984,0.0003,1.1285400390625,5498
-20.32816249,75,3968,49.47,0.22245666666666664,1300,98216,0.0003,1.714136004447937,5513
-20.0810557,75,3972,51.17,0.22115833333333323,1300,98380,0.0003,1.0702521800994873,5523
-20.492647580000003,75,3976,51.11,0.21865666666666683,1300,98696,0.0003,0.7054257392883301,5543
-21.412727540000002,75,3980,51.69,0.21799166666666692,1300,98780,0.0003,1.7091259956359863,5548
-21.30146395,76,3984,51.46,0.21517333333333355,1300,99136,0.0003,0.6978268623352051,5570
-20.946857040000005,76,3988,53.12,0.21254499999999998,1301,99468,0.0003,2.2628161907196045,5591
-20.483622099999998,76,3992,54.23,0.21153166666666678,1301,99596,0.0003,1.9392735958099365,5599
-19.870415400000002,76,3996,53.75,0.20998000000000006,1301,99792,0.0003,0.901622474193573,5611
-22.713808160000003,76,4000,51.04,0.20937833333333367,1301,99868,0.0003,1.4419560432434082,5616
-22.38596351,76,4004,51.75,0.20823833333333341,1301,100012,0.0003,1.2171001434326172,5625
-22.419827210000005,77,4008,50.69,0.20674999999999988,1301,100200,0.0003,0.674332857131958,5637
-23.072192209999997,77,4012,50.38,0.20513500000000018,1301,100404,0.0003,1.8959503173828125,5650
-23.47706473,77,4016,50.41,0.20421666666666682,1301,100520,0.0003,0.8321647047996521,5657
-23.52236975,77,4020,50.44,0.20234833333333335,1301,100756,0.0003,1.174045205116272,5672
-24.34107364,77,4024,50.89,0.20025833333333343,1301,101020,0.0003,0.697896420955658,5688
-24.469145479999998,77,4028,51.66,0.19915000000000016,1301,101160,0.0003,1.4657061100006104,5697
-25.13603043,77,4032,51.28,0.1968066666666668,1301,101456,0.0003,1.4119564294815063,5715
-24.76088851,78,4036,51.33,0.19572999999999996,1300,101592,0.0003,0.6978021860122681,5724
-26.791200250000003,78,4040,49.6,0.19446333333333343,1300,101752,0.0003,0.8898625373840332,5734
-26.604896550000007,78,4044,50.49,0.19117000000000006,1301,102168,0.0003,1.1410126686096191,5760
-26.08849951,78,4048,51.84,0.18955500000000014,1301,102372,0.0003,1.7675436735153198,5773
-26.66463306,78,4052,51.02,0.18844666666666687,1301,102512,0.0003,1.4816392660140991,5781
-25.59137434,78,4056,51.46,0.18721166666666678,1301,102668,0.0003,0.9137408137321472,5791
-25.81397699,78,4060,50.75,0.18679999999999997,1301,102720,0.0003,1.8626738786697388,5794
-25.97905535,79,4064,50.44,0.1846783333333334,1301,102988,0.0003,1.0937867164611816,5811
-26.608721569999997,79,4068,50.11,0.18353833333333358,1301,103132,0.0003,1.1336719989776611,5820
-26.577680559999994,79,4072,49.08,0.18059333333333327,1301,103504,0.0003,0.7057217359542847,5843
-25.97732389,79,4076,51.73,0.17942166666666692,1301,103652,0.0003,0.9088579416275024,5853
-26.350692319999997,79,4080,50.95,0.17647666666666684,1301,104024,0.0003,1.0613664388656616,5876
-26.14787413,80,4084,51.14,0.17476666666666696,1301,104240,0.0003,0.5227657556533813,5889
-26.4134956,80,4088,51.57,0.17283500000000018,1302,104484,0.0003,1.526792049407959,5905
-26.956461559999997,80,4092,50.94,0.17055500000000012,1302,104772,0.0003,1.2190889120101929,5923
-27.984691139999995,81,4096,52.93,0.16833833333333337,1290,105052,0.0003,0.963340699672699,5940
-28.338212940000002,81,4100,53.91,0.1671033333333335,1290,105208,0.0003,1.3649146556854248,5950
-29.127644389999997,81,4104,53.89,0.16409499999999988,1291,105588,0.0003,1.4200688600540161,5974
-29.49154506,81,4108,55.84,0.1626066666666669,1291,105776,0.0003,1.680955410003662,5985
-29.062106230000005,82,4112,55.87,0.1603583333333336,1291,106060,0.0003,1.0346370935440063,6003
-28.69062627,82,4116,56.75,0.15890166666666694,1291,106244,0.0003,0.6793236136436462,6015
-28.196884410000006,82,4120,57.93,0.15567166666666687,1291,106652,0.0003,1.602777123451233,6040
-27.72063695,82,4124,58.22,0.1550383333333335,1291,106732,0.0003,1.1266697645187378,6045
-27.328945819999994,82,4128,59.5,0.1512066666666666,1292,107216,0.0003,1.7673364877700806,6075
-27.846133999999996,83,4132,60.89,0.14791333333333323,1292,107632,0.0003,0.6935335993766785,6101
-27.58915,83,4136,63.01,0.14661500000000016,1292,107796,0.0003,0.5054925680160522,6112
-27.791825210000006,83,4140,62.34,0.1453483333333333,1292,107956,0.0003,0.759549617767334,6122
-27.68955492,83,4144,60.58,0.1442716666666667,1292,108092,0.0003,1.5996129512786865,6130
-28.045634629999995,83,4148,59.43,0.14230833333333348,1293,108340,0.0003,1.1951779127120972,6146
-26.257404870000006,83,4152,61.3,0.1405033333333333,1293,108568,0.0003,0.5178951621055603,6160
-26.850264000000003,84,4156,61.47,0.137336666666667,1293,108968,0.0003,0.6012885570526123,6185
-25.88845216,84,4160,65.28,0.1351516666666669,1293,109244,0.0003,1.3037124872207642,6202
-26.266607930000006,84,4164,65.11,0.1342650000000002,1293,109356,0.0003,2.369708299636841,6209
-26.47238947,84,4168,63.09,0.13341000000000014,1293,109464,0.0003,2.1058297157287598,6216
-26.331939219999995,84,4172,64.22,0.13109833333333332,1294,109756,0.0003,1.2724558115005493,6234
-26.591860319999995,84,4176,63.23,0.12948333333333328,1294,109960,0.0003,1.3846070766448975,6247
-26.16909522,85,4180,62.76,0.12761500000000003,1294,110196,0.0003,1.4207260608673096,6262
-27.17283892,85,4184,62.06,0.12508166666666676,1294,110516,0.0003,1.3414931297302246,6282
-27.159507950000002,85,4188,63.31,0.12223166666666663,1295,110876,0.0003,1.271112084388733,6304
-27.373245609999998,85,4192,63.4,0.12115500000000023,1295,111012,0.0003,0.26623430848121643,6313
-27.06286025,85,4196,62.67,0.11843166666666682,1295,111356,0.0003,0.7361617088317871,6334
-25.38214829,86,4200,63.65,0.11634166666666679,1295,111620,0.0003,0.9007460474967957,6351
-25.14868318,86,4204,63.2,0.11472666666666675,1295,111824,0.0003,1.1915050745010376,6363
-25.31061303,86,4208,62.4,0.11270000000000024,1296,112080,0.0003,0.844630241394043,6379
-25.43472478,86,4212,62.54,0.11149666666666691,1296,112232,0.0003,0.7084000110626221,6389
-26.57364679,86,4216,62.52,0.10886833333333334,1296,112564,0.0003,1.6527912616729736,6410
-26.4656587,87,4220,62.58,0.10690500000000036,1296,112812,0.0003,1.3602038621902466,6425
-26.093380409999998,87,4224,62.64,0.10503666666666689,1296,113048,0.0003,1.4867970943450928,6440
-26.3433079,87,4228,61.06,0.10278833333333348,1297,113332,0.0003,0.7048366069793701,6458
-25.689406369999997,87,4232,61.06,0.0999066666666667,1297,113696,0.0003,1.2101839780807495,6480
-26.207266129999997,87,4236,59.65,0.09848166666666658,1297,113876,0.0003,0.783981442451477,6492
-26.677950800000005,87,4240,60.96,0.09693000000000007,1297,114072,0.0003,1.066070318222046,6504
-26.964813430000003,88,4244,61.64,0.09480833333333338,1297,114340,0.0003,0.6807640194892883,6521
-26.513670539999993,88,4248,62.61,0.0933833333333336,1297,114520,0.0003,1.770787239074707,6532
-28.000235169999996,88,4252,61.81,0.09116666666666662,1297,114800,0.0003,1.299984335899353,6549
-28.17680353,88,4256,62.38,0.08885500000000013,1297,115092,0.0003,1.3654546737670898,6568
-29.023498,88,4260,59.8,0.08781000000000005,1297,115224,0.0003,0.4922516345977783,6576
-28.58425744,89,4264,60.44,0.08524500000000013,1298,115548,0.0003,1.251277208328247,6596
-28.179620789999998,89,4268,63.03,0.0828066666666667,1298,115856,0.0003,0.49684080481529236,6615
-28.713527870000004,89,4272,63.03,0.08077999999999996,1298,116112,0.0003,0.879585862159729,6631
-28.99070975,89,4276,64.37,0.07793000000000039,1298,116472,0.0003,0.5676738619804382,6654
-29.024322499999997,89,4280,66.04,0.07533333333333347,1298,116800,0.0003,0.654720664024353,6674
-28.598711370000004,90,4284,67.03,0.07261000000000029,1298,117144,0.0003,0.7598259449005127,6696
-28.065475530000004,90,4288,66.16,0.0699816666666665,1299,117476,0.0003,1.1279972791671753,6717
-25.454766640000003,90,4292,66.44,0.06779666666666673,1299,117752,0.0003,1.7148507833480835,6734
-25.24599705,90,4296,67.77,0.06453500000000012,1299,118164,0.0003,2.0714190006256104,6760
-26.799179679999998,91,4300,66.57,0.06330000000000013,1299,118320,0.0003,0.9842173457145691,6769
-27.297761829999995,91,4304,67.62,0.06133666666666693,1299,118568,0.0003,1.1332061290740967,6785
-27.664547129999995,91,4308,69.05,0.05712500000000009,1300,119100,0.0003,1.282781720161438,6818
-28.06942252,91,4312,71.55,0.05395833333333344,1300,119500,0.0003,0.9140074253082275,6843
-27.559254549999995,92,4316,71.36,0.05266000000000004,1300,119664,0.0003,1.169600248336792,6853
-26.73966551,93,4320,72.08,0.05,1288,120024,0.0003,1.2329246997833252,6876
-27.419782289999997,93,4324,73.66,0.05,1289,120360,0.0003,0.42582184076309204,6897
-27.183185239999997,93,4328,74.7,0.05,1289,120756,0.0003,1.596387505531311,6922
-27.40433532,93,4332,74.55,0.05,1289,121040,0.0003,1.3678927421569824,6939
-26.113051719999998,94,4336,75.73,0.05,1289,121364,0.0003,1.3107571601867676,6960
-26.30940702,94,4340,78.09,0.05,1289,121916,0.0003,1.7755887508392334,6994
-26.09345397,94,4344,80.1,0.05,1289,122320,0.0003,0.9137188196182251,7019
-27.893704609999997,95,4348,81.13,0.05,1290,122720,0.0003,1.2420637607574463,7044
-27.186739919999994,95,4352,80.37,0.05,1290,122992,0.0003,0.8544901013374329,7061
-27.204533280000007,95,4356,81.9,0.05,1290,123456,0.0003,0.7210887670516968,7090
-27.449001539999998,95,4360,83.38,0.05,1290,123592,0.0003,1.334237813949585,7099
-27.52986534,96,4364,84.66,0.05,1291,124112,0.0003,1.6693010330200195,7131
-28.273488890000003,96,4368,85.51,0.05,1291,124348,0.0003,0.9765104055404663,7146
-28.071205200000005,96,4372,86.58,0.05,1291,124764,0.0003,1.391726016998291,7172
-27.030429929999997,96,4376,85.26,0.05,1291,125024,0.0003,0.3224773705005646,7188
-27.24993152,97,4380,85.12,0.05,1291,125364,0.0003,1.1727014780044556,7210
-27.870867679999996,97,4384,85.05,0.05,1292,125664,0.0003,1.1282849311828613,7228
-28.582156839999996,97,4388,84.49,0.05,1292,125956,0.0003,0.9825475811958313,7247
-31.65966478,97,4392,84.28,0.05,1292,126216,0.0003,0.7797595858573914,7263
-31.668370340000003,97,4396,82.04,0.05,1292,126360,0.0003,0.508875846862793,7272
-30.80771699,97,4400,83.07,0.05,1292,126596,0.0003,0.6215311884880066,7287
-30.515387440000005,98,4404,83.09,0.05,1292,126816,0.0003,1.6390082836151123,7300
-30.34419198,98,4408,82.41,0.05,1292,127192,0.0003,0.39375200867652893,7324
-29.65191721,98,4412,82.38,0.05,1293,127600,0.0003,1.1720695495605469,7349
-30.202246369999997,98,4416,83.1,0.05,1294,128056,0.0003,1.21199631690979,7378
-31.905426339999998,99,4420,83.74,0.05,1294,128564,0.0003,0.5297769904136658,7410
-31.73866587,99,4424,86.88,0.05,1296,129376,0.0003,1.129578709602356,7460
-32.016211799999994,100,4428,88.56,0.05,1296,129732,0.0003,0.9472170472145081,7483
-30.835740610000006,100,4432,89.0,0.05,1296,130024,0.0003,1.2358647584915161,7501
-32.753689009999995,100,4436,89.46,0.05,1297,130432,0.0003,1.9349383115768433,7526
-32.86296514,100,4440,86.6,0.05,1297,130604,0.0003,0.4138094186782837,7537
-33.80301982,100,4444,87.62,0.05,1298,131112,0.0003,1.383866310119629,7569
-33.85634472,101,4448,88.89,0.05,1299,131608,0.0003,1.2305091619491577,7600
-34.240998409999996,101,4452,89.83,0.05,1300,132032,0.0003,1.157616138458252,7626
-34.07769509,101,4456,91.48,0.05,1300,132436,0.0003,0.7623500823974609,7652
-33.68925136,102,4460,92.19,0.05,1301,132916,0.0003,0.97784024477005,7682
-33.39419954,102,4464,93.63,0.05,1301,133200,0.0003,0.7652069330215454,7699
-33.29310299000001,102,4468,92.33,0.05,1302,133676,0.0003,0.3762695789337158,7729
-33.53813046,102,4472,93.4,0.05,1303,134260,0.0003,1.5598300695419312,7766
-34.59479528,103,4476,95.17,0.05,1303,134580,0.0003,1.1496248245239258,7786
-34.31540626999999,103,4480,95.59,0.05,1304,134868,0.0003,1.4296973943710327,7804
-34.110706019999995,104,4484,94.99,0.05,1289,135240,0.0003,0.5797420144081116,7827
-34.03400941999999,105,4488,95.36,0.05,1290,135496,0.0003,0.6733443737030029,7843
-33.01514246,105,4492,96.68,0.05,1291,135868,0.0003,2.448901414871216,7866
-31.581595629999995,105,4496,98.47,0.05,1291,136264,0.0003,1.1583055257797241,7891
-31.91269537,105,4500,99.81,0.05,1292,136912,0.0003,0.9484201073646545,7931
-31.79240388,106,4504,103.29,0.05,1293,137308,0.0003,0.5736673474311829,7956
-30.61459535,106,4508,103.32,0.05,1294,137760,0.0003,0.8381997346878052,7984
-31.333658919999994,106,4512,103.94,0.05,1294,138208,0.0003,1.0321897268295288,8012
-30.988261950000002,107,4516,104.98,0.05,1295,138768,0.0003,0.5474313497543335,8047
-30.47336984,107,4520,106.15,0.05,1296,138988,0.0003,0.925762951374054,8061
-30.54148565,107,4524,101.91,0.05,1297,139672,0.0003,0.980651319026947,8104
-30.612301579999997,107,4528,101.63,0.05,1297,140008,0.0003,0.6026817560195923,8125
-31.470432619999997,108,4532,103.35,0.05,1298,140380,0.0003,0.43639978766441345,8148
-30.48275925,108,4536,102.61,0.05,1298,140852,0.0003,0.9710525870323181,8178
-28.346773970000005,108,4540,104.96,0.05,1299,141228,0.0003,1.1733378171920776,8201
-27.39780155,109,4544,106.27,0.05,1299,141684,0.0003,1.287615418434143,8230
-25.789062460000004,109,4548,105.89,0.05,1300,142244,0.0003,1.5804873704910278,8265
-25.84495122,109,4552,108.31,0.05,1301,142800,0.0003,1.4067714214324951,8299
-25.392916339999996,109,4556,105.37,0.05,1301,142940,0.0003,0.8003618121147156,8308
-26.288774189999994,110,4560,107.7,0.05,1302,143680,0.0003,1.4199836254119873,8354
-26.86267007,110,4564,107.62,0.05,1303,144104,0.0003,0.8318052887916565,8381
-26.701859949999992,110,4568,107.56,0.05,1304,144660,0.0003,1.03220796585083,8416
-25.862455889999996,111,4572,108.85,0.05,1304,144996,0.0003,2.924919843673706,8437
-25.287161899999997,111,4576,106.99,0.05,1304,145388,0.0003,0.822907567024231,8461
-23.443171890000002,111,4580,107.06,0.05,1305,145884,0.0003,1.2754329442977905,8492
-21.24542049,112,4584,111.25,0.05,1305,146300,0.0003,2.187565803527832,8518
-21.02750149,112,4588,113.21,0.05,1306,146948,0.0003,0.7785741686820984,8559
-21.306872220000006,112,4592,115.5,0.05,1307,147428,0.0003,0.6837170720100403,8589
-22.695310019999997,113,4596,117.33,0.05,1308,147992,0.0003,0.8285475373268127,8624
-21.729832359999993,113,4600,118.55,0.05,1309,148544,0.0003,0.37753400206565857,8658
-20.481698969999997,113,4604,115.34,0.05,1309,148716,0.0003,1.6110823154449463,8669
-20.564387959999998,114,4608,115.94,0.05,1309,149408,0.0003,0.5711262822151184,8712
-20.209308449999998,114,4612,116.04,0.05,1309,149848,0.0003,1.3964054584503174,8740
-19.39444938,116,4616,116.08,0.05,1291,150244,0.0003,1.1616122722625732,8765
-18.35870504,116,4620,114.92,0.05,1291,150588,0.0003,1.7546851634979248,8786
-18.27466067,116,4624,116.44,0.05,1291,150960,0.0003,0.855706512928009,8809
-18.613357219999997,117,4628,114.14,0.05,1291,151380,0.0003,0.5748006701469421,8836
-18.45992428,117,4632,111.91,0.05,1291,151696,0.0003,0.6705145239830017,8855
-19.523536439999997,117,4636,116.47,0.05,1291,152332,0.0003,1.4907128810882568,8895
-20.17770413,118,4640,114.92,0.05,1291,152684,0.0003,0.7739003896713257,8917
-19.55823048,118,4644,114.38,0.05,1291,153148,0.0003,0.8818731307983398,8946
-20.0635077,118,4648,114.04,0.05,1291,153716,0.0003,1.0401341915130615,8982
-19.60811507,119,4652,115.95,0.05,1292,154496,0.0003,1.2171320915222168,9030
-20.08661859,119,4656,117.15,0.05,1292,154740,0.0003,1.6241384744644165,9046
-19.82352034,120,4660,114.58,0.05,1293,155300,0.0003,0.9498891234397888,9081
-17.493599619999998,120,4664,115.35,0.05,1293,155776,0.0003,1.0685515403747559,9110
-17.154367979999996,120,4668,114.91,0.05,1293,155920,0.0003,1.5023939609527588,9119
-17.678690629999995,121,4672,113.05,0.05,1294,156648,0.0003,1.0758094787597656,9165
-16.86469498,121,4676,116.89,0.05,1295,157276,0.0003,0.6010336875915527,9204
-18.37776408,121,4680,120.95,0.05,1295,157804,0.0003,0.9619091153144836,9237
-19.87705994,121,4684,117.3,0.05,1295,158032,0.0003,1.0118149518966675,9251
-19.534489819999997,122,4688,116.9,0.05,1296,158720,0.0003,0.6662535667419434,9294
-20.059264719999998,122,4692,117.67,0.05,1296,159144,0.0003,1.7075865268707275,9321
-19.30424749,123,4696,116.89,0.05,1296,159576,0.0003,0.624988853931427,9348
-20.07836447,123,4700,115.86,0.05,1296,160036,0.0003,1.8558871746063232,9377
-20.973042810000006,123,4704,116.08,0.05,1297,160300,0.0003,1.1882715225219727,9393
-21.511626999999994,123,4708,116.78,0.05,1297,160856,0.0003,0.9614410400390625,9428
-21.26407821,124,4712,116.58,0.05,1298,161296,0.0003,1.3154232501983643,9455
-18.869488460000003,124,4716,116.27,0.05,1299,161868,0.0003,0.9312882423400879,9491
-19.78114068,124,4720,116.77,0.05,1299,162388,0.0003,0.49181345105171204,9524
-19.93044462,125,4724,118.16,0.05,1300,162956,0.0003,1.222751498222351,9559
-20.062350119999998,125,4728,119.27,0.05,1300,163196,0.0003,1.2180371284484863,9574
-20.896744310000003,125,4732,120.99,0.05,1301,163808,0.0003,1.5865625143051147,9612
-19.789856089999997,125,4736,117.39,0.05,1301,163932,0.0003,1.1728320121765137,9620
-20.18805179,126,4740,116.68,0.05,1302,164444,0.0003,1.0663402080535889,9652
-20.65636276,126,4744,116.19,0.05,1302,164856,0.0003,1.1066312789916992,9678
-20.30602505,126,4748,114.54,0.05,1303,164996,0.0003,1.784631609916687,9687
-20.05834129,128,4752,109.21,0.05,1286,165252,0.0003,0.21308383345603943,9703
-19.11075099,128,4756,109.02,0.05,1287,165700,0.0003,1.7977912425994873,9731
-18.268953269999997,128,4760,109.44,0.05,1287,166084,0.0003,1.7510571479797363,9755
-19.47562238,129,4764,107.41,0.05,1288,166416,0.0003,1.5470116138458252,9775
-19.08256782,129,4768,108.67,0.05,1289,166952,0.0003,1.1437468528747559,9809
-18.472924740000003,129,4772,110.6,0.05,1289,167588,0.0003,0.620659589767456,9849
-19.957528300000007,130,4776,108.83,0.05,1290,168068,0.0003,1.9031555652618408,9879
-19.697168910000002,130,4780,103.28,0.05,1290,168176,0.0003,2.3496944904327393,9885
-19.871391520000003,130,4784,104.81,0.05,1291,168516,0.0003,1.328462839126587,9907
-19.59910965,130,4788,103.22,0.05,1291,169048,0.0003,0.6600477695465088,9940
-19.15710196,131,4792,102.58,0.05,1292,169660,0.0003,0.9273011088371277,9978
-20.1561917,131,4796,104.36,0.05,1293,170048,0.0003,1.7599914073944092,10002
-20.85952542,131,4800,102.97,0.05,1293,170428,0.0003,1.3465884923934937,10026
-19.8639999,132,4804,104.37,0.05,1293,171048,0.0003,1.9629135131835938,10065
-19.917542030000003,132,4808,105.28,0.05,1294,171276,0.0003,1.581629753112793,10079
-19.254283400000006,132,4812,102.78,0.05,1294,171824,0.0003,1.0395904779434204,10113
-21.79307371000001,133,4816,104.25,0.05,1294,172232,0.0003,0.8666344285011292,10139
-22.3033129,133,4820,104.07,0.05,1294,172584,0.0003,0.810472309589386,10161
-21.914566230000002,133,4824,102.45,0.05,1294,173048,0.0003,2.2895312309265137,10190
-22.21203891,134,4828,101.89,0.05,1294,173592,0.0003,1.6161160469055176,10224
-21.915879670000002,134,4832,102.69,0.05,1294,173920,0.0003,1.1918448209762573,10244
-22.55769609,134,4836,101.73,0.05,1294,174196,0.0003,1.4773200750350952,10262
-21.463549899999997,134,4840,103.16,0.05,1294,174560,0.0003,1.5414701700210571,10284
-20.145682299999997,135,4844,102.44,0.05,1295,175144,0.0003,0.5151305198669434,10321
-20.54239638,135,4848,105.44,0.05,1295,175604,0.0003,1.2139369249343872,10350
-21.2593287,135,4852,109.38,0.05,1295,176188,0.0003,0.8314366936683655,10386
-22.270079510000002,136,4856,109.76,0.05,1295,176712,0.0003,0.903049886226654,10419
-22.704870969999998,136,4860,110.22,0.05,1295,177040,0.0003,0.49185439944267273,10439
-22.90391631,137,4864,110.91,0.05,1295,177792,0.0003,1.1562286615371704,10486
-23.642818119999998,137,4868,113.97,0.05,1296,178344,0.0003,1.4659168720245361,10521
-23.492036860000002,137,4872,112.28,0.05,1296,178744,0.0003,1.1854678392410278,10546
-19.531613470000003,138,4876,111.95,0.05,1296,179176,0.0003,0.4955875277519226,10573
-17.6095577,138,4880,115.93,0.05,1296,179624,0.0003,1.5156400203704834,10601
-17.54855087,140,4884,114.55,0.05,1284,180036,0.0003,0.5133492946624756,10627
-18.19725316,140,4888,116.26,0.05,1284,180424,0.0003,0.5917180776596069,10651
-18.321457950000003,140,4892,114.65,0.05,1285,180908,0.0003,0.755079984664917,10681
-16.556487129999997,140,4896,112.61,0.05,1285,181172,0.0003,2.417572498321533,10698
-14.80576798,141,4900,112.72,0.05,1285,181684,0.0003,1.6566188335418701,10730
-15.78472439,141,4904,110.51,0.05,1285,181852,0.0003,2.0281057357788086,10740
-15.32282442,141,4908,108.79,0.05,1286,182296,0.0003,1.9863728284835815,10768
-16.275868150000004,141,4912,110.26,0.05,1286,182640,0.0003,1.34369695186615,10789
-16.97623874,142,4916,106.59,0.05,1286,182784,0.0003,1.1651853322982788,10798
-15.73592044,142,4920,104.58,0.05,1286,183272,0.0003,0.7661475539207458,10829
-16.444848829999998,142,4924,105.71,0.05,1286,183728,0.0003,1.2826333045959473,10857
-16.643767999999998,142,4928,106.46,0.05,1286,183948,0.0003,1.2199633121490479,10871
-15.59750266,143,4932,103.13,0.05,1286,184100,0.0003,0.666197657585144,10881
-14.11451447,143,4936,103.81,0.05,1286,184796,0.0003,1.712170124053955,10924
-15.99633772,143,4940,105.78,0.05,1287,185248,0.0003,0.9387959241867065,10952
-17.00459657,144,4944,105.38,0.05,1287,185544,0.0003,1.073979139328003,10971
-16.245358319999998,144,4948,104.87,0.05,1287,186028,0.0003,1.157851219177246,11001
-16.01096545,145,4952,104.47,0.05,1287,186856,0.0003,0.790463924407959,11053
-16.35464498,145,4956,105.09,0.05,1288,187228,0.0003,1.586262583732605,11076
-16.147343589999995,145,4960,104.62,0.05,1288,187596,0.0003,0.5619122982025146,11099
-15.164121429999998,145,4964,106.35,0.05,1288,188128,0.0003,1.4034720659255981,11132
-14.99628329,146,4968,103.61,0.05,1288,188564,0.0003,1.7855950593948364,11160
-12.994168680000003,146,4972,103.23,0.05,1288,188964,0.0003,0.2091965675354004,11185
-16.315484100000003,146,4976,101.79,0.05,1288,189148,0.0003,1.1593444347381592,11196
-16.97957697,147,4980,98.28,0.05,1289,189672,0.0003,2.0035340785980225,11229
-17.685691589999998,147,4984,99.93,0.05,1289,189928,0.0003,2.5206241607666016,11245
-17.384139630000004,147,4988,98.82,0.05,1289,190416,0.0003,1.2904855012893677,11275
-17.72486476,148,4992,99.75,0.05,1289,190908,0.0003,1.4774571657180786,11306
-18.67701468,148,4996,98.92,0.05,1289,191148,0.0003,1.5390090942382812,11321
-19.17680263,148,5000,100.81,0.05,1289,191844,0.0003,1.1192033290863037,11365
-18.957592679999998,148,5004,102.67,0.05,1290,192196,0.0003,1.1156476736068726,11387
-19.893292369999998,149,5008,101.82,0.05,1290,192384,0.0003,0.7211055159568787,11398
-16.763940339999998,149,5012,102.07,0.05,1290,192808,0.0003,1.952779769897461,11425
-15.678807990000003,149,5016,104.23,0.05,1290,193428,0.0003,1.2319873571395874,11464
-16.752979840000002,150,5020,107.19,0.05,1290,193828,0.0003,0.6110920310020447,11489
-15.64109019,150,5024,103.83,0.05,1290,194064,0.0003,1.4527506828308105,11503
-14.7656618,150,5028,103.55,0.05,1290,194356,0.0003,0.5446152687072754,11522
-15.257937279999997,150,5032,104.27,0.05,1290,194600,0.0003,1.1862387657165527,11537
-16.914515530000003,152,5036,103.57,0.05,1282,195032,0.0003,1.3130661249160767,11564
-15.60197936,152,5040,103.21,0.05,1282,195508,0.0003,0.5338866710662842,11594
-17.031545170000005,152,5044,106.83,0.05,1282,196168,0.0003,2.480659246444702,11635
-17.50162212,153,5048,104.26,0.05,1283,196468,0.0003,0.2931452989578247,11654
-16.575714329999997,153,5052,101.65,0.05,1283,196836,0.0003,1.6728628873825073,11677
-14.96281309,153,5056,100.55,0.05,1283,197296,0.0003,1.3453450202941895,11705
-15.12181821,154,5060,100.31,0.05,1283,197744,0.0003,0.9767827391624451,11733
-16.33556983,154,5064,99.84,0.05,1283,198200,0.0003,1.1099387407302856,11762
-16.70313369,154,5068,99.94,0.05,1283,198500,0.0003,0.5406515598297119,11781
-20.147774990000002,154,5072,98.68,0.05,1284,198708,0.0003,1.266258716583252,11794
-19.33601962,155,5076,100.43,0.05,1284,199248,0.0003,1.2664275169372559,11827
-21.232844799999995,155,5080,102.37,0.05,1284,199700,0.0003,1.8216853141784668,11856
-21.00654415,155,5084,100.73,0.05,1284,200048,0.0003,2.118997812271118,11877
-20.88713419,156,5088,100.86,0.05,1285,200476,0.0003,0.7564833164215088,11904
-19.947756890000004,156,5092,100.38,0.05,1285,200980,0.0003,0.5133881568908691,11936
-20.47516548,156,5096,102.28,0.05,1285,201428,0.0003,0.7370572090148926,11964
-21.851469310000006,157,5100,102.08,0.05,1285,201928,0.0003,1.180898904800415,11995
-22.228512410000004,157,5104,101.05,0.05,1285,202224,0.0003,1.828598976135254,12013
-22.033641760000002,157,5108,101.57,0.05,1286,202508,0.0003,0.512840986251831,12031
-25.24974424,157,5112,101.89,0.05,1286,203176,0.0003,1.91994309425354,12073
-26.22624908,158,5116,101.63,0.05,1286,203524,0.0003,1.7826476097106934,12095
-25.49498973,158,5120,101.28,0.05,1286,203876,0.0003,1.704679250717163,12117
-25.030096550000003,158,5124,103.51,0.05,1286,204244,0.0003,1.8743436336517334,12140
-25.06846193,159,5128,105.96,0.05,1287,204960,0.0003,1.4217755794525146,12184
-24.945482430000002,159,5132,106.88,0.05,1287,205484,0.0003,1.056239128112793,12217
-24.487506719999995,159,5136,107.36,0.05,1287,205724,0.0003,0.7775347828865051,12232
-25.659898159999997,160,5140,106.27,0.05,1287,206156,0.0003,0.596136748790741,12259
-24.886683379999994,160,5144,102.93,0.05,1287,206680,0.0003,1.1803823709487915,12292
-24.303062689999997,160,5148,105.92,0.05,1287,207156,0.0003,1.5585614442825317,12322
-25.864359089999997,161,5152,107.27,0.05,1288,207500,0.0003,2.288727283477783,12343
-26.481859260000007,161,5156,106.12,0.05,1288,207912,0.0003,1.6467256546020508,12369
-26.56321334,161,5160,106.79,0.05,1288,208324,0.0003,0.8870967030525208,12395
-26.08684952,161,5164,105.6,0.05,1288,208684,0.0003,1.1767091751098633,12417
-24.608878829999995,162,5168,104.13,0.05,1288,208828,0.0003,0.2124476134777069,12426
-21.023155679999995,162,5172,104.64,0.05,1289,209268,0.0003,3.954481840133667,12454
-22.291169549999996,162,5176,105.66,0.05,1289,209840,0.0003,1.1826838254928589,12489
-22.1659325,164,5180,106.01,0.05,1279,210268,0.0003,1.0541040897369385,12516
-21.57138454,164,5184,105.99,0.05,1279,210716,0.0003,2.3340847492218018,12544
-20.482414539999994,164,5188,106.23,0.05,1280,211272,0.0003,1.49164879322052,12579
-22.13516593,165,5192,110.04,0.05,1281,211848,0.0003,0.8670294284820557,12615
-22.005339029999995,165,5196,111.46,0.05,1282,212648,0.0003,2.6115145683288574,12665
-20.836766499999996,166,5200,110.43,0.05,1282,212936,0.0003,0.8124076128005981,12683
-17.8495435,166,5204,112.46,0.05,1282,213496,0.0003,0.9096224308013916,12718
-16.50160597,166,5208,112.48,0.05,1283,213704,0.0003,1.3549786806106567,12731
-15.931004959999997,166,5212,109.83,0.05,1283,214332,0.0003,1.3772095441818237,12770
-15.41811229,167,5216,111.38,0.05,1284,214940,0.0003,0.2594872713088989,12808
-16.45327897,167,5220,115.74,0.05,1285,215520,0.0003,0.8797035217285156,12844
-16.47638899,168,5224,118.87,0.05,1285,216364,0.0003,0.9231881499290466,12897
-16.089005540000002,168,5228,118.59,0.05,1286,217092,0.0003,0.487921804189682,12943
-14.55210482,169,5232,123.48,0.05,1287,218004,0.0003,1.0760037899017334,13000
-13.008204270000004,169,5236,126.38,0.05,1287,218396,0.0003,1.2467726469039917,13024
-12.27453155,169,5240,125.65,0.05,1288,218696,0.0003,1.39165198802948,13043
-11.512020009999999,170,5244,127.81,0.05,1288,219284,0.0003,2.021926164627075,13080
-12.011465680000004,170,5248,124.86,0.05,1288,219488,0.0003,0.5168774724006653,13092
-10.432485980000001,170,5252,124.81,0.05,1289,220228,0.0003,1.2620705366134644,13139
-8.881388190000001,171,5256,127.44,0.05,1289,220672,0.0003,0.4591221511363983,13166
-8.556960780000002,171,5260,127.79,0.05,1290,221032,0.0003,0.2618978023529053,13189
-7.21774089,171,5264,128.0,0.05,1290,221404,0.0003,0.6477962136268616,13212
-7.3651136500000005,172,5268,128.55,0.05,1291,222192,0.0003,1.6854228973388672,13261
-10.256672039999998,172,5272,132.13,0.05,1291,222432,0.0003,2.2675929069519043,13276
-9.50833205,172,5276,130.27,0.05,1292,223112,0.0003,1.265222191810608,13319
-9.3174709,172,5280,132.16,0.05,1293,223680,0.0003,0.8148880004882812,13354
-10.42271443,173,5284,133.32,0.05,1293,224068,0.0003,1.969400405883789,13379
-10.421926880000001,173,5288,135.01,0.05,1293,224528,0.0003,1.2065693140029907,13407
-8.43272945,175,5292,131.63,0.05,1284,225152,0.0003,1.1485731601715088,13446
-5.104621359999999,175,5296,129.11,0.05,1284,225748,0.0003,1.158361792564392,13484
-5.2989086699999985,175,5300,131.29,0.05,1285,226132,0.0003,0.6565298438072205,13508
-8.03918923,176,5304,130.9,0.05,1285,226556,0.0003,1.7752888202667236,13534
-8.838821609999998,176,5308,131.82,0.05,1286,227188,0.0003,0.5968213081359863,13574
-5.013064759999999,176,5312,134.29,0.05,1286,227568,0.0003,1.5900959968566895,13597
-4.582559839999998,177,5316,131.84,0.05,1286,227972,0.0003,0.30777689814567566,13623
-2.538926429999999,177,5320,129.82,0.05,1287,228600,0.0003,0.5481957197189331,13662
-2.9056386699999996,177,5324,129.94,0.05,1288,229248,0.0003,0.7595478296279907,13702
-3.3296617999999993,178,5328,126.03,0.05,1288,229760,0.0003,1.2108229398727417,13734
-5.33470898,178,5332,123.65,0.05,1288,229960,0.0003,1.614525556564331,13747
-6.12918106,178,5336,122.73,0.05,1289,230628,0.0003,1.5778944492340088,13789
-5.51883058,179,5340,126.08,0.05,1290,231460,0.0003,1.264047622680664,13841
-6.466735740000001,180,5344,128.5,0.05,1290,232408,0.0003,1.9923779964447021,13900
-6.3086081,180,5348,131.01,0.05,1290,232784,0.0003,1.6732393503189087,13923
-6.81959136,180,5352,133.63,0.05,1290,233540,0.0003,1.9280366897583008,13971
-8.395150250000002,181,5356,137.17,0.05,1291,234584,0.0003,0.6474853157997131,14036
-7.0187902000000015,181,5360,136.46,0.05,1291,234868,0.0003,0.9878031611442566,14054
-8.654048670000002,182,5364,138.81,0.05,1291,235508,0.0003,1.0405261516571045,14094
-9.19703983,182,5368,141.42,0.05,1291,236192,0.0003,1.7598161697387695,14136
-8.4682702,183,5372,140.56,0.05,1291,236788,0.0003,0.651211142539978,14174
-8.47331458,183,5376,143.37,0.05,1292,237480,0.0003,1.1814993619918823,14217
-6.89636923,184,5380,143.35,0.05,1292,237928,0.0003,1.7376081943511963,14245
-1.7023169900000013,184,5384,146.64,0.05,1292,238832,0.0003,0.4070929288864136,14301
-2.996929060000002,185,5388,149.91,0.05,1292,239844,0.0003,0.3125492334365845,14365
-4.01296125,187,5392,148.9,0.05,1279,240184,0.0003,1.1960376501083374,14386
-7.222245450000002,188,5396,153.64,0.05,1279,241300,0.0003,0.47851136326789856,14456
-7.184417110000001,188,5400,157.09,0.05,1279,241880,0.0003,0.36658090353012085,14492
-6.687672109999999,189,5404,155.96,0.05,1280,242264,0.0003,1.5663150548934937,14516
-6.020389789999999,189,5408,155.34,0.05,1280,242500,0.0003,0.4949052035808563,14531
-7.5121394399999994,189,5412,155.23,0.05,1280,243044,0.0003,0.8198066353797913,14565
-6.8834310599999995,190,5416,157.77,0.05,1280,243780,0.0003,0.6002477407455444,14611
-6.558155549999999,190,5420,160.45,0.05,1281,244624,0.0003,0.3492285907268524,14663
-7.41253505,191,5424,161.25,0.05,1281,245488,0.0003,0.4086909592151642,14717
-7.62805208,191,5428,165.49,0.05,1281,245968,0.0003,0.6230690479278564,14747
-6.421799769999998,192,5432,162.55,0.05,1281,246564,0.0003,0.6227021217346191,14785
-6.261572719999999,192,5436,164.08,0.05,1282,247296,0.0003,1.8173682689666748,14830
-6.282152049999999,193,5440,161.87,0.05,1282,247644,0.0003,0.517273485660553,14852
-5.47631718,193,5444,161.85,0.05,1282,248500,0.0003,1.4502511024475098,14906
-6.909359530000001,194,5448,163.55,0.05,1283,249236,0.0003,0.4889528751373291,14952
-5.10023558,194,5452,163.89,0.05,1283,249696,0.0003,1.096143126487732,14980
-5.284995769999999,195,5456,160.14,0.05,1283,250544,0.0003,1.0458722114562988,15033
-6.4414432800000005,195,5460,161.74,0.05,1283,250876,0.0003,1.281599760055542,15054
-7.1685915,195,5464,161.73,0.05,1284,251648,0.0003,1.5181169509887695,15102
-6.970369179999999,196,5468,160.39,0.05,1284,252012,0.0003,2.2192978858947754,15125
-6.906079049999999,196,5472,157.02,0.05,1284,252428,0.0003,0.5560727119445801,15151
-7.037978669999998,196,5476,155.85,0.05,1284,252968,0.0003,1.1439839601516724,15185
-8.11831224,197,5480,153.66,0.05,1284,253320,0.0003,0.9205948114395142,15207
-10.147811059999999,197,5484,151.92,0.05,1284,253956,0.0003,0.24116204679012299,15247
-9.88335591,197,5488,144.74,0.05,1285,254156,0.0003,0.9198007583618164,15259
-9.774016490000001,198,5492,144.36,0.05,1285,254488,0.0003,1.3095887899398804,15280
-9.112136029999998,200,5496,141.55,0.05,1272,255296,0.0003,0.727411150932312,15330
-8.80826257,200,5500,137.12,0.05,1272,255580,0.0003,1.566631555557251,15348
-8.673031409999998,201,5504,141.1,0.05,1272,256620,0.0003,0.8847600221633911,15413
-7.8415879,202,5508,144.27,0.05,1273,257420,0.0003,0.18558800220489502,15463
-10.6351051,202,5512,149.08,0.05,1273,258248,0.0003,0.2863328754901886,15515
-10.79045462,203,5516,151.63,0.05,1273,258708,0.0003,0.5223703980445862,15544
-11.576528260000002,203,5520,150.09,0.05,1274,259600,0.0003,1.0541841983795166,15599
-8.66088846,204,5524,150.16,0.05,1274,260404,0.0003,1.1883183717727661,15650
-7.6068750299999985,204,5528,148.48,0.05,1274,260808,0.0003,0.9704408049583435,15675
-9.121597679999999,205,5532,150.32,0.05,1274,261556,0.0003,1.5863604545593262,15722
-8.041618999999999,205,5536,149.99,0.05,1275,262076,0.0003,0.7228842973709106,15754
-6.328395079999999,206,5540,153.1,0.05,1275,263048,0.0003,0.8152176141738892,15815
-6.60466729,206,5544,150.46,0.05,1275,263496,0.0003,1.131041169166565,15843
-5.3111125,206,5548,147.71,0.05,1276,263920,0.0003,0.9765331745147705,15869
-6.668076930000002,207,5552,144.44,0.05,1276,264240,0.0003,1.9707432985305786,15889
-5.716091480000001,207,5556,142.36,0.05,1276,264596,0.0003,0.5744466185569763,15912
-6.0178600399999995,207,5560,141.34,0.05,1276,265244,0.0003,0.695307731628418,15952
-5.147736009999997,208,5564,139.89,0.05,1276,265624,0.0003,0.8848191499710083,15976
-4.899837179999999,208,5568,141.93,0.05,1277,266620,0.0003,0.2686876654624939,16038
-4.730843449999999,209,5572,147.09,0.05,1277,267012,0.0003,0.3219648599624634,16063
-4.011307439999999,209,5576,147.63,0.05,1277,267612,0.0003,1.4434421062469482,16100
-3.23405057,210,5580,148.33,0.05,1277,268328,0.0003,0.7767553329467773,16145
-4.8200347699999995,210,5584,147.54,0.05,1277,268756,0.0003,1.968564510345459,16172
-2.989781589999999,210,5588,150.75,0.05,1278,269304,0.0003,0.23281332850456238,16206
-3.000965889999999,210,5592,150.27,0.05,1278,269568,0.0003,0.4941522479057312,16222
-3.4245607799999993,211,5596,147.22,0.05,1278,269760,0.0003,0.4789161682128906,16234
-3.068348639999999,213,5600,147.92,0.05,1266,270396,0.0003,0.5975853800773621,16274
-2.5945142,213,5604,145.94,0.05,1266,270984,0.0003,0.5843237638473511,16311
-1.0284828899999996,214,5608,144.73,0.05,1266,271600,0.0003,0.27995458245277405,16349
1.4620022500000003,214,5612,141.68,0.05,1267,272288,0.0003,0.173162043094635,16392
-0.12636631000000004,215,5616,141.58,0.05,1267,273116,0.0003,0.883993923664093,16444
-1.2076723399999998,216,5620,140.42,0.05,1267,273828,0.0003,1.7883862257003784,16489
-3.98935086,216,5624,141.97,0.05,1267,274496,0.0003,0.8488591313362122,16530
-3.9575432300000006,216,5628,142.11,0.05,1268,275176,0.0003,0.6114515066146851,16573
-1.9866511,217,5632,143.73,0.05,1268,275816,0.0003,1.1295626163482666,16613
-3.3191764699999995,217,5636,141.96,0.05,1268,276228,0.0003,0.5267456769943237,16639
-3.8868050799999994,218,5640,139.42,0.05,1269,276836,0.0003,0.6112834215164185,16677
-3.2877618299999996,218,5644,139.96,0.05,1269,277760,0.0003,0.6283571720123291,16734
-3.3930697000000003,219,5648,143.55,0.05,1269,278196,0.0003,2.6691102981567383,16762
-3.2815330899999986,219,5652,143.76,0.05,1269,278744,0.0003,0.8630921840667725,16796
-4.576819899999999,220,5656,147.19,0.05,1270,279448,0.0003,0.22163382172584534,16840
-3.6221758399999997,220,5660,149.97,0.05,1270,279944,0.0003,3.2594141960144043,16871
-3.2017547299999993,220,5664,149.83,0.05,1270,280604,0.0003,0.8487632870674133,16912
-4.2119465599999995,221,5668,147.67,0.05,1270,281076,0.0003,1.2606958150863647,16942
-4.29618146,221,5672,149.45,0.05,1271,281864,0.0003,0.21243268251419067,16991
-4.92333501,222,5676,150.08,0.05,1271,282680,0.0003,0.24278029799461365,17042
-5.65819424,222,5680,147.52,0.05,1271,282944,0.0003,1.2276972532272339,17058
-6.14582535,222,5684,147.6,0.05,1271,283552,0.0003,0.5270764827728271,17096
-6.978619230000001,223,5688,147.32,0.05,1271,283828,0.0003,0.23630651831626892,17114
-6.11129137,223,5692,146.67,0.05,1272,284364,0.0003,0.24644456803798676,17147
-6.132018260000001,225,5696,152.14,0.05,1263,285408,0.0003,0.8729977607727051,17212
-6.9879369900000015,226,5700,156.06,0.05,1263,286012,0.0003,0.5045930743217468,17250
-6.586483660000002,226,5704,155.89,0.05,1263,286640,0.0003,0.6097362041473389,17289
-9.736511290000003,227,5708,156.75,0.05,1263,287356,0.0003,1.7259767055511475,17334
-10.85176242,227,5712,156.81,0.05,1264,287860,0.0003,0.20189614593982697,17366
-9.79409342,228,5716,157.03,0.05,1264,288792,0.0003,1.2868883609771729,17424
-9.54208041,228,5720,156.21,0.05,1264,289416,0.0003,0.8645125031471252,17463
-9.61449596,229,5724,157.7,0.05,1264,290356,0.0003,0.6350980401039124,17522
-10.33143945,229,5728,152.86,0.05,1264,290412,0.0003,1.0247037410736084,17525
-11.659208430000003,230,5732,155.65,0.05,1265,291428,0.0003,0.8516238331794739,17589
-12.059126659999999,230,5736,157.04,0.05,1265,292256,0.0003,1.4510666131973267,17640
-13.18684197,231,5740,159.21,0.05,1265,292876,0.0003,0.6559855937957764,17679
-13.657733010000001,232,5744,161.93,0.05,1266,293920,0.0003,0.9133909344673157,17744
-13.684655699999999,232,5748,161.38,0.05,1266,294364,0.0003,0.19397497177124023,17772
-13.863876399999999,233,5752,164.73,0.05,1266,295168,0.0003,1.7461152076721191,17822
-13.40921404,233,5756,161.17,0.05,1266,295388,0.0003,0.7821863889694214,17836
-14.33642647,233,5760,160.39,0.05,1267,296336,0.0003,1.5480828285217285,17895
-14.69543144,234,5764,162.34,0.05,1267,296856,0.0003,1.028586745262146,17928
-14.24960882,234,5768,164.21,0.05,1267,297388,0.0003,0.639186680316925,17961
-14.95689101,235,5772,162.31,0.05,1267,298272,0.0003,0.8795287609100342,18016
-15.233421320000001,235,5776,163.31,0.05,1267,299124,0.0003,0.2890583276748657,18070
-16.08663368,236,5780,166.36,0.05,1268,299596,0.0003,0.298532098531723,18099
